key,tri,yy,player_id,player,u,Lcos,Lfrob
ATL_22,ATL,22,1626163,F. Kaminsky,0.006269592476489028,0.001508183401665919,40.67626513767633
ATL_22,ATL,22,1627749,D. Murray,0.16764890282131661,0.010706957909716097,92.22587497086802
ATL_22,ATL,22,1628381,J. Collins,0.09341692789968652,0.00492027985539123,84.88201318325237
ATL_22,ATL,22,1628988,A. Holiday,0.027836990595611285,0.0008648705742956286,20.285621170821216
ATL_22,ATL,22,1629027,T. Young,0.22783699059561127,0.07088666290647738,208.48801984617032
ATL_22,ATL,22,1629631,D. Hunter,0.10921630094043887,0.013156891456466147,76.50987919980672
ATL_22,ATL,22,1630168,O. Okongwu,0.06006269592476489,0.006668457806156325,54.150361277581695
ATL_22,ATL,22,1630180,S. Bey,0.02658307210031348,0.0017993170953491955,28.88363779561327
ATL_22,ATL,22,1630235,T. Forrest,0.008275862068965517,0.0033471927963141246,50.23777778406326
ATL_22,ATL,22,1630552,J. Johnson,0.04188087774294671,0.00493886809148214,46.416522073005694
ATL_22,ATL,22,1631100,A. Griffin,0.06532915360501568,0.0023907735713025735,43.99717021542242
ATL_22,ATL,22,203200,J. Holiday,0.014921630094043887,0.004262937898529384,55.89354516178474
ATL_22,ATL,22,203991,C. Capela,0.055047021943573665,0.021732825529354738,172.5735649509832
ATL_22,ATL,22,203992,B. Bogdanović,0.07623824451410659,0.004507701534369191,46.29071697469633
BKN_22,BKN,22,1626220,R. O'Neale,0.0757169659608684,0.018053192500806725,113.38620480796317
BKN_22,BKN,22,1627732,B. Simmons,0.03564727954971857,0.0066361634975805606,79.29882788374319
BKN_22,BKN,22,1627827,D. Finney-Smith,0.024122219244170465,0.004646064245073744,57.62855091359599
BKN_22,BKN,22,1628410,E. Sumner,0.044224068614312516,0.003957345161465731,54.968185725428015
BKN_22,BKN,22,1628969,M. Bridges,0.0790672741892254,0.01010556472957902,83.55687087620977
BKN_22,BKN,22,1629139,Y. Watanabe,0.031626909675690165,0.004878951105500295,59.66248483056076
BKN_22,BKN,22,1629651,N. Claxton,0.08657196462074511,0.08452400268603233,259.10591256537424
BKN_22,BKN,22,1629661,C. Johnson,0.04489413025998392,0.004715594197166273,62.7369967809616
BKN_22,BKN,22,1630549,D. Sharpe,0.017555615116590727,0.004895554904120636,58.299832916608445
BKN_22,BKN,22,1630560,C. Thomas,0.07116054677030287,0.006918798476027832,70.0228532400765
BKN_22,BKN,22,1630561,D. Duke Jr.,0.010452961672473868,0.007641826737092461,73.23589799337174
BKN_22,BKN,22,201142,K. Durant,0.11471455373894399,0.019137143854796035,147.4218276958866
BKN_22,BKN,22,201988,P. Mills,0.02975073706781024,0.0031860539847441416,54.201740947515916
BKN_22,BKN,22,202681,K. Irving,0.11659072634682391,0.009019889766997635,79.97590113223774
BKN_22,BKN,22,202693,M. Morris,0.010452961672473868,0.003089661749931305,46.29791630478045
BKN_22,BKN,22,203552,S. Curry,0.0613776467435004,0.0036768624664019756,75.60065798472989
BKN_22,BKN,22,203915,S. Dinwiddie,0.05280085767890646,0.008412663766702577,79.10712513711105
BKN_22,BKN,22,203925,J. Harris,0.05682122755293487,0.007423119857792759,82.76751178668545
BKN_22,BKN,22,203933,T. Warren,0.027606539801661754,0.004194637205672813,55.066165450218584
BOS_22,BOS,22,1627759,J. Brown,0.19786302780638518,0.02332789783519207,79.00455100990808
BOS_22,BOS,22,1627763,M. Brogdon,0.10260041194644696,0.011137103990883634,58.32788516296102
BOS_22,BOS,22,1628369,J. Tatum,0.2336508753861998,0.009413166125130101,65.41622559207832
BOS_22,BOS,22,1628401,D. White,0.10839340885684862,0.0009081060100917249,19.559398998318194
BOS_22,BOS,22,1628436,L. Kornet,0.017636457260556127,0.008453011656014975,96.09873773632981
BOS_22,BOS,22,1629057,R. Williams III,0.016735324407826983,0.015915236993069848,114.59831582807858
BOS_22,BOS,22,1629684,G. Williams,0.06346549948506694,0.002217434710545696,51.263074915850304
BOS_22,BOS,22,1630202,P. Pritchard,0.029351184346035016,0.002420276026658841,27.450929491172033
BOS_22,BOS,22,1630573,S. Hauser,0.04814624098867147,0.010784448369775546,54.52354149824815
BOS_22,BOS,22,201143,A. Horford,0.058831101956745624,0.012765935134441353,67.81626636367744
BOS_22,BOS,22,201933,B. Griffin,0.017507723995880537,0.003888124013388783,34.50456607079376
BOS_22,BOS,22,203488,M. Muscala,0.01119979402677652,0.0007111411253130084,14.10018404737797
BOS_22,BOS,22,203935,M. Smart,0.08483522142121525,0.0008256250038896074,45.983180647220834
CHA_22,CHA,22,1626162,K. Oubre Jr.,0.11543918483167806,0.0026642607519252737,44.57228670005276
CHA_22,CHA,22,1626179,T. Rozier,0.1543918483167806,0.016480560002664957,93.78361504048469
CHA_22,CHA,22,1628372,D. Smith Jr.,0.06539404101638076,0.004009779903239252,67.26121036407928
CHA_22,CHA,22,1629004,S. Mykhailiuk,0.02115310202502257,0.0030574868507824426,63.5397504931989
CHA_22,CHA,22,1629023,P. Washington,0.13078808203276152,0.0029121961507091454,41.887260485037615
CHA_22,CHA,22,1629667,J. McDaniels,0.07003740487553205,0.00999238728989782,75.22441075265527
CHA_22,CHA,22,1630163,L. Ball,0.09131948922997549,0.009728827791649297,71.60060195289044
CHA_22,CHA,22,1630177,T. Maledon,0.03675996388494776,0.005082735375150138,54.27991176525895
CHA_22,CHA,22,1630208,N. Richards,0.036630981555526895,0.0053262002999949765,64.99485029655395
CHA_22,CHA,22,1630539,K. Jones,0.01573584418934606,0.00695755751213456,151.64791646106082
CHA_22,CHA,22,1630547,J. Bouknight,0.025925448213594736,0.0033365002031787716,110.3949085546134
CHA_22,CHA,22,1630550,J. Thor,0.030568812072746032,0.0035242064450892174,60.79564658092784
CHA_22,CHA,22,1631109,M. Williams,0.027473236166645168,0.007396119779513821,65.73223818688399
CHA_22,CHA,22,1631121,B. McGowens,0.031729653037533855,0.003738319221502584,55.68539726560339
CHA_22,CHA,22,202330,G. Hayward,0.08190377918225203,0.010115615050962923,101.47559247168438
CHA_22,CHA,22,203486,M. Plumlee,0.05701018960402425,0.01185610015590588,85.18277039338814
CHI_22,CHI,22,1627884,D. Jones Jr.,0.030470914127423823,0.024525157220422145,90.59393257352212
CHI_22,CHI,22,1627936,A. Caruso,0.03957261574990107,0.008868148418675337,49.44405521657187
CHI_22,CHI,22,1629632,C. White,0.08389394538979027,0.013909712962976495,72.37726824725516
CHI_22,CHI,22,1629750,J. Green,0.014509959108297058,0.006899957691144598,43.6304960604509
CHI_22,CHI,22,1630172,P. Williams,0.09035747262894077,0.004446815007846494,44.86242522108456
CHI_22,CHI,22,1630245,A. Dosunmu,0.0804643186914655,0.010926386810721112,67.04984609677678
CHI_22,CHI,22,1631207,D. Terry,0.009233610341643583,0.006732414156332633,43.980534938836584
CHI_22,CHI,22,201609,G. Dragic,0.043793694763223846,0.004275532578592145,37.78106686710431
CHI_22,CHI,22,201942,D. DeRozan,0.1937739084553489,0.11391245419198537,185.98453343090358
CHI_22,CHI,22,201976,P. Beverley,0.017675768368289144,0.004288704760162965,34.78556824376335
CHI_22,CHI,22,202696,N. Vučević,0.15617992349294288,0.038934569394752816,102.68396495738911
CHI_22,CHI,22,203083,A. Drummond,0.03099854900408917,0.04617530096759459,111.66716792101842
CHI_22,CHI,22,203897,Z. LaVine,0.20247988392032715,0.0393606206821111,104.20120393562263
CLE_22,CLE,22,1626224,C. Osman,0.073751840449739,0.007883331464086374,72.10681405783689
CLE_22,CLE,22,1627747,C. LeVert,0.10882077365814483,0.011695261116493105,116.16636823428813
CLE_22,CLE,22,1628378,D. Mitchell,0.20639807254718243,0.03962760844263935,199.76029794925566
CLE_22,CLE,22,1628386,J. Allen,0.08205059563646099,0.02476977054646312,125.78622936520257
CLE_22,CLE,22,1629603,M. Diakite,0.006692544505420961,0.0044933691915156615,45.61305535209623
CLE_22,CLE,22,1629636,D. Garland,0.16343193682237986,0.030462947001634544,146.72013039734625
CLE_22,CLE,22,1629731,D. Wade,0.022754651318431268,0.008918956849930715,83.86287308844969
CLE_22,CLE,22,1630171,I. Okoro,0.05206799625217508,0.005392766639413904,59.476520169566015
CLE_22,CLE,22,1630205,L. Stevens,0.040289117922634184,0.0020444712808195264,33.7458764928415
CLE_22,CLE,22,1630596,E. Mobley,0.139204925712756,0.014697382267978787,88.49902799433171
CLE_22,CLE,22,201567,K. Love,0.03774595101057422,0.00405871954380832,74.08815933035157
CLE_22,CLE,22,201577,R. Lopez,0.011109623878998795,0.002621876789473454,46.93319122650144
CLE_22,CLE,22,201937,R. Rubio,0.025297818230491233,0.00992587772900888,71.10205718538343
CLE_22,CLE,22,203526,R. Neto,0.018203721054745013,0.005880728728687168,61.94117908648849
DAL_22,DAL,22,1626174,C. Wood,0.12007555315704263,0.011789314626362901,203.227870236852
DAL_22,DAL,22,1627827,D. Finney-Smith,0.039665407447382624,0.010482185361386231,94.73315472777067
DAL_22,DAL,22,1628373,F. Ntilikina,0.01929303831624393,0.003565602260763967,49.44336237810899
DAL_22,DAL,22,1628467,M. Kleber,0.022800863464651915,0.0025208718851845724,64.84331369669906
DAL_22,DAL,22,1629029,L. Dončić,0.21627091203453858,0.10147527089880426,277.1240974496869
DAL_22,DAL,22,1629033,T. Pinson,0.012007555315704263,0.005563787725354041,64.3111639386067
DAL_22,DAL,22,1630182,J. Green,0.057609282245008095,0.0047033910269745904,60.20093100542285
DAL_22,DAL,22,1630593,M. Wright IV,0.01524554776038856,0.003987438313409641,63.6711422265947
DAL_22,DAL,22,1630702,J. Hardy,0.04776038855909336,0.008084054671774643,77.74291507144572
DAL_22,DAL,22,201580,J. McGee,0.018888289260658393,0.004148444841579613,55.14886578228726
DAL_22,DAL,22,202681,K. Irving,0.055990286022665946,0.023173006712229105,169.6304022565777
DAL_22,DAL,22,202689,K. Walker,0.009174311926605505,0.004258625508593239,64.33145080302637
DAL_22,DAL,22,202722,D. Bertans,0.020912034538586078,0.0037240600378304345,72.69855519673898
DAL_22,DAL,22,203200,J. Holiday,0.010793308148947653,0.00431621023776374,90.88523752822636
DAL_22,DAL,22,203493,R. Bullock Jr.,0.06314085267134377,0.004682396741773953,72.0945482343163
DAL_22,DAL,22,203501,T. Hardaway Jr.,0.11886130599028602,0.009951744843498367,88.21404721211547
DAL_22,DAL,22,203915,S. Dinwiddie,0.09713977334052887,0.01800360963068992,107.42532667915755
DAL_22,DAL,22,203939,D. Powell,0.04236373448461954,0.14631748278417378,312.43454073059905
DEN_22,DEN,22,1627750,J. Murray,0.1431615394859502,0.058472345888567534,115.36386449908206
DEN_22,DEN,22,1628418,T. Bryant,0.008922626181915035,0.004469712283944438,31.9598232247764
DEN_22,DEN,22,1628427,V. Čančar,0.031029431349047808,0.00830250519768283,40.16258465542091
DEN_22,DEN,22,1628432,D. Reed,0.011985617259288853,0.02820544776925593,82.29849553708246
DEN_22,DEN,22,1628971,B. Brown,0.10454121720601944,0.03239172360545739,79.79085435629025
DEN_22,DEN,22,1629008,M. Porter Jr.,0.10906911705952857,0.03755331175366505,86.12761378705389
DEN_22,DEN,22,1630192,Z. Nnaji,0.022373152217339192,0.015344435763877007,54.81664706871519
DEN_22,DEN,22,1630538,B. Hyland,0.058862698095618594,0.028728554980341325,77.40759337028462
DEN_22,DEN,22,1631128,C. Braun,0.03981888400585964,0.010096703080507918,45.01280600983228
DEN_22,DEN,22,1631212,P. Watson,0.007191370355573312,0.0066621711755103785,65.10461327502907
DEN_22,DEN,22,201145,J. Green,0.04727660141163936,0.006264851704803509,36.603062984810265
DEN_22,DEN,22,201599,D. Jordan,0.01558130243707551,0.013483452186074163,51.00575371134041
DEN_22,DEN,22,202397,I. Smith,0.017445731788520442,0.025565300494084897,91.58745303593479
DEN_22,DEN,22,202704,R. Jackson,0.016779864163004393,0.004521266436847471,31.07486269039093
DEN_22,DEN,22,203484,K. Caldwell-Pope,0.09921427620189106,0.0982748122958974,142.03462864802395
DEN_22,DEN,22,203932,A. Gordon,0.106805167132774,0.01923617267042832,79.23712504609011
DEN_22,DEN,22,203999,N. Jokić,0.15794380077240644,0.053365027750393756,101.43222741320403
DET_22,DET,22,1628963,M. Bagley III,0.04886676274073103,0.009388623916187777,62.551075527076385
DET_22,DET,22,1628977,H. Diallo,0.05384514607624787,0.009252954855696438,61.41283546071046
DET_22,DET,22,1628995,K. Knox II,0.02659504781868204,0.0034957703299954845,40.817422798255095
DET_22,DET,22,1630164,J. Wiseman,0.031573431154198875,0.007448529544032967,61.587323045197046
DET_22,DET,22,1630165,K. Hayes,0.11437180662911044,0.004376824671758595,43.861343556283735
DET_22,DET,22,1630180,S. Bey,0.0862046377571073,0.006564415257384382,74.54879291105061
DET_22,DET,22,1630181,R. Hampton,0.018472422376522992,0.003825627992099845,39.77881891710529
DET_22,DET,22,1630191,I. Stewart,0.06196777151840692,0.003421583338554357,49.26032217313253
DET_22,DET,22,1630587,I. Livers,0.03838595571859033,0.003963946515864958,48.998091822971865
DET_22,DET,22,1630595,C. Cunningham,0.028822219310886937,0.00258900991440536,41.019254557874774
DET_22,DET,22,1630647,E. Omoruyi,0.01886545263985327,0.006524825637095,53.920688818391376
DET_22,DET,22,1631093,J. Ivey,0.15197170182104022,0.011547389386994067,75.68199604600751
DET_22,DET,22,1631105,J. Duren,0.045853530721865585,0.2398630700210248,321.43102629898675
DET_22,DET,22,202692,A. Burks,0.06760120529280754,0.008209876354367984,58.358890129804045
DET_22,DET,22,202709,C. Joseph,0.04546050045853531,0.002016494804925495,29.73472618337342
DET_22,DET,22,202711,B. Bogdanović,0.12812786584567012,0.0041055650523902365,78.42198400977091
DET_22,DET,22,203585,R. McGruder,0.019520503078737064,0.004087644975083182,41.70778650500383
GSW_22,GSW,22,1626172,K. Looney,0.041295651051748615,0.1340584992271262,166.9751274284268
GSW_22,GSW,22,1628978,D. DiVincenzo,0.07058975351658278,0.010892668900800873,49.83038312101838
GSW_22,GSW,22,1629660,T. Jerome,0.03342366757000903,0.006255277536888482,38.22853547382824
GSW_22,GSW,22,1629673,J. Poole,0.18131371789908377,0.0448335849830096,93.72933479200107
GSW_22,GSW,22,1630164,J. Wiseman,0.013292037682281585,0.026359855064878146,69.48918677285896
GSW_22,GSW,22,1630228,J. Kuminga,0.06942831333075236,0.0026247216096892956,47.37054340116059
GSW_22,GSW,22,1630237,A. Lamb,0.0411666021422119,0.0035572979334218546,29.14056281458933
GSW_22,GSW,22,1630541,M. Moody,0.030197444831591175,0.005565322088424529,34.389263601028496
GSW_22,GSW,22,1631116,P. Baldwin Jr.,0.014453477868112014,0.0027765667503646396,23.368900850289553
GSW_22,GSW,22,201939,S. Curry,0.15898825654923215,0.02322821744834669,64.4857614729686
GSW_22,GSW,22,202691,K. Thompson,0.16427926184023744,0.024048547030917855,75.41191917683526
GSW_22,GSW,22,203110,D. Green,0.07304168279778035,0.007367527510802163,36.974100146030295
GSW_22,GSW,22,203210,J. Green,0.029939347012517745,0.0038290344055982306,38.0366562522554
GSW_22,GSW,22,203952,A. Wiggins,0.0680087753258485,0.004665815385556993,29.161843862533694
HOU_22,HOU,22,1626246,B. Marjanović,0.008133280860553588,0.01054429519203759,56.83003354527844
HOU_22,HOU,22,1628981,B. Fernando,0.012068739341466614,0.008565763308091556,53.26228383785052
HOU_22,HOU,22,1629645,K. Porter Jr.,0.12750885478158205,0.03048874117701661,103.341042361015
HOU_22,HOU,22,1629726,G. Mathews,0.02190738554374918,0.014551017941806244,66.05712132693323
HOU_22,HOU,22,1630224,J. Green,0.1944116489571035,0.03195078039947552,108.51661865246163
HOU_22,HOU,22,1630227,D. Nix,0.03345139708776072,0.0051449397032284905,40.7272467438495
HOU_22,HOU,22,1630231,K. Martin,0.09851764397218943,0.034378335511543234,114.47345499751327
HOU_22,HOU,22,1630256,J. Tate,0.03213957759412305,0.0019425663262846449,24.096381018499358
HOU_22,HOU,22,1630528,J. Christopher,0.04538895447986357,0.0064527991520682,48.363936312422624
HOU_22,HOU,22,1630578,A. Sengun,0.11990030171848354,0.1302083556847089,191.3479246354192
HOU_22,HOU,22,1630586,U. Garuba,0.017971927062836155,0.001881174926826823,24.504236041445864
HOU_22,HOU,22,1631095,J. Smith Jr.,0.11412829594647776,0.02022272516653878,77.4201434126491
HOU_22,HOU,22,1631102,T. Washington Jr.,0.02138265774629411,0.007809201321056225,48.47425651681277
HOU_22,HOU,22,1631106,T. Eason,0.07569198478289388,0.0029789140895493116,30.271702326378758
HOU_22,HOU,22,201569,E. Gordon,0.07241243604879968,0.00961354051134411,60.68534074741932
IND_22,IND,22,1626167,M. Turner,0.10387121502491375,0.0795580178701566,129.51870977046593
IND_22,IND,22,1627741,B. Hield,0.13453430433116137,0.0361921463945567,86.50890621615606
IND_22,IND,22,1629052,O. Brissett,0.04625015970359014,0.007013186799751381,37.40603387215136
IND_22,IND,22,1629614,A. Nembhard,0.08432349559218091,0.0061820690275823376,34.58570362192157
IND_22,IND,22,1629670,J. Nwora,0.03449597546952855,0.0057602345623885,43.12530611075851
IND_22,IND,22,1630169,T. Haliburton,0.11792513095694392,0.029535397453726575,77.19767741328481
IND_22,IND,22,1630174,A. Nesmith,0.08138494953366551,0.009627282862329056,43.16162561256576
IND_22,IND,22,1630188,J. Smith,0.06030407563562029,0.007640426538362721,49.2998422706495
IND_22,IND,22,1630537,C. Duarte,0.0434393765171841,0.007135569547148446,38.39221588209547
IND_22,IND,22,1630543,I. Jackson,0.03692347003960649,0.20296959162843575,192.47060706444177
IND_22,IND,22,1631097,B. Mathurin,0.1453941484604574,0.04457993821046091,92.75587271408102
IND_22,IND,22,201949,J. Johnson,0.006388143605468251,0.0070639036319584125,47.838992491971084
IND_22,IND,22,204456,T. McConnell,0.07461351731186917,0.045819635897042965,99.05384512346663
LAC_22,LAC,22,1626181,N. Powell,0.11619250199415049,0.028066078594383037,150.0431273789719
LAC_22,LAC,22,1627826,I. Zubac,0.06780111672427545,0.0509910229927556,289.4670506120185
LAC_22,LAC,22,1628379,L. Kennard,0.03044403084286094,0.0014140038803057697,57.08103493410061
LAC_22,LAC,22,1629599,A. Coffey,0.021802712044668972,0.004502519500959701,75.70438982820818
LAC_22,LAC,22,1629611,T. Mann,0.07338473810156873,0.003980560310251291,53.973421881190745
LAC_22,LAC,22,1629650,M. Brown,0.007444828503057698,0.010449387429285473,90.250590084006
LAC_22,LAC,22,1630527,B. Boston,0.01688380749800585,0.003833746850181341,64.73854762734452
LAC_22,LAC,22,1630538,B. Hyland,0.01714969423025791,0.0017735634158669855,38.57181739689955
LAC_22,LAC,22,201566,R. Westbrook,0.035362935389524064,0.002078017987547698,55.61851492544648
LAC_22,LAC,22,201569,E. Gordon,0.026322786492954,0.0009052655186914116,43.667808676319694
LAC_22,LAC,22,201587,N. Batum,0.04613134804573252,0.009734094220939293,132.41950692461518
LAC_22,LAC,22,202322,J. Wall,0.05424089337942037,0.0065190367850496145,80.21271514608793
LAC_22,LAC,22,202331,P. George,0.14371177878223876,0.01042918796177672,110.43487630192793
LAC_22,LAC,22,202694,M. Morris Sr.,0.08880616857218825,0.004154234481192787,66.59871651812033
LAC_22,LAC,22,202695,K. Leonard,0.12603031108747673,0.028826367437102096,148.7997400004152
LAC_22,LAC,22,202704,R. Jackson,0.07245413453868652,0.002127320992701076,57.37258225924185
LAC_22,LAC,22,203486,M. Plumlee,0.01302844988035097,0.005404638146509266,64.3559703053789
LAC_22,LAC,22,203496,R. Covington,0.031773464504121246,0.0026371017347008863,90.49435128946126
LAL_22,LAL,22,1626156,D. Russell,0.029831718510963796,0.0010700164677884816,12.488920492857636
LAL_22,LAL,22,1627736,M. Beasley,0.03442121366649668,0.005332145140492406,29.35269938001926
LAL_22,LAL,22,1628418,T. Bryant,0.03773584905660377,0.003299971508158972,23.59855544882948
LAL_22,LAL,22,1628972,T. Brown Jr.,0.059153493115757266,0.008754177908541494,38.90758746978119
LAL_22,LAL,22,1629020,J. Vanderbilt,0.017593064762876084,0.0020687539402926003,16.994607180818154
LAL_22,LAL,22,1629022,L. Walker IV,0.07228454869964304,0.0027617615595753042,25.512490015513762
LAL_22,LAL,22,1629060,R. Hachimura,0.03314635390107088,0.004682583741388857,25.62098401809836
LAL_22,LAL,22,1629117,W. Gabriel,0.03097909229984702,0.008596865103271067,35.04247894970205
LAL_22,LAL,22,1629134,K. Nunn,0.0323814380418154,0.004107200629561714,24.291527104555918
LAL_22,LAL,22,1629308,J. Toscano-Anderson,0.009561448240693524,0.000513778457282843,17.153473670593723
LAL_22,LAL,22,1630559,A. Reaves,0.08082610912799593,0.012636494384096753,42.643055575994374
LAL_22,LAL,22,1631108,M. Christie,0.013513513513513514,0.003922984935449514,23.541237779371368
LAL_22,LAL,22,201566,R. Westbrook,0.09816420193778684,0.003360044461158118,28.853306879006006
LAL_22,LAL,22,201976,P. Beverley,0.034166241713411524,0.0027460305881210623,27.07814334056098
LAL_22,LAL,22,203076,A. Davis,0.13526262111167772,0.25771264483295053,174.54881746404058
LAL_22,LAL,22,203471,D. Schröder,0.0958694543600204,0.0028994165655471527,40.51680699647583
LAL_22,LAL,22,2544,L. James,0.16662417134115248,0.0027857685104175633,42.13937927141172
MEM_22,MEM,22,1626145,T. Jones,0.0987512742099898,0.007958270252647948,49.429126897048974
MEM_22,MEM,22,1628379,L. Kennard,0.02280835881753313,0.00711503062787,56.0644432491504
MEM_22,MEM,22,1628415,D. Brooks,0.12996941896024464,0.011754424161093513,59.12209651997773
MEM_22,MEM,22,1628991,J. Jackson Jr.,0.11786442405708461,0.006493354786523353,46.25760721558936
MEM_22,MEM,22,1629630,J. Morant,0.16551987767584098,0.033903346698938464,94.05966056614581
MEM_22,MEM,22,1629634,B. Clarke,0.046890927624872576,0.04668943818752691,147.56937557743586
MEM_22,MEM,22,1629723,J. Konchar,0.0382262996941896,0.006149607644878041,42.608842915061864
MEM_22,MEM,22,1630214,X. Tillman,0.03656982670744138,0.004890343638265349,37.04078785593608
MEM_22,MEM,22,1630217,D. Bane,0.1297145769622834,0.008554573413924293,52.29111668401246
MEM_22,MEM,22,1630533,Z. Williams,0.02599388379204893,0.004436679897798501,35.64526479011821
MEM_22,MEM,22,1630583,S. Aldama,0.06587665647298675,0.004055474052713337,32.83777912342893
MEM_22,MEM,22,1631113,K. Chandler,0.011467889908256881,0.0018539992575067332,26.9641999025891
MEM_22,MEM,22,1631222,J. LaRavia,0.01210499490316004,0.001936307797479886,28.92608347773833
MEM_22,MEM,22,1631223,D. Roddy,0.053644240570846075,0.003607575513537742,34.0420970630548
MEM_22,MEM,22,1631254,K. Lofton Jr.,0.011850152905198776,0.0032584411767461186,29.364571234256847
MEM_22,MEM,22,203500,S. Adams,0.025739041794087664,0.014307708122093032,75.256425629778
MIA_22,MIA,22,1628389,B. Adebayo,0.16304055868922912,0.09416235091281999,227.88572842648088
MIA_22,MIA,22,1628997,C. Martin,0.07681976900349181,0.0017204227828755414,40.018858377441674
MIA_22,MIA,22,1629130,D. Robinson,0.033037872683319904,0.0011397334477498688,28.594986731300093
MIA_22,MIA,22,1629216,G. Vincent,0.07735697018533441,0.0017381372065742307,37.30577171043089
MIA_22,MIA,22,1629312,H. Highsmith,0.027128659683051302,0.0035126501709431546,40.32262739369092
MIA_22,MIA,22,1629622,M. Strus,0.10394842868654311,0.00744654305610426,101.83092489141806
MIA_22,MIA,22,1629639,T. Herro,0.15551974214343273,0.006779405519037218,46.74765153714249
MIA_22,MIA,22,1631107,N. Jović,0.009401020682245501,0.0032814478357298116,32.305368921893894
MIA_22,MIA,22,1631115,O. Robinson,0.009401020682245501,0.0023178528994916014,27.697517965280582
MIA_22,MIA,22,1631288,J. Cain,0.008192318023099651,0.0049318467991754655,44.18934958274498
MIA_22,MIA,22,200768,K. Lowry,0.07050765511684126,0.003315605717534087,33.607756656770476
MIA_22,MIA,22,201567,K. Love,0.01839914047810905,0.0009703913083317639,28.59000185585225
MIA_22,MIA,22,202710,J. Butler III,0.14759602471125435,0.011742003187586225,112.55579737920579
MIA_22,MIA,22,203469,C. Zeller,0.0091324200913242,0.009361893863169213,53.09533553431277
MIA_22,MIA,22,203473,D. Dedmon,0.0190706419554123,0.001388127274922324,22.109124778628495
MIA_22,MIA,22,203506,V. Oladipo,0.06030083266183186,0.004448991588024032,40.2058205643929
MIL_22,MIL,22,1626171,B. Portis,0.09509319132750095,0.08876597308670886,132.77531706815182
MIL_22,MIL,22,1626192,P. Connaughton,0.052745023456320525,0.041258319314203984,104.47511072206778
MIL_22,MIL,22,1628960,G. Allen,0.07797641688855078,0.026316095806104833,82.3019931234221
MIL_22,MIL,22,1628975,J. Carter,0.0691010523646507,0.03971003568502918,95.99997480918701
MIL_22,MIL,22,1629670,J. Nwora,0.026626093571700267,0.007252187886140349,41.467301110530165
MIL_22,MIL,22,1630572,S. Mamukelashvili,0.007607455306200076,0.030803432706785983,81.15870527995014
MIL_22,MIL,22,1630699,M. Beauchamp,0.03157093952073031,0.008915556515003531,54.49165364966598
MIL_22,MIL,22,1631260,A. Green,0.014580956003550145,0.028734795750393727,78.82321703435893
MIL_22,MIL,22,201572,B. Lopez,0.11702802079371118,0.1876647959875315,199.64907389571724
MIL_22,MIL,22,201588,G. Hill,0.01787751996957018,0.0285144030446165,83.54870690682334
MIL_22,MIL,22,201950,J. Holiday,0.1304678585013313,0.04772128141938603,101.69830093745622
MIL_22,MIL,22,202083,W. Matthews,0.020540129326740205,0.008840351508264677,44.24377068205361
MIL_22,MIL,22,203109,J. Crowder,0.01204513756815012,0.05864339975579991,108.41478525149401
MIL_22,MIL,22,203114,K. Middleton,0.05591479650057056,0.02582069475954074,73.13768923835241
MIL_22,MIL,22,203507,G. Antetokounmpo,0.21174083935590213,0.20369654855215147,195.25485635867847
MIL_22,MIL,22,203648,T. Antetokounmpo,0.006339546088500064,0.005184884324446415,32.5141526138763
MIL_22,MIL,22,204060,J. Ingles,0.033726385190820336,0.012626155953229579,63.843960109778564
MIN_22,MIN,22,1626156,D. Russell,0.09955099422706863,0.019793651258114164,134.42432303626575
MIN_22,MIN,22,1626157,K. Towns,0.0654265554842848,0.034737063480171804,271.5636568146471
MIN_22,MIN,22,1627752,T. Prince,0.054778704297626685,0.00829702235527685,107.75418144232373
MIN_22,MIN,22,1627854,B. Forbes,0.011289288005131494,0.03806668027497606,342.9348259905701
MIN_22,MIN,22,1629162,J. McLaughlin,0.02129570237331623,0.03312087737546565,213.81959762023507
MIN_22,MIN,22,1629638,N. Alexander-Walker,0.016805644644002565,0.0035694067903332405,57.46366393763837
MIN_22,MIN,22,1629669,J. Nowell,0.08248877485567671,0.02272182185319993,235.85592846382204
MIN_22,MIN,22,1629675,N. Reid,0.0804361770365619,0.036830840875126336,418.5325351947827
MIN_22,MIN,22,1630162,A. Edwards,0.22001282873636946,0.047480133874850505,213.61620681196206
MIN_22,MIN,22,1630183,J. McDaniels,0.09634381013470174,0.06350520777788282,425.84909424661316
MIN_22,MIN,22,1630233,N. Knight,0.012700449005772932,0.012121446436100691,274.8006260988054
MIN_22,MIN,22,1630346,M. Ryan,0.007568954457985888,0.015843697786823485,306.21612219484484
MIN_22,MIN,22,1630568,L. Garza,0.015266196279666452,0.005392592026765675,314.72208397957746
MIN_22,MIN,22,201144,M. Conley,0.0327132777421424,0.033000246509389486,261.3448870932628
MIN_22,MIN,22,203085,A. Rivers,0.028608082103912764,0.009270083095857307,138.64630505692878
MIN_22,MIN,22,203497,R. Gobert,0.07325208466966004,0.7805032845213218,658.3043342894359
MIN_22,MIN,22,203937,K. Anderson,0.07094291212315587,0.004114775540933535,68.15778454811904
NOP_22,NOP,22,1626195,W. Hernangomez,0.01966619226290594,0.0025218239502484696,65.98998753463219
NOP_22,NOP,22,1626196,J. Richardson,0.018501746668391772,0.004790180431901936,69.86910931551746
NOP_22,NOP,22,1626204,L. Nance Jr.,0.036744727649113726,0.01598184351655041,122.12996254489823
NOP_22,NOP,22,1627742,B. Ingram,0.11903221632811489,0.02009767580126498,137.40180292507196
NOP_22,NOP,22,1628984,D. Graham,0.032863242334066504,0.0024372103561474123,57.649557777723224
NOP_22,NOP,22,1629627,Z. Williamson,0.07892353473929357,0.011650930159894157,115.51261782555069
NOP_22,NOP,22,1629637,J. Hayes,0.02057187216975029,0.023626469863165633,162.7683922984089
NOP_22,NOP,22,1630184,K. Lewis Jr.,0.012808901539655842,0.005987719583861462,74.136944505492
NOP_22,NOP,22,1630230,N. Marshall,0.0864277396817182,0.010791626744907856,114.64777834182978
NOP_22,NOP,22,1630529,H. Jones,0.07788847198861432,0.006601527892540093,77.86202942005478
NOP_22,NOP,22,1630530,T. Murphy III,0.11139862854185535,0.044115683991985066,218.3185174946268
NOP_22,NOP,22,1630631,J. Alvarado,0.06883167292017078,0.010409227530790877,106.8836549810964
NOP_22,NOP,22,1630700,D. Daniels,0.030146202613533447,0.005073221926568339,75.39198559444685
NOP_22,NOP,22,202685,J. Valančiūnas,0.10078923534739294,0.06399647877473758,259.0768914000527
NOP_22,NOP,22,203468,C. McCollum,0.17919523871134688,0.03470379749518693,188.82153319635583
NYK_22,NYK,22,1628392,I. Hartenstein,0.03283856561145409,0.0021153243460370064,32.57755310825722
NYK_22,NYK,22,1628404,J. Hart,0.024825955602259295,0.005884102073201003,50.030952050145544
NYK_22,NYK,22,1628973,J. Brunson,0.17443846052804413,0.02883936703641521,130.07040798909338
NYK_22,NYK,22,1629011,M. Robinson,0.01773282543018521,0.044726100376505595,158.49397668896216
NYK_22,NYK,22,1629628,R. Barrett,0.17877315118875609,0.012561431315885385,72.36643040407913
NYK_22,NYK,22,1629629,C. Reddish,0.020622619203993168,0.005239244381469943,46.70559341500221
NYK_22,NYK,22,1629656,Q. Grimes,0.08052016287928543,0.008661468326177313,60.80003240564344
NYK_22,NYK,22,1630167,O. Toppin,0.05451201891501379,0.005481018506658053,46.72448622518903
NYK_22,NYK,22,1630193,I. Quickley,0.1268882175226586,0.010468177113741484,64.5767093813485
NYK_22,NYK,22,1630540,M. McBride,0.02824116642585052,0.0021806896143787835,33.597625815157734
NYK_22,NYK,22,1630579,J. Sims,0.011690529357677656,0.0454689417246682,148.2005303836731
NYK_22,NYK,22,201565,D. Rose,0.021936161828451334,0.005240041394760531,52.73888334079662
NYK_22,NYK,22,203095,E. Fournier,0.02206751609089715,0.012389155133160523,70.30985500679033
NYK_22,NYK,22,203944,J. Randle,0.20176014711677395,0.05332533442639542,145.77355109804566
OKC_22,OKC,22,1628983,S. Gilgeous-Alexander,0.20944140475887518,0.33485288301757077,402.2011379076324
OKC_22,OKC,22,1629026,K. Williams,0.03766382491411121,0.013066971317636011,208.05553436026216
OKC_22,OKC,22,1629647,D. Bazley,0.021249522840055986,0.022305678658284478,206.14725327405122
OKC_22,OKC,22,1629652,L. Dort,0.11299147474233363,0.007978858298688607,64.59987532033152
OKC_22,OKC,22,1630197,A. Pokusevski,0.03015650846163634,0.007229820591757918,63.22488456828156
OKC_22,OKC,22,1630198,I. Joe,0.06451202443058913,0.03364643254708077,156.6323726879167
OKC_22,OKC,22,1630322,L. Waters III,0.022267464053950883,0.01361898485987123,101.44630059699541
OKC_22,OKC,22,1630526,J. Robinson-Earl,0.027866140730372822,0.008290353064143385,81.8227577799111
OKC_22,OKC,22,1630544,T. Mann,0.06387581117190483,0.01562969286924365,123.59822799003992
OKC_22,OKC,22,1630581,J. Giddey,0.1474742333630233,0.03688610915935697,206.06031861959426
OKC_22,OKC,22,1630598,A. Wiggins,0.04720702379437587,0.004944683195233446,55.06821904292361
OKC_22,OKC,22,1630647,E. Omoruyi,0.011324596004580736,0.02200245889836161,183.49577811741972
OKC_22,OKC,22,1631114,J. Williams,0.10459345972770072,0.003988814804171459,45.68276192069588
OKC_22,OKC,22,1631119,J. Williams,0.029265809899478305,0.11369585155946016,390.49945716867984
OKC_22,OKC,22,1631172,O. Dieng,0.02379437587479323,0.011872516842395764,87.22620292369916
OKC_22,OKC,22,203488,M. Muscala,0.024812317088688127,0.015029637807644547,89.97256256085713
OKC_22,OKC,22,203967,D. Šarić,0.013996691691054842,0.041654738264980784,348.11328163882456
ORL_22,ORL,22,1628365,M. Fultz,0.10046204620462046,0.03028416398386713,33.961209096969476
ORL_22,ORL,22,1628964,M. Bamba,0.02666666666666667,0.006927984240799101,16.022504921532633
ORL_22,ORL,22,1628976,W. Carter Jr.,0.08158415841584159,0.009451550760559368,25.7129214900875
ORL_22,ORL,22,1629021,M. Wagner,0.06244224422442244,0.06408725316380226,51.30532873856239
ORL_22,ORL,22,1629048,G. Bitadze,0.007392739273927393,0.004034570372638768,13.809587514243004
ORL_22,ORL,22,1629626,B. Bol,0.06363036303630364,0.010058374393664526,22.454785875291478
ORL_22,ORL,22,1629643,C. Okeke,0.015577557755775578,0.007685907941119563,18.691399884296303
ORL_22,ORL,22,1629678,A. Schofield,0.015445544554455445,0.017696386494296168,31.88021861994299
ORL_22,ORL,22,1630175,C. Anthony,0.08528052805280528,0.026475401567613632,29.84224034685296
ORL_22,ORL,22,1630181,R. Hampton,0.015445544554455445,0.015046394887277437,27.198889689650773
ORL_22,ORL,22,1630284,K. Harris,0.013201320132013201,0.00430544000599864,15.667911852918081
ORL_22,ORL,22,1630532,F. Wagner,0.1714851485148515,0.009721222925608841,23.3544128446065
ORL_22,ORL,22,1630591,J. Suggs,0.060462046204620465,0.01785103348263517,24.90471202967898
ORL_22,ORL,22,1631094,P. Banchero,0.17293729372937294,0.014282674674859996,24.78541060035823
ORL_22,ORL,22,1631216,C. Houstan,0.01966996699669967,0.020195098433029246,28.08684939007285
ORL_22,ORL,22,203082,T. Ross,0.04118811881188119,0.02406497430324217,28.659089634263385
ORL_22,ORL,22,203914,G. Harris,0.039075907590759074,0.009564137278123441,18.337408235188587
PHI_22,PHI,22,1626149,M. Harrell,0.028661116418725263,0.017330474266896267,59.20223930276349
PHI_22,PHI,22,1627777,G. Niang,0.07247168008734817,0.015188209297282818,77.12588947731506
PHI_22,PHI,22,1627788,F. Korkmaz,0.016923706837723488,0.002847041634505776,23.530930591301725
PHI_22,PHI,22,1627863,D. House Jr.,0.03166370956735362,0.005935844711791427,44.652930680894194
PHI_22,PHI,22,1629001,D. Melton,0.08830353487102498,0.007840729665560708,65.84606403144814
PHI_22,PHI,22,1629003,S. Milton,0.07861334789136072,0.006454715685105583,38.210014291933355
PHI_22,PHI,22,1629667,J. McDaniels,0.016241299303944315,0.004900803864617331,30.76799510478932
PHI_22,PHI,22,1629680,M. Thybulle,0.015149447249897639,0.006852124582653052,41.902270474976824
PHI_22,PHI,22,1630178,T. Maxey,0.1368909512761021,0.010780497697982394,53.207487830733044
PHI_22,PHI,22,1630194,P. Reed,0.023474819162003547,0.015398028244405615,55.68650734273514
PHI_22,PHI,22,200782,P. Tucker,0.028797597925481096,0.0029639193934073438,33.9620476314888
PHI_22,PHI,22,201935,J. Harden,0.12105909649242527,0.023527236754519953,67.15480965677581
PHI_22,PHI,22,202699,T. Harris,0.11300668759383103,0.006700785982684976,38.67973395541527
PHI_22,PHI,22,203954,J. Embiid,0.21564078067421863,0.27848683863879997,214.41478971255216
PHX_22,PHX,22,101108,C. Paul,0.09113493723849372,0.03584972849771795,277.02263058324223
PHX_22,PHX,22,1626164,D. Booker,0.1579497907949791,0.07624072875278565,341.25660392089895
PHX_22,PHX,22,1626166,C. Payne,0.0596234309623431,0.012599214861106822,192.06544921168026
PHX_22,PHX,22,1627814,D. Lee,0.06419979079497908,0.004738455779132789,177.22721888618213
PHX_22,PHX,22,1628470,T. Craig,0.0549163179916318,0.02230921019904908,222.87364295551708
PHX_22,PHX,22,1628969,M. Bridges,0.10721757322175732,0.013123901037929153,172.4148321654222
PHX_22,PHX,22,1629006,J. Okogie,0.057792887029288705,0.00768607305762814,123.77501117961695
PHX_22,PHX,22,1629013,L. Shamet,0.04197175732217573,0.00917268207603228,112.5354190515118
PHX_22,PHX,22,1629028,D. Ayton,0.11401673640167365,0.036062298982650676,263.6795967071811
PHX_22,PHX,22,1629111,J. Landale,0.04497907949790795,0.020973017081268974,173.7468654894764
PHX_22,PHX,22,1629661,C. Johnson,0.022881799163179915,0.011383283994684135,195.21591811795554
PHX_22,PHX,22,1630240,S. Lee,0.018043933054393304,0.006405373975592155,105.06940008829092
PHX_22,PHX,22,1630613,D. Washington Jr.,0.03334205020920502,0.009309801954109798,194.61454561029979
PHX_22,PHX,22,1630688,I. Wainright,0.028373430962343096,0.004967854345437339,144.52215553545898
PHX_22,PHX,22,201142,K. Durant,0.019089958158995817,0.010918389254564231,128.5286601249494
PHX_22,PHX,22,202687,B. Biyombo,0.028111924686192467,0.04775354382643526,411.234026196998
PHX_22,PHX,22,203082,T. Ross,0.021182008368200837,0.004413090128000063,88.51965219412249
PHX_22,PHX,22,203933,T. Warren,0.007060669456066946,0.008125030353223761,223.31281557676957
PHX_22,PHX,22,203967,D. Šarić,0.02471234309623431,0.0011327622345358446,45.74782503210115
POR_22,POR,22,1626159,J. Winslow,0.024665163771383107,0.003942312582608021,25.070254652762788
POR_22,POR,22,1628404,J. Hart,0.05715422357777483,0.01533801578272631,47.76932741907804
POR_22,POR,22,1628995,K. Knox II,0.02042169473544623,0.002359240089521486,18.266996470092984
POR_22,POR,22,1629014,A. Simons,0.14189099588913937,0.012577288065750869,50.135587158887574
POR_22,POR,22,1629234,D. Eubanks,0.047208593024797775,0.06780850159954177,111.60857278845484
POR_22,POR,22,1629629,C. Reddish,0.026919506696724573,0.003020927123721817,21.618135235722313
POR_22,POR,22,1629642,N. Little,0.039915130619281265,0.00078481457522106,11.78038728722314
POR_22,POR,22,1629680,M. Thybulle,0.01816735181010476,0.0022586621782191285,18.223337360291207
POR_22,POR,22,1630219,S. Mays,0.010873889404588251,0.0015672951843626048,17.23757866435
POR_22,POR,22,1630553,K. Johnson,0.02811298236308182,0.005611006841829247,28.565626200512984
POR_22,POR,22,1630570,T. Watford,0.04813685187640897,0.004591169498541436,28.681246914094206
POR_22,POR,22,1631101,S. Sharpe,0.08354329664500729,0.005056762561006178,27.109266925312102
POR_22,POR,22,1631133,J. Walker,0.023206471290279803,0.003457067904244826,21.98096779790479
POR_22,POR,22,1631219,J. Butler Jr.,0.007028245590770455,0.003993170349542718,24.404174554611696
POR_22,POR,22,203081,D. Lillard,0.1816735181010476,0.041482531039455206,92.754425258579
POR_22,POR,22,203924,J. Grant,0.14043230340803606,0.0036311577901742,22.52525574342101
POR_22,POR,22,203994,J. Nurkić,0.07319984086991116,0.026219041720277225,63.125871802626214
SAC_22,SAC,22,1626158,R. Holmes,0.009753008233058897,0.0017686754430292773,14.76266332430785
SAC_22,SAC,22,1626168,T. Lyles,0.05357821405953135,0.0019995375409861404,31.866105115723986
SAC_22,SAC,22,1627734,D. Sabonis,0.13717542748575048,0.10683483240664204,108.64246063499351
SAC_22,SAC,22,1628368,D. Fox,0.18340721975934135,0.055763550874532,77.20968104425394
SAC_22,SAC,22,1628370,M. Monk,0.11842938568714376,0.0026065167837596714,16.966758761176536
SAC_22,SAC,22,1628989,K. Huerter,0.11488283723875871,0.005830050969258371,33.04632289061259
SAC_22,SAC,22,1629002,C. Metu,0.028372387587080432,0.05428653517960891,81.09062048890254
SAC_22,SAC,22,1629056,T. Davis,0.04914502849905003,0.0055277318509083795,29.428937440839054
SAC_22,SAC,22,1630556,K. Edwards,0.008613046231792274,0.0022441294841351045,15.794041605559407
SAC_22,SAC,22,1630558,D. Mitchell,0.052691576947435086,0.003069723637931787,18.896338577236374
SAC_22,SAC,22,1631099,K. Murray,0.09765674477517416,0.014734690272934836,54.17520624608288
SAC_22,SAC,22,203084,H. Barnes,0.12248258391386954,0.003911627097993864,20.91831718646021
SAC_22,SAC,22,203521,M. Dellavedova,0.006586447118429386,0.0010435640625487963,10.846142383327804
SAS_22,SAS,22,1626169,S. Johnson,0.016979219462747084,0.003164655444240605,32.19646985678402
SAS_22,SAS,22,1626196,J. Richardson,0.05043081601621895,0.005549604101893535,51.1268318020841
SAS_22,SAS,22,1627751,J. Poeltl,0.0491637100861632,0.12006487867617699,149.91982834752673
SAS_22,SAS,22,1628380,Z. Collins,0.07133806386213888,0.05671174464102724,95.87155863429614
SAS_22,SAS,22,1628966,K. Bates-Diop,0.06120121642169286,0.0035774473063573398,42.40687111636612
SAS_22,SAS,22,1628984,D. Graham,0.026862645717181957,0.007197855817090981,48.4714692726399
SAS_22,SAS,22,1629640,K. Johnson,0.15205271160669032,0.009954329431619335,47.78821070554399
SAS_22,SAS,22,1629641,R. Langford,0.032564622402432845,0.001243839299008953,33.24877284057545
SAS_22,SAS,22,1629646,C. Bassey,0.01444500760263558,0.004941785407252541,35.27347429145681
SAS_22,SAS,22,1629676,I. Roby,0.021033958438925495,0.005833972931290288,40.00576358035871
SAS_22,SAS,22,1630170,D. Vassell,0.07551951343132286,0.02413039183496346,78.17113899358799
SAS_22,SAS,22,1630200,T. Jones,0.1055499239736442,0.014438145660792934,62.299560975056785
SAS_22,SAS,22,1630572,S. Mamukelashvili,0.020653826659908767,0.0047252617925589435,43.541234491028185
SAS_22,SAS,22,1630577,J. Champagnie,0.01659908768373036,0.004868324369598165,28.445106192640658
SAS_22,SAS,22,1631103,M. Branham,0.079954384186518,0.007115135535977424,50.16229949605852
SAS_22,SAS,22,1631104,B. Wesley,0.03218449062341612,0.004572724035189046,37.267526398786956
SAS_22,SAS,22,1631110,J. Sochan,0.0717181956411556,0.019407913742097604,63.66544481698349
SAS_22,SAS,22,1631230,D. Barlow,0.010010136847440445,0.03050774155393776,82.24178223594143
SAS_22,SAS,22,203476,G. Dieng,0.014571718195641155,0.00857400395383423,58.08488834238822
SAS_22,SAS,22,203926,D. McDermott,0.06880385200202736,0.013306666736221384,59.98034940204845
TOR_22,TOR,22,1627751,J. Poeltl,0.02819816323890829,0.011118574251492652,38.23275444582165
TOR_22,TOR,22,1627783,P. Siakam,0.18716854223257018,0.04671950744216247,79.84716744852766
TOR_22,TOR,22,1627823,J. Hernangomez,0.01384038287414306,0.0019582658829293553,16.081411125599185
TOR_22,TOR,22,1627832,F. VanVleet,0.1499159229077739,0.044164355627846374,90.91144621801293
TOR_22,TOR,22,1628384,O. Anunoby,0.1235286508860432,0.011308753086265444,39.12209472395983
TOR_22,TOR,22,1628449,C. Boucher,0.058336567067649725,0.003806502440429904,22.46593167593095
TOR_22,TOR,22,1629018,G. Trent Jr.,0.12663303582977622,0.012664325444444957,50.670518316490664
TOR_22,TOR,22,1630173,P. Achiuwa,0.05484413400595007,0.003954542682148676,23.35958251098721
TOR_22,TOR,22,1630201,M. Flynn,0.030914500064674687,0.0012833539421346352,17.99467606488843
TOR_22,TOR,22,1630288,J. Dowtin Jr.,0.0078903117319881,0.0010436289780407781,21.41813342395787
TOR_22,TOR,22,1630567,S. Barnes,0.13827447936877507,0.024386561130764206,57.74918902959246
TOR_22,TOR,22,1630625,D. Banton,0.016686069072564997,0.0012071896202203725,13.344392042088243
TOR_22,TOR,22,1631132,C. Koloko,0.01642737032725391,0.02426362677422278,62.38340618707099
TOR_22,TOR,22,201152,T. Young,0.025352477040486352,0.004082658835188435,23.232888238172894
TOR_22,TOR,22,203115,W. Barton,0.009571853576510154,0.0027524695669647326,23.460248346529735
UTA_22,UTA,22,1627736,M. Beasley,0.08466760599462021,0.012643955063384338,76.82493296942734
UTA_22,UTA,22,1627739,K. Dunn,0.03086973229153324,0.001799314588381451,29.04788856513956
UTA_22,UTA,22,1628374,L. Markkanen,0.15601383373895222,0.015127109298187391,165.72462934215983
UTA_22,UTA,22,1628962,U. Azubuike,0.008197771230946586,0.005401838927952096,42.438630426189576
UTA_22,UTA,22,1629012,C. Sexton,0.07403612142948636,0.003384279291207215,41.79337189932038
UTA_22,UTA,22,1629020,J. Vanderbilt,0.03996413475086461,0.0054099554235712555,43.32550406751836
UTA_22,UTA,22,1629308,J. Toscano-Anderson,0.010375304214166773,0.0016193281743046573,24.14783487958233
UTA_22,UTA,22,1629638,N. Alexander-Walker,0.025361854745741003,0.000807487940396534,35.014914098795835
UTA_22,UTA,22,1629659,T. Horton-Tucker,0.090303573715896,0.0009035956901424225,22.6820171147088
UTA_22,UTA,22,1629677,L. Samanic,0.008453951581913668,0.004959216363967123,40.822198343614424
UTA_22,UTA,22,1630534,O. Agbaji,0.05251697194825157,0.0021791088843670092,28.50206020748293
UTA_22,UTA,22,1630548,J. Juzang,0.011528115793518636,0.003304137839028942,35.73341148466603
UTA_22,UTA,22,1631117,W. Kessler,0.043934930190854364,0.055980091210150684,203.50547073190228
UTA_22,UTA,22,1631323,S. Fontecchio,0.038939413346996285,0.0004484436276306347,19.29444898476153
UTA_22,UTA,22,200752,R. Gay,0.03650570001280902,0.014660476113211085,76.40630804725501
UTA_22,UTA,22,201144,M. Conley,0.05251697194825157,0.0029998754438073094,39.19292055871376
UTA_22,UTA,22,203482,K. Olynyk,0.08697322915332394,0.0018178388665615053,29.892521735966742
UTA_22,UTA,22,203903,J. Clarkson,0.1369283975919047,0.005937084371127166,45.245517512622875
WAS_22,WAS,22,1626153,D. Wright,0.03740028769452073,0.002388944304750784,30.259940328855958
WAS_22,WAS,22,1628398,K. Kuzma,0.1646397279979077,0.007736010891272405,32.568835822767056
WAS_22,WAS,22,1628420,M. Morris,0.06970053615797045,0.009277922766278146,36.16102692412396
WAS_22,WAS,22,1629060,R. Hachimura,0.04380802929253302,0.0010549660554195484,15.501252686137558
WAS_22,WAS,22,1629134,K. Nunn,0.02641558781221394,0.0012666971296012575,13.328678576363819
WAS_22,WAS,22,1629655,D. Gafford,0.05021577089054531,0.4108602821575936,212.05807091253385
WAS_22,WAS,22,1630166,D. Avdija,0.0860468157447365,0.005616056643466982,28.39647108750931
WAS_22,WAS,22,1630264,A. Gill,0.01713090100693082,0.001599985662481762,23.55570947751023
WAS_22,WAS,22,1630557,C. Kispert,0.08068523604027723,0.004227947372284491,27.537368275024875
WAS_22,WAS,22,1630692,J. Goodwin,0.044200340002615406,0.002515920703895058,21.903430953173636
WAS_22,WAS,22,1631098,J. Davis,0.024584804498496142,0.0015206062259865982,16.659276374485405
WAS_22,WAS,22,201959,T. Gibson,0.016738590296848436,0.0012016793548396132,12.892411273871152
WAS_22,WAS,22,203078,B. Beal,0.12946253432718713,0.012207240600058844,46.67921839681625
WAS_22,WAS,22,203115,W. Barton,0.03923107100823853,0.0020732835935423077,17.049102484147635
WAS_22,WAS,22,204001,K. Porziņģis,0.15064731267163595,0.07345336842417338,98.75707713383228
ATL_23,ATL,23,1627749,D. Murray,0.19280501856356422,0.023795164631049803,123.51555809875431
ATL_23,ATL,23,1628981,B. Fernando,0.02483676865958264,0.004928048846957633,56.597135017538236
ATL_23,ATL,23,1629027,T. Young,0.1669440532582256,0.048358634978596604,165.5866354050358
ATL_23,ATL,23,1629631,D. Hunter,0.09422609140955063,0.00916828263543934,68.38284529773156
ATL_23,ATL,23,1629726,G. Mathews,0.028549481500448087,0.001565629696675841,44.18748046504587
ATL_23,ATL,23,1630168,O. Okongwu,0.044424529509665855,0.02607550873419162,115.04491918638304
ATL_23,ATL,23,1630180,S. Bey,0.08577646908206375,0.0014155103425155247,33.206579498874994
ATL_23,ATL,23,1630235,T. Forrest,0.011778261426193828,0.0030483271788823707,43.57070293098925
ATL_23,ATL,23,1630249,V. Krejčí,0.0136986301369863,0.001446786079363993,35.17563750708371
ATL_23,ATL,23,1630552,J. Johnson,0.09307387018307516,0.004453483478105702,58.27200115660333
ATL_23,ATL,23,1631100,A. Griffin,0.007809499423889386,0.0011966820406915657,24.872698440904276
ATL_23,ATL,23,1641723,K. Bufkin,0.01036999103827935,0.0027305680028623103,42.83318711578578
ATL_23,ATL,23,201988,P. Mills,0.006657278197413904,0.002833009199857961,39.20340109833263
ATL_23,ATL,23,202083,W. Matthews,0.01241838432979132,0.002507241743123778,40.53804882744413
ATL_23,ATL,23,203991,C. Capela,0.05799513506593266,0.03984460737691631,164.66937590182798
ATL_23,ATL,23,203992,B. Bogdanović,0.14185123543720393,0.009042963829915429,99.80722725303298
BKN_23,BKN,23,1626220,R. O'Neale,0.04319597190936796,0.0017492858675249856,33.74247813546795
BKN_23,BKN,23,1627732,B. Simmons,0.009407711673512655,0.002122554479065397,38.866713353436744
BKN_23,BKN,23,1627827,D. Finney-Smith,0.06346892805088114,0.010405036646026655,80.36435749637948
BKN_23,BKN,23,1628372,D. Smith Jr.,0.04571352855439247,0.0024488752990884377,39.60316736376102
BKN_23,BKN,23,1628969,M. Bridges,0.19252683185371672,0.022494789604308285,105.33328361759476
BKN_23,BKN,23,1629022,L. Walker IV,0.06545647277063733,0.0016426072548613169,38.98315123811949
BKN_23,BKN,23,1629651,N. Claxton,0.07632171723863787,0.06892990744248728,274.6835351848232
BKN_23,BKN,23,1629661,C. Johnson,0.08480190804293096,0.001409297244961638,54.73538205156043
BKN_23,BKN,23,1630549,D. Sharpe,0.02544057241287929,0.001420342536629704,25.89111652631566
BKN_23,BKN,23,1630560,C. Thomas,0.17397641446932555,0.030774164668382342,122.47990695890869
BKN_23,BKN,23,1630570,T. Watford,0.04571352855439247,0.0018819439502225643,31.039455425663448
BKN_23,BKN,23,1630592,J. Wilson,0.02265800980522062,0.00457524461964709,46.55850077386385
BKN_23,BKN,23,1641730,N. Clowney,0.012455280243805485,0.0015810669350749817,32.591386592277686
BKN_23,BKN,23,203471,D. Schröder,0.05260368358288062,0.0010746421472856982,50.79862607737764
BKN_23,BKN,23,203915,S. Dinwiddie,0.06810653239697893,0.0016399582041992655,67.68347249649663
BOS_23,BOS,23,1627759,J. Brown,0.18623962040332148,0.01490918902954852,79.28327719862861
BOS_23,BOS,23,1628369,J. Tatum,0.20838275998418349,0.037312352665073045,110.33547444302266
BOS_23,BOS,23,1628401,D. White,0.1166468960063266,0.00314656371626032,55.6448047710773
BOS_23,BOS,23,1628436,L. Kornet,0.020166073546856466,0.08784527547639975,175.35285403379157
BOS_23,BOS,23,1629004,S. Mykhailiuk,0.017661789903782785,0.001985793069435915,25.569692805916123
BOS_23,BOS,23,1629052,O. Brissett,0.02069329115592461,0.0035782747197680154,34.16873427617501
BOS_23,BOS,23,1629674,N. Queta,0.010807960985896928,0.01360651038705718,67.53471981781068
BOS_23,BOS,23,1630202,P. Pritchard,0.07539211809674443,0.004636048499507273,44.919338055681656
BOS_23,BOS,23,1630214,X. Tillman,0.008435481745090286,0.0033985474889779432,30.34358427630311
BOS_23,BOS,23,1630573,S. Hauser,0.06787926716752339,0.024308992197707435,82.03296364827298
BOS_23,BOS,23,1630625,D. Banton,0.006590220113351786,0.0013537541559920374,38.303906013150886
BOS_23,BOS,23,201143,A. Horford,0.051403716884143934,0.00617119706848368,41.717468762858786
BOS_23,BOS,23,201950,J. Holiday,0.08751812310531172,0.0016331192462510913,24.291136532737877
BOS_23,BOS,23,204001,K. Porziņģis,0.10821141426123633,0.03798905039089462,101.83701459208166
CHA_23,CHA,23,1626179,T. Rozier,0.07677725118483412,0.003868742365692901,77.6742243428616
CHA_23,CHA,23,1628970,M. Bridges,0.17887610020311442,0.00910376046684569,62.67455595618463
CHA_23,CHA,23,1628998,C. Martin,0.02843601895734597,0.002496693726547927,31.718649369336188
CHA_23,CHA,23,1629023,P. Washington,0.07230873392010832,0.004256634191904252,42.7102037793762
CHA_23,CHA,23,1629684,G. Williams,0.04075829383886256,0.0034563540777613477,38.53711056181901
CHA_23,CHA,23,1630163,L. Ball,0.05646580907244415,0.003715197458957875,69.31910490350148
CHA_23,CHA,23,1630177,T. Maledon,0.00988490182802979,0.004423290844877248,36.965862351737954
CHA_23,CHA,23,1630197,A. Pokusevski,0.016384563303994584,0.00771617470503283,53.1707378823542
CHA_23,CHA,23,1630208,N. Richards,0.047257955314827356,0.06589419085921433,219.19247416813764
CHA_23,CHA,23,1630544,T. Mann,0.03926878808395396,0.0012337364197669842,57.05359790797311
CHA_23,CHA,23,1630550,J. Thor,0.021800947867298578,0.004601844122125831,42.86765180153371
CHA_23,CHA,23,1631109,M. Williams,0.014488828706838186,0.020790028872916255,114.66216476016265
CHA_23,CHA,23,1631121,B. McGowens,0.03249830737982397,0.004492455526234451,46.19199779017229
CHA_23,CHA,23,1641706,B. Miller,0.15815842924847665,0.01058823999131564,79.30426180276854
CHA_23,CHA,23,1641733,N. Smith Jr.,0.03981042654028436,0.004024828446212658,59.544335903628344
CHA_23,CHA,23,202330,G. Hayward,0.04441435341909276,0.004026942064204619,35.32938438108045
CHA_23,CHA,23,202397,I. Smith,0.023290453622207177,0.004474150790476639,48.02223497723928
CHA_23,CHA,23,202722,D. Bertans,0.026269465132024373,0.014052478092447918,76.74421197448729
CHA_23,CHA,23,203552,S. Curry,0.008259986459038592,0.0063861062551539005,73.96565872638881
CHA_23,CHA,23,203995,V. Micić,0.042924847664184154,0.00497265336236119,50.0943050984974
CHI_23,CHI,23,1627936,A. Caruso,0.0749185667752443,0.015281449091872124,58.985313564625805
CHI_23,CHI,23,1628470,T. Craig,0.033387622149837134,0.007629434914303679,37.60052354166779
CHI_23,CHI,23,1628975,J. Carter,0.048724212812160696,0.009239850400676652,41.40398744263973
CHI_23,CHI,23,1629632,C. White,0.1731813246471227,0.03087740681831852,76.20884322963963
CHI_23,CHI,23,1629750,J. Green,0.009500542888165039,0.0057581504132960815,32.68921415346612
CHI_23,CHI,23,1630172,P. Williams,0.04682410423452769,0.005422941357822064,32.559528809287336
CHI_23,CHI,23,1630245,A. Dosunmu,0.10301302931596092,0.012729089205783639,59.991222312577406
CHI_23,CHI,23,1631207,D. Terry,0.021715526601520086,0.0036653338079503106,26.63935618268812
CHI_23,CHI,23,1641763,J. Phillips,0.010722041259500542,0.006493377093277242,34.937807589877536
CHI_23,CHI,23,1641931,O. Bitim,0.011400651465798045,0.00957595152109636,46.71526377242734
CHI_23,CHI,23,201942,D. DeRozan,0.20290445168295332,0.08685602846360674,142.4442235617994
CHI_23,CHI,23,202696,N. Vučević,0.15743756786102062,0.05760296413088317,111.4031606650588
CHI_23,CHI,23,203083,A. Drummond,0.04492399565689468,0.12760072832842828,148.48511168690837
CHI_23,CHI,23,203897,Z. LaVine,0.053203040173724216,0.0037868410322503543,26.453517096467582
CLE_23,CLE,23,1627745,D. Jones,0.009986130374479889,0.0047596324604745055,58.82162517580361
CLE_23,CLE,23,1627747,C. LeVert,0.11900138696255201,0.005218743492642064,77.65946972404122
CLE_23,CLE,23,1627777,G. Niang,0.08918169209431345,0.0073511839955193725,102.62041286706203
CLE_23,CLE,23,1628378,D. Mitchell,0.15852981969486823,0.012029732972179574,127.92346002376321
CLE_23,CLE,23,1628386,J. Allen,0.1015256588072122,0.10045997392896044,329.8267041390926
CLE_23,CLE,23,1629622,M. Strus,0.09764216366158114,0.01787677063724258,142.72571679867903
CLE_23,CLE,23,1629636,D. Garland,0.1203883495145631,0.00671951248638647,83.68025572337376
CLE_23,CLE,23,1629731,D. Wade,0.029264909847434118,0.005876090930200917,75.40138752915136
CLE_23,CLE,23,1630171,I. Okoro,0.07337031900138696,0.003692824468627065,98.19953021527091
CLE_23,CLE,23,1630241,S. Merrill,0.05159500693481276,0.01494652402922847,170.05845147627875
CLE_23,CLE,23,1630596,E. Mobley,0.08183079056865465,0.0082936972131612,77.82567320649673
CLE_23,CLE,23,1641854,C. Porter Jr.,0.03661581137309293,0.003415330463834687,47.398841650464334
CLE_23,CLE,23,202684,T. Thompson,0.011373092926490984,0.0011030401394958034,29.440246606822203
CLE_23,CLE,23,202694,M. Morris Sr.,0.008737864077669903,0.003261918229140237,50.56655496351711
DAL_23,DAL,23,1627884,D. Jones Jr.,0.06713733848408153,0.014380293974072922,104.92128853557611
DAL_23,DAL,23,1628467,M. Kleber,0.021047022778739842,0.008817481518333503,86.85820891391687
DAL_23,DAL,23,1629023,P. Washington,0.04022911948847742,0.00499580779797737,61.9553141168275
DAL_23,DAL,23,1629029,L. Dončić,0.23271613161049687,0.09311196547688627,288.75565509152227
DAL_23,DAL,23,1629655,D. Gafford,0.024510456906886906,0.006744158579420789,81.45943315157831
DAL_23,DAL,23,1629684,G. Williams,0.03982949247369122,0.005373441970981996,69.80165917492722
DAL_23,DAL,23,1630182,J. Green,0.05461569202078061,0.006413072714576917,71.4340771075138
DAL_23,DAL,23,1630314,B. Williams,0.007326495271080325,0.004220836828164876,87.62637393294527
DAL_23,DAL,23,1630639,A. Lawson,0.014519781537231918,0.005686563396934519,68.09640453800608
DAL_23,DAL,23,1630702,J. Hardy,0.06314106833621953,0.0037049737533388916,67.41667302263309
DAL_23,DAL,23,1641726,D. Lively II,0.03623284934061542,0.006323512743352411,77.4702431165169
DAL_23,DAL,23,1641765,O. Prosper,0.014919408552018116,0.0018647243349158016,40.29040011960919
DAL_23,DAL,23,202681,K. Irving,0.15678699880111896,0.008528944739001232,85.37393748035876
DAL_23,DAL,23,202693,M. Morris,0.00879179432529639,0.007665439267315,105.53011513283863
DAL_23,DAL,23,203501,T. Hardaway Jr.,0.13054482483015853,0.01522719524649041,144.2358300318929
DAL_23,DAL,23,203552,S. Curry,0.01811642467030771,0.00413184361615182,57.469977477846776
DAL_23,DAL,23,203939,D. Powell,0.014386572532303184,0.003283414921561034,58.08220060859605
DAL_23,DAL,23,203957,D. Exum,0.043825762621553216,0.006982262037774412,84.03413019159005
DEN_23,DEN,23,1627750,J. Murray,0.1357744220232527,0.0211521385604454,55.903987539151785
DEN_23,DEN,23,1629008,M. Porter Jr.,0.13711078444474142,0.0411162770199599,74.67068534235766
DEN_23,DEN,23,1630192,Z. Nnaji,0.01363089669918482,0.005012562413661659,27.497536991020112
DEN_23,DEN,23,1631124,J. Strawther,0.030201790725644793,0.007561130116581105,33.42494177394096
DEN_23,DEN,23,1631128,C. Braun,0.06855539222237071,0.010796404423336958,38.513014713884225
DEN_23,DEN,23,1631212,P. Watson,0.0626753975678204,0.007975313302991505,33.661293434500855
DEN_23,DEN,23,1631221,C. Gillespie,0.009889081919016437,0.008531399660330119,38.4748401447844
DEN_23,DEN,23,201599,D. Jordan,0.010156354403314178,0.03956999439732234,73.94500848281999
DEN_23,DEN,23,202704,R. Jackson,0.10637444875050113,0.028309856774440312,62.32793890690731
DEN_23,DEN,23,203200,J. Holiday,0.02405452358679674,0.017410306684645604,50.38925535038379
DEN_23,DEN,23,203484,K. Caldwell-Pope,0.09047173593478551,0.07832330731394743,105.20109437890119
DEN_23,DEN,23,203932,A. Gordon,0.09220900708272084,0.02161179796282009,58.04361429486112
DEN_23,DEN,23,203999,N. Jokić,0.20566617666711212,0.07107154401114901,103.42225714617007
DET_23,DET,23,1628963,M. Bagley III,0.02229551451187335,0.0027255573648684583,36.09617393133124
DET_23,DET,23,1628972,T. Brown Jr.,0.015303430079155673,0.0018483166440260712,43.75628063067308
DET_23,DET,23,1628995,K. Knox II,0.025065963060686015,0.0013487363086291948,34.0684703338431
DET_23,DET,23,1629002,C. Metu,0.01662269129287599,0.0006189572469992299,26.492167954640827
DET_23,DET,23,1630164,J. Wiseman,0.03944591029023747,0.013077537744184964,90.73051422106862
DET_23,DET,23,1630165,K. Hayes,0.04300791556728232,0.004025426907584562,32.89631917201929
DET_23,DET,23,1630191,I. Stewart,0.04920844327176781,0.004427022398258984,32.42007861751224
DET_23,DET,23,1630201,M. Flynn,0.02203166226912929,0.0008130069011039742,23.932966862004672
DET_23,DET,23,1630587,I. Livers,0.015435356200527705,0.005987084388527908,63.20668875281121
DET_23,DET,23,1630595,C. Cunningham,0.16240105540897098,0.011542719009519864,69.12338970566122
DET_23,DET,23,1630649,S. Umude,0.012532981530343008,0.0015044695918995377,28.867431827580415
DET_23,DET,23,1631093,J. Ivey,0.14591029023746702,0.0045595756013092625,57.61348187640268
DET_23,DET,23,1631105,J. Duren,0.07823218997361478,0.017334049417691788,138.1162251445184
DET_23,DET,23,1631197,J. Rhoden,0.009102902374670185,0.00045635870166371717,14.797477970326835
DET_23,DET,23,1631204,M. Sasser,0.06952506596306068,0.0013399026830790417,51.159998940325806
DET_23,DET,23,1631323,S. Fontecchio,0.02546174142480211,0.0010789930033082706,34.188519317233585
DET_23,DET,23,1641709,A. Thompson,0.060026385224274406,0.0014215666033127183,20.434694515363425
DET_23,DET,23,1641787,T. Evbuomwan,0.008443271767810026,0.0005649489044332601,21.27599194108804
DET_23,DET,23,202692,A. Burks,0.05580474934036939,0.005056416386892693,67.75453781724326
DET_23,DET,23,202711,B. Bogdanović,0.06174142480211082,0.005881673926609321,60.75363674790161
DET_23,DET,23,203095,E. Fournier,0.02783641160949868,0.0018935891180553721,24.724143804809128
GSW_23,GSW,23,101108,C. Paul,0.05592018902599107,0.03025768742503243,96.50866420502663
GSW_23,GSW,23,1626172,K. Looney,0.027172486216854818,0.0065473984185474565,49.545044412969965
GSW_23,GSW,23,1627780,G. Payton II,0.02179049619322657,0.005897268761850705,44.546482963554915
GSW_23,GSW,23,1630228,J. Kuminga,0.12431084274087686,0.00859062923474141,58.26004031396514
GSW_23,GSW,23,1630541,M. Moody,0.053294828038855345,0.0018426153473583007,23.981944186319335
GSW_23,GSW,23,1630611,G. Santos,0.006825938566552901,0.0070768696476182225,71.82970094331952
GSW_23,GSW,23,1631218,T. Jackson-Davis,0.043318456287739567,0.03965741524511923,183.04289203363817
GSW_23,GSW,23,1631311,L. Quinones,0.017064846416382253,0.001930655158220329,27.778138229174527
GSW_23,GSW,23,1641764,B. Podziemski,0.07876082961407194,0.009128936319512615,54.56689216754444
GSW_23,GSW,23,201939,S. Curry,0.19519558939354162,0.05100368263655464,134.00463281657906
GSW_23,GSW,23,202691,K. Thompson,0.15082698871094777,0.011497540847478782,82.5045836029238
GSW_23,GSW,23,202709,C. Joseph,0.007744814912050407,0.0035546557531814793,48.67292877705069
GSW_23,GSW,23,203110,D. Green,0.05342609608821213,0.005503638444470438,55.49689447124257
GSW_23,GSW,23,203952,A. Wiggins,0.10580204778156997,0.003917868905781718,39.84010811113228
GSW_23,GSW,23,203967,D. Šarić,0.05316355998949856,0.0025147420059961068,30.25083066437522
HOU_23,HOU,23,1627832,F. VanVleet,0.13197904688897408,0.06567597723880136,85.85236561140158
HOU_23,HOU,23,1628415,D. Brooks,0.10387121502491375,0.014368262285580191,37.051573537354194
HOU_23,HOU,23,1628988,A. Holiday,0.04982752012265236,0.004860154732092448,23.854595767888856
HOU_23,HOU,23,1629111,J. Landale,0.024019419956560623,0.0033881814764658014,20.82064817188905
HOU_23,HOU,23,1630224,J. Green,0.19292193688514117,0.019598431092061164,43.10843335566112
HOU_23,HOU,23,1630256,J. Tate,0.028107831864060306,0.002590548498983325,15.748949868464335
HOU_23,HOU,23,1630578,A. Sengun,0.14411651973936374,0.13570782930618552,111.35648375140565
HOU_23,HOU,23,1631095,J. Smith Jr.,0.10642647246710106,0.01917705106121481,42.25272443728471
HOU_23,HOU,23,1631106,T. Eason,0.021975214002810783,0.0028556062261753112,17.468136198941632
HOU_23,HOU,23,1641708,A. Thompson,0.05813210680976108,0.03793854132887087,59.31567978904385
HOU_23,HOU,23,1641715,C. Whitmore,0.06107065286827648,0.011474896486832087,33.894071810322515
HOU_23,HOU,23,201145,J. Green,0.05302159192538648,0.00818542273468692,28.73310228146105
HOU_23,HOU,23,203493,R. Bullock Jr.,0.010221029768749201,0.0019064786518426802,23.07231707927819
IND_23,IND,23,1626167,M. Turner,0.1218195836545875,0.012771923292564047,38.52946205771181
IND_23,IND,23,1627741,B. Hield,0.0642508352608584,0.007488112661731106,39.83307991614203
IND_23,IND,23,1627783,P. Siakam,0.08249807247494217,0.019109049613359907,48.457346735678
IND_23,IND,23,1628971,B. Brown,0.045232588023644306,0.0043557274709694616,24.123635105039867
IND_23,IND,23,1629614,A. Nembhard,0.06540735029555385,0.0025369756449196146,16.457320221361766
IND_23,IND,23,1629670,J. Nwora,0.009894628630172193,0.001470772137631915,13.303811548145912
IND_23,IND,23,1630167,O. Toppin,0.07543048059624775,0.02323779973404727,63.70066815626565
IND_23,IND,23,1630169,T. Haliburton,0.14237985093806219,0.02695815964060877,58.25611849184425
IND_23,IND,23,1630174,A. Nesmith,0.08532510922641995,0.01580176055230409,48.96457834048738
IND_23,IND,23,1630188,J. Smith,0.045361089694166024,0.011291359445399496,38.62500919121471
IND_23,IND,23,1630543,I. Jackson,0.026085839115908508,0.044134346848824224,71.52544749750956
IND_23,IND,23,1631097,B. Mathurin,0.09611924955024416,0.0043400647844563656,21.635965643903887
IND_23,IND,23,1641716,J. Walker,0.014135183757388847,0.0034273458495959197,19.354929548797816
IND_23,IND,23,1641767,B. Sheppard,0.02801336417373426,0.009160685914789801,38.00521519801944
IND_23,IND,23,203926,D. McDermott,0.008224106913389874,0.0016372558056898523,14.70839524382213
IND_23,IND,23,204456,T. McConnell,0.08301207915702905,0.05627139207541254,81.8911798681881
LAC_23,LAC,23,1626181,N. Powell,0.11177202932632453,0.00573123924683161,52.887072312179974
LAC_23,LAC,23,1627826,I. Zubac,0.06805920597593028,0.031018666826650998,100.80657746218267
LAC_23,LAC,23,1628464,D. Theis,0.034444598146354956,0.005120129591216882,31.978802369448765
LAC_23,LAC,23,1629599,A. Coffey,0.052012726518190625,0.0034378061994181364,36.41579313864291
LAC_23,LAC,23,1629611,T. Mann,0.06307926407525245,0.00902368493215755,42.113154800682864
LAC_23,LAC,23,1630527,B. Boston,0.021994743394660395,0.00403865840606521,27.674348954311565
LAC_23,LAC,23,1630538,B. Hyland,0.03499792502420805,0.002213515113457687,20.79924741328813
LAC_23,LAC,23,1641738,K. Brown,0.011204869276525108,0.003275473202411394,25.46202353799314
LAC_23,LAC,23,201566,R. Westbrook,0.09365057407663577,0.005250154407828389,31.960722954689658
LAC_23,LAC,23,201935,J. Harden,0.12228524000553327,0.020179541165884496,78.13623466572426
LAC_23,LAC,23,202331,P. George,0.17443629824318715,0.0146326344890787,64.56254374400687
LAC_23,LAC,23,202695,K. Leonard,0.16973301978143587,0.01304838653847773,56.43111674437735
LAC_23,LAC,23,203486,M. Plumlee,0.024069719186609488,0.014494309130494876,63.72123666878777
LAL_23,LAL,23,1626156,D. Russell,0.14156010230179028,0.011732677955415993,49.13102994035263
LAL_23,LAL,23,1626174,C. Wood,0.03554987212276215,0.0017610317306679946,14.699957225003967
LAL_23,LAL,23,1627752,T. Prince,0.07915601023017903,0.005198615745862445,37.28960659605347
LAL_23,LAL,23,1629020,J. Vanderbilt,0.0149616368286445,0.003306800641397545,18.693959226016556
LAL_23,LAL,23,1629060,R. Hachimura,0.08900255754475703,0.0031973945075659538,22.453238774872787
LAL_23,LAL,23,1629629,C. Reddish,0.0319693094629156,0.0014244972756713992,13.914348738893919
LAL_23,LAL,23,1629637,J. Hayes,0.025703324808184144,0.05366979053351095,82.01186558709783
LAL_23,LAL,23,1630559,A. Reaves,0.13618925831202047,0.010702635098360003,43.84706784299231
LAL_23,LAL,23,1631108,M. Christie,0.03273657289002557,0.0015642070535909491,17.936769545598526
LAL_23,LAL,23,203076,A. Davis,0.18273657289002557,0.1683706523607973,125.5942089484584
LAL_23,LAL,23,203915,S. Dinwiddie,0.018286445012787724,0.001329256955567626,16.279874404026817
LAL_23,LAL,23,2544,L. James,0.18823529411764706,0.013315149263753101,38.98939198519027
MEM_23,MEM,23,1628379,L. Kennard,0.04439718197527582,0.014984915709596702,26.935969328928824
MEM_23,MEM,23,1628991,J. Jackson Jr.,0.18051309318091188,0.029461495436247542,43.443864274035974
MEM_23,MEM,23,1629630,J. Morant,0.02525588196198325,0.0025796840863054893,11.089660161178433
MEM_23,MEM,23,1629634,B. Clarke,0.006912136115911205,0.0017627088870074692,9.79172337893322
MEM_23,MEM,23,1629669,J. Nowell,0.007177987504984713,0.0016950488637347272,8.803877782032068
MEM_23,MEM,23,1629723,J. Konchar,0.023926625016615712,0.0014364719162216488,10.433888673206742
MEM_23,MEM,23,1630205,L. Stevens,0.02525588196198325,0.004460792304623595,14.217197331650418
MEM_23,MEM,23,1630214,X. Tillman,0.029110727103549117,0.0066762490922630535,18.967664450501527
MEM_23,MEM,23,1630217,D. Bane,0.1074039611856972,0.023696428555986415,32.56605184032733
MEM_23,MEM,23,1630285,Z. Simpson,0.006912136115911205,0.0017271476838514044,9.035752081479242
MEM_23,MEM,23,1630533,Z. Williams,0.04838495281137844,0.0029897970743222313,11.893752925203414
MEM_23,MEM,23,1630583,S. Aldama,0.07430546324604546,0.003252544482831521,12.476240580542896
MEM_23,MEM,23,1630590,S. Pippen Jr.,0.030971686827063673,0.002713106379987673,11.798148832069106
MEM_23,MEM,23,1630610,D. Jarreau,0.006779210421374452,0.0014617619771909451,9.530801748763844
MEM_23,MEM,23,1630692,J. Goodwin,0.021533962514954142,0.004584347854013182,14.781992167721866
MEM_23,MEM,23,1631222,J. LaRavia,0.043865479197128805,0.0030172825005008175,15.641776774023489
MEM_23,MEM,23,1631223,D. Roddy,0.051841020869334044,0.004547979083843079,16.95670796324705
MEM_23,MEM,23,1631246,V. Williams Jr.,0.05582879170543666,0.0022894169121988606,10.965016710235323
MEM_23,MEM,23,1631367,J. Gilyard,0.017546191678851523,0.006980082489908779,17.86621826692425
MEM_23,MEM,23,1641713,G. Jackson,0.0788249368602951,0.0033520624860846615,13.96788800608511
MEM_23,MEM,23,1641998,T. Jemison III,0.014754752093579689,0.014973316290463057,30.942371355376714
MEM_23,MEM,23,201565,D. Rose,0.024458327794762726,0.0029485458728439884,11.590764563765497
MEM_23,MEM,23,202687,B. Biyombo,0.016216934733483984,0.02675169624918805,43.02812373779446
MEM_23,MEM,23,203935,M. Smart,0.033098497939651736,0.0032122579088690317,13.363459375586766
MIA_23,MIA,23,1626153,D. Wright,0.008830612791008831,0.001744597602347242,20.31199686425857
MIA_23,MIA,23,1626179,T. Rozier,0.060208723575060207,0.004762602132082905,53.40264663422062
MIA_23,MIA,23,1626196,J. Richardson,0.04682900722504683,0.00417411162058412,37.01137800733247
MIA_23,MIA,23,1628389,B. Adebayo,0.14864864864864866,0.2112227535412442,225.57282141174426
MIA_23,MIA,23,1628418,T. Bryant,0.019266791544019266,0.004488854901850248,39.13350785834881
MIA_23,MIA,23,1628997,C. Martin,0.07158148247257158,0.005823105545904483,60.21964583015541
MIA_23,MIA,23,1629130,D. Robinson,0.09673534921059673,0.008264402586879771,76.32275463733535
MIA_23,MIA,23,1629312,H. Highsmith,0.041744715012041744,0.007078778018174137,50.20635630905455
MIA_23,MIA,23,1629639,T. Herro,0.1056997591651057,0.007002539009668296,52.34554785471764
MIA_23,MIA,23,1631107,N. Jović,0.039871554723039875,0.011200817074981773,51.335247947365666
MIA_23,MIA,23,1631115,O. Robinson,0.010168584426010168,0.00503504454873438,37.30472749345783
MIA_23,MIA,23,1631170,J. Jaquez Jr.,0.10248862724110248,0.004104410898086219,43.55963751448863
MIA_23,MIA,23,1631288,J. Cain,0.010168584426010168,0.0014564891532679036,17.81168946788688
MIA_23,MIA,23,200768,K. Lowry,0.03425207385603425,0.004350779731135401,40.54515063794687
MIA_23,MIA,23,201567,K. Love,0.0470966015520471,0.00503149367365574,64.70437503335536
MIA_23,MIA,23,201988,P. Mills,0.011105164570511104,0.0010461719654105694,16.11231218293923
MIA_23,MIA,23,202710,J. Butler III,0.1325929890286326,0.009567440336911592,56.29638702030175
MIL_23,MIL,23,1626166,C. Payne,0.032635230630862135,0.0034464097553916773,31.737181359256414
MIL_23,MIL,23,1626171,B. Portis,0.11358088140819736,0.03490750329947523,92.64093616867636
MIL_23,MIL,23,1626192,P. Connaughton,0.045355261467300526,0.004669188393593093,41.87151114070838
MIL_23,MIL,23,1627736,M. Beasley,0.08891173069510472,0.013377866223970303,77.94756258649667
MIL_23,MIL,23,1630699,M. Beauchamp,0.021713992033920083,0.0017896088027380408,23.47151107338212
MIL_23,MIL,23,1631260,A. Green,0.026210972632660926,0.008345687876789909,49.00575119961739
MIL_23,MIL,23,1641748,A. Jackson Jr.,0.012334575356546319,0.0016388588049194297,35.67165296042592
MIL_23,MIL,23,201572,B. Lopez,0.09777720673262238,0.014180117611012899,65.94108636900646
MIL_23,MIL,23,201976,P. Beverley,0.019529744314531673,0.001408647208762881,23.09731048799764
MIL_23,MIL,23,203081,D. Lillard,0.1819349865090582,0.05244243579906338,111.81548709116491
MIL_23,MIL,23,203109,J. Crowder,0.03366311191057433,0.0040240167903484725,32.52446907008233
MIL_23,MIL,23,203114,K. Middleton,0.08749839393550045,0.0038701802174463396,32.24380104673149
MIL_23,MIL,23,203507,G. Antetokounmpo,0.2208659899781575,0.2538618894199487,233.23254450958467
MIN_23,MIN,23,1626157,K. Towns,0.14884159482758622,0.008299679751604838,81.15929475008215
MIN_23,MIN,23,1628420,M. Morris,0.015894396551724137,0.0005972949053592025,44.08411108074905
MIN_23,MIN,23,1628972,T. Brown Jr.,0.017510775862068964,0.0019156481011346482,32.775235649181106
MIN_23,MIN,23,1629003,S. Milton,0.02451508620689655,0.00599218332738638,57.91022052296228
MIN_23,MIN,23,1629162,J. McLaughlin,0.018318965517241378,0.0022399231396248442,37.95580186034452
MIN_23,MIN,23,1629638,N. Alexander-Walker,0.07556573275862069,0.0011668785101632828,30.13499887640454
MIN_23,MIN,23,1629675,N. Reid,0.12257543103448276,0.00795033939145029,89.51958964408851
MIN_23,MIN,23,1630162,A. Edwards,0.2153825431034483,0.06501645114414656,188.44503927260763
MIN_23,MIN,23,1630183,J. McDaniels,0.08620689655172414,0.0018561530142261473,41.79566466941403
MIN_23,MIN,23,1630568,L. Garza,0.009159482758620689,0.01601378368763351,98.26829703509128
MIN_23,MIN,23,201144,M. Conley,0.09294181034482758,0.003738945236729241,73.6911050639606
MIN_23,MIN,23,203497,R. Gobert,0.08701508620689655,0.6197062463896956,492.0609833868267
MIN_23,MIN,23,203937,K. Anderson,0.06842672413793104,0.010655082124549908,77.34312603430973
NOP_23,NOP,23,1626204,L. Nance Jr.,0.031209193000783494,0.008926332519312852,57.16953109819788
NOP_23,NOP,23,1627742,B. Ingram,0.1461217027944633,0.01905512974210144,107.07360666614663
NOP_23,NOP,23,1629627,Z. Williamson,0.1765474014102899,0.08456626941682588,179.0008411179354
NOP_23,NOP,23,1630184,K. Lewis Jr.,0.008096108644554715,0.0009254919643616466,27.862700071642056
NOP_23,NOP,23,1630230,N. Marshall,0.051841211804648735,0.0016401741557620086,30.46803427411259
NOP_23,NOP,23,1630346,M. Ryan,0.014364063724209977,0.0028734213594010516,30.862579480222973
NOP_23,NOP,23,1630526,J. Robinson-Earl,0.011360668581875163,0.000914949822971689,18.66093908307783
NOP_23,NOP,23,1630529,H. Jones,0.08291982240793941,0.006944989186998374,61.8525580858725
NOP_23,NOP,23,1630530,T. Murphy III,0.08735962392269522,0.01023528481732694,74.7095166490597
NOP_23,NOP,23,1630631,J. Alvarado,0.0450509271350222,0.003790825245406637,40.754830265446074
NOP_23,NOP,23,1630700,D. Daniels,0.043875685557586835,0.0019181762105798805,41.554628760100364
NOP_23,NOP,23,1641722,J. Hawkins,0.06072081483416036,0.00453174031184056,59.89731355892315
NOP_23,NOP,23,202685,J. Valančiūnas,0.08879603029511622,0.03535518041505481,116.28875575724427
NOP_23,NOP,23,203468,C. McCollum,0.14207364847218595,0.009649611931412005,65.55213411708169
NYK_23,NYK,23,1628384,O. Anunoby,0.03629639775373236,0.0014741468843658678,11.291395631920599
NYK_23,NYK,23,1628392,I. Hartenstein,0.046431995617038764,0.04682829060519733,70.85803665604895
NYK_23,NYK,23,1628404,J. Hart,0.09971236816874401,0.003261427777053294,16.69375543184374
NYK_23,NYK,23,1628973,J. Brunson,0.23941925763594027,0.046075968050707905,67.36584137615345
NYK_23,NYK,23,1628978,D. DiVincenzo,0.13135186960690318,0.025897290082339985,46.904312388805984
NYK_23,NYK,23,1629011,M. Robinson,0.007396247089439803,0.01335804848482447,35.82253479292181
NYK_23,NYK,23,1629628,R. Barrett,0.06108752225722504,0.0021060710218331335,13.418256557761431
NYK_23,NYK,23,1629656,Q. Grimes,0.036159430215039035,0.006179526446710937,23.095750818136967
NYK_23,NYK,23,1630173,P. Achiuwa,0.03355704697986577,0.001956210961094773,16.763547001801545
NYK_23,NYK,23,1630193,I. Quickley,0.05026708670045199,0.004144247993311256,20.402431071393774
NYK_23,NYK,23,1630540,M. McBride,0.05697849609642515,0.0025014520685109343,15.481851932766277
NYK_23,NYK,23,202692,A. Burks,0.02177783865223942,0.001543677099231422,12.054203821123695
NYK_23,NYK,23,202711,B. Bogdanović,0.03752910560197233,0.0006380878886910191,8.695109376971137
NYK_23,NYK,23,203944,J. Randle,0.11984659635666348,0.008292258656713902,26.584338339870264
OKC_23,OKC,23,1628983,S. Gilgeous-Alexander,0.22420582830139144,0.30807983155049345,190.20708589977713
OKC_23,OKC,23,1629026,K. Williams,0.03084799159884484,0.0024416699024462085,23.587070757800774
OKC_23,OKC,23,1629652,L. Dort,0.08926227356261486,0.009125005315819834,56.62728995679692
OKC_23,OKC,23,1630198,I. Joe,0.061170911000262534,0.008025873969007002,47.007339085312324
OKC_23,OKC,23,1630322,L. Waters III,0.012995536886321869,0.0014435416948928026,15.150000839477459
OKC_23,OKC,23,1630581,J. Giddey,0.11866631661853505,0.0049045854273025435,26.150322778506936
OKC_23,OKC,23,1630598,A. Wiggins,0.051194539249146756,0.002277794038354708,17.541723115130186
OKC_23,OKC,23,1631096,C. Holmgren,0.131005513258073,0.006023565439034817,41.66897854218104
OKC_23,OKC,23,1631114,J. Williams,0.13349960619585194,0.006606263148607017,44.83454462469181
OKC_23,OKC,23,1631119,J. Williams,0.026909950118141245,0.0036082582872988267,33.06695644933384
OKC_23,OKC,23,1631172,O. Dieng,0.014964557626673668,0.0033542092857149486,21.891040103075905
OKC_23,OKC,23,1641717,C. Wallace,0.056182725124704645,0.004149941631348519,35.44802685257496
OKC_23,OKC,23,202330,G. Hayward,0.0156208978734576,0.0019505550884686418,16.323152106628505
OKC_23,OKC,23,203995,V. Micić,0.013520609083749016,0.000979538374603961,21.37652387989842
ORL_23,ORL,23,1628365,M. Fultz,0.0451734337187416,0.0043274359391048955,29.272075556581722
ORL_23,ORL,23,1628371,J. Isaac,0.0345522990051089,0.006877785086416233,36.91623088070469
ORL_23,ORL,23,1628976,W. Carter Jr.,0.05861790803979564,0.006578019543581837,40.49425140760077
ORL_23,ORL,23,1629021,M. Wagner,0.08228018284485077,0.03134301856696797,77.09336919239317
ORL_23,ORL,23,1629048,G. Bitadze,0.02285560634579188,0.010476626971158809,46.335831916763944
ORL_23,ORL,23,1629643,C. Okeke,0.01425114278031729,0.005722084286948537,42.007423183276096
ORL_23,ORL,23,1630175,C. Anthony,0.11024468943264318,0.011161803952837057,47.686594339128874
ORL_23,ORL,23,1630532,F. Wagner,0.16792148426996503,0.01105148499688502,70.08518304501823
ORL_23,ORL,23,1630591,J. Suggs,0.10338800752890562,0.009682084326377627,43.883402062115614
ORL_23,ORL,23,1631094,P. Banchero,0.21349825221833826,0.07367943620282891,132.50853150979356
ORL_23,ORL,23,1631216,C. Houstan,0.02581339069642377,0.02551809877924749,69.6970507565827
ORL_23,ORL,23,1641710,A. Black,0.03683785963968809,0.0024209896790932106,22.876157138554564
ORL_23,ORL,23,203914,G. Harris,0.04140898090884646,0.007843114737050128,43.13477112154164
ORL_23,ORL,23,204060,J. Ingles,0.029846732992739985,0.004783512075258067,31.398221585810717
PHI_23,PHI,23,1626162,K. Oubre Jr.,0.1228537202182883,0.010870699579624832,33.57008224760405
PHI_23,PHI,23,1626166,C. Payne,0.036337015839212033,0.00180253756737625,11.60595113993251
PHI_23,PHI,23,1627741,B. Hield,0.04312524956741648,0.003739213658468632,17.21373533103258
PHI_23,PHI,23,1627788,F. Korkmaz,0.010914415013975776,0.0012449397544882501,10.03762734043588
PHI_23,PHI,23,1627863,D. House Jr.,0.01650472514308532,0.005093183836724302,19.520604601882283
PHI_23,PHI,23,1628964,M. Bamba,0.021695727405829895,0.005372099677150244,20.602319381394953
PHI_23,PHI,23,1629001,D. Melton,0.048316251830161056,0.008097643108668007,28.660197888071227
PHI_23,PHI,23,1630178,T. Maxey,0.20111806202582191,0.033400412702465965,60.04806547272042
PHI_23,PHI,23,1630194,P. Reed,0.05457207506987888,0.003069157151565416,16.830102123491145
PHI_23,PHI,23,1630231,K. Martin,0.018767469719153468,0.04839941535624959,59.55401763175858
PHI_23,PHI,23,1630531,J. Springer,0.01583921203247704,0.0018872684269247708,13.403378047498961
PHI_23,PHI,23,1641741,R. Council IV,0.01677093038732863,0.001519164690025776,10.690025414626518
PHI_23,PHI,23,200768,K. Lowry,0.02023159856249168,0.0013087397793176692,10.596423666823327
PHI_23,PHI,23,201587,N. Batum,0.028350858511912685,0.013172344801596458,32.899656749045995
PHI_23,PHI,23,201976,P. Beverley,0.03354186077465726,0.0017983794470647352,15.385683425070662
PHI_23,PHI,23,202694,M. Morris Sr.,0.027685345401304406,0.0021045760697325777,13.656889540371717
PHI_23,PHI,23,202699,T. Harris,0.12884333821376281,0.01106068794690196,42.816902853780405
PHI_23,PHI,23,203496,R. Covington,0.011446825502462399,0.005043002627712068,21.296196516691452
PHI_23,PHI,23,203954,J. Embiid,0.12990815919073606,0.18956004690608486,122.01083357554853
PHX_23,PHX,23,1626164,D. Booker,0.1952488989723742,0.07466483931835421,130.0860852426143
PHX_23,PHX,23,1626220,R. O'Neale,0.028293073535299612,0.002322291470061466,33.18667959541681
PHX_23,PHX,23,1628960,G. Allen,0.09101828373148271,0.01931662545708923,75.99876933783526
PHX_23,PHX,23,1628966,K. Bates-Diop,0.019484852529027093,0.0038767653974458582,29.366275487850018
PHX_23,PHX,23,1629002,C. Metu,0.02001868410516482,0.003560044078735891,28.76470088820024
PHX_23,PHX,23,1629006,J. Okogie,0.030561857733884958,0.005618598357085336,38.04192191127912
PHX_23,PHX,23,1629139,Y. Watanabe,0.011477378886961164,0.002981814174094266,25.71861597754288
PHX_23,PHX,23,1629234,D. Eubanks,0.03590017349526224,0.07233714743366526,135.95260080693478
PHX_23,PHX,23,1629626,B. Bol,0.018550647270786067,0.001310812451905563,17.061180989868905
PHX_23,PHX,23,1629642,N. Little,0.0186841051648205,0.0026317541095596253,24.61708070469404
PHX_23,PHX,23,1630240,S. Lee,0.00814093153610036,0.0017943791175270007,27.795145344494074
PHX_23,PHX,23,1630692,J. Goodwin,0.022020552515681302,0.00221526454200649,25.447103627751034
PHX_23,PHX,23,201142,K. Durant,0.20912851995195517,0.024663082400623426,73.64096392480242
PHX_23,PHX,23,201569,E. Gordon,0.08421193113572668,0.014862140227328902,62.86705372761106
PHX_23,PHX,23,203078,B. Beal,0.10449753102896037,0.006540424989325833,40.59218089990343
PHX_23,PHX,23,203994,J. Nurkić,0.09141865741358601,0.007038688511821878,44.4832292570972
POR_23,POR,23,1627763,M. Brogdon,0.06974190005491489,0.01288027612193765,55.3826559281009
POR_23,POR,23,1629014,A. Simons,0.11820428336079078,0.018847719030060328,65.98066204439571
POR_23,POR,23,1629028,D. Ayton,0.0900604063701263,0.3268336894676507,257.89008615760457
POR_23,POR,23,1629650,M. Brown,0.006864360241625481,0.0024624909708044207,23.902734530090093
POR_23,POR,23,1629680,M. Thybulle,0.040637012630422846,0.011280977434901196,52.65090507608774
POR_23,POR,23,1630204,A. Hagans,0.011257550796265788,0.025339058099156375,80.15754522072902
POR_23,POR,23,1630219,S. Mays,0.018396485447556288,0.005826569502925594,36.64206640760791
POR_23,POR,23,1630625,D. Banton,0.06123009335529929,0.012957938953591874,54.49334872771427
POR_23,POR,23,1630703,S. Henderson,0.11490939044481055,0.021658408378855798,70.29810792607807
POR_23,POR,23,1631101,S. Sharpe,0.06205381658429435,0.01244150080720352,61.70039832603096
POR_23,POR,23,1631133,J. Walker,0.06328940142778693,0.022317135914997843,72.22291740643591
POR_23,POR,23,1631200,K. Murray,0.048187808896210875,0.020430013361988353,68.49395063897927
POR_23,POR,23,1631303,J. Minaya,0.008099945085118066,0.013025227068827583,55.01709179876668
POR_23,POR,23,1641712,R. Rupert,0.023201537616694124,0.013538070869198116,56.64755556789442
POR_23,POR,23,1641739,T. Camara,0.05505216913783635,0.02947454470179489,84.34745452604899
POR_23,POR,23,1641871,D. Reath,0.06507413509060955,0.0111060906815873,51.020660290781045
POR_23,POR,23,203924,J. Grant,0.13165842943437672,0.010715737010877135,51.081537465866774
SAC_23,SAC,23,1626168,T. Lyles,0.04039743757353902,0.007322195815045451,35.35400716366242
SAC_23,SAC,23,1627734,D. Sabonis,0.15871355732775527,0.07562950368058674,112.19007600920888
SAC_23,SAC,23,1628368,D. Fox,0.20721662962478754,0.06742355615190732,102.7882611177446
SAC_23,SAC,23,1628370,M. Monk,0.12746764282912798,0.004403270091335232,28.076763173771116
SAC_23,SAC,23,1628426,A. Vezenkov,0.021702183291933585,0.008578869287032553,37.72164022893084
SAC_23,SAC,23,1628989,K. Huerter,0.07478101712642175,0.005688284639249197,31.23334386798151
SAC_23,SAC,23,1630537,C. Duarte,0.025101320434043665,0.004135449809763436,31.472714914131725
SAC_23,SAC,23,1630556,K. Edwards,0.009020787030984443,0.0029225811785518196,25.038419204311083
SAC_23,SAC,23,1630558,D. Mitchell,0.04183553405673944,0.004546474200558315,28.07499003459064
SAC_23,SAC,23,1631099,K. Murray,0.12328408942345405,0.009979727924848358,41.8712595899006
SAC_23,SAC,23,1631165,K. Ellis,0.030200026147208785,0.007717935793894237,34.72843452030046
SAC_23,SAC,23,1641732,C. Jones,0.009020787030984443,0.003012896610056881,21.67627596140959
SAC_23,SAC,23,201580,J. McGee,0.015034645051640738,0.008430733241677646,46.321443771556154
SAC_23,SAC,23,203084,H. Barnes,0.10105896195581121,0.005679874077810676,38.19415580912445
SAC_23,SAC,23,203458,A. Len,0.010197411426330238,0.006775010314860386,36.0370769122076
SAS_23,SAS,23,1626224,C. Osman,0.05146394943892687,0.004811004188548518,15.787973542015973
SAS_23,SAS,23,1628380,Z. Collins,0.08616019605314072,0.006595619514804474,19.36540167739063
SAS_23,SAS,23,1628984,D. Graham,0.014575003224558236,0.006898580185662029,17.250507329827965
SAS_23,SAS,23,1629640,K. Johnson,0.11505223784341545,0.012888330144352533,26.99525518295567
SAS_23,SAS,23,1630170,D. Vassell,0.14162259770411453,0.02363020977108876,34.022281722786964
SAS_23,SAS,23,1630200,T. Jones,0.0824197084999355,0.02360353173837315,36.42067990530031
SAS_23,SAS,23,1630572,S. Mamukelashvili,0.020379208048497355,0.0017766953916651396,11.297015615115125
SAS_23,SAS,23,1630577,J. Champagnie,0.05739713659228686,0.008323302338652527,22.652417223483766
SAS_23,SAS,23,1631103,M. Branham,0.08293563781761899,0.00716800271397211,17.64336522848692
SAS_23,SAS,23,1631104,B. Wesley,0.032890494002321684,0.007177737989639277,17.84486450668611
SAS_23,SAS,23,1631110,J. Sochan,0.09892944666580679,0.0024927888998367287,13.732158832689722
SAS_23,SAS,23,1631230,D. Barlow,0.012253321294982588,0.0044046172768155145,19.107934835381542
SAS_23,SAS,23,1641705,V. Wembanyama,0.161872823423191,0.08380568029428215,60.672464978633336
SAS_23,SAS,23,203926,D. McDermott,0.026312395201857346,0.0034930479767558698,13.002207687539629
TOR_23,TOR,23,1627751,J. Poeltl,0.050719852067098135,0.217306701201067,112.6764810204399
TOR_23,TOR,23,1627783,P. Siakam,0.09087306828688416,0.01944458650317127,34.77314917815526
TOR_23,TOR,23,1628384,O. Anunoby,0.04504028529916788,0.005537880257300509,23.606828381375177
TOR_23,TOR,23,1628449,C. Boucher,0.024963677189274863,0.003215478326166865,15.568916450043504
TOR_23,TOR,23,1628971,B. Brown,0.04015321621978603,0.0009020272756197212,7.506142842768883
TOR_23,TOR,23,1629007,J. Porter,0.01135913353586052,0.0027470746959342707,14.05201254102484
TOR_23,TOR,23,1629018,G. Trent Jr.,0.1129309206181482,0.007418888023873915,31.841808764120255
TOR_23,TOR,23,1629628,R. Barrett,0.07383436798309338,0.0025152052473442765,19.06233052641158
TOR_23,TOR,23,1629667,J. McDaniels,0.02522784308545767,0.0012836714929662651,9.606288707279418
TOR_23,TOR,23,1629670,J. Nwora,0.030114912164839518,0.003185461441256199,14.669732587838862
TOR_23,TOR,23,1630173,P. Achiuwa,0.02152952053889843,0.001970096794927434,11.788095888996951
TOR_23,TOR,23,1630193,I. Quickley,0.08004226654338925,0.007704506984891335,23.297557933748514
TOR_23,TOR,23,1630201,M. Flynn,0.017567032096156385,0.006156142258123443,22.197547714462075
TOR_23,TOR,23,1630534,O. Agbaji,0.02456742834500066,0.008154283171005416,26.389426206756077
TOR_23,TOR,23,1630567,S. Barnes,0.12772421080438515,0.011803285406126851,35.22972527514158
TOR_23,TOR,23,1631241,J. Freeman-Liberty,0.01703870030379078,0.0021334678532550777,11.91276859245494
TOR_23,TOR,23,1641711,G. Dick,0.0563994188350284,0.0016482649716185183,16.0830226489739
TOR_23,TOR,23,201152,T. Young,0.009377889314489499,0.0016924493661230056,12.50731836465147
TOR_23,TOR,23,202066,G. Temple,0.009113723418306697,0.0026478607971233137,12.721144960704397
TOR_23,TOR,23,203471,D. Schröder,0.07594769515255581,0.0035131363942971783,28.361885122889497
TOR_23,TOR,23,203482,K. Olynyk,0.03513406419231277,0.0037160154201599793,15.840631524253652
UTA_23,UTA,23,1627739,K. Dunn,0.04262807978099335,0.005313872718713419,49.11361120272242
UTA_23,UTA,23,1628374,L. Markkanen,0.12136618433059575,0.007993801968674497,85.14682381220327
UTA_23,UTA,23,1628381,J. Collins,0.09816190848650763,0.002701515942672872,64.97302278138524
UTA_23,UTA,23,1629012,C. Sexton,0.1509581540868205,0.01656164644758229,89.50769760867011
UTA_23,UTA,23,1629659,T. Horton-Tucker,0.06244296701864164,0.019453154910739845,72.93634986806191
UTA_23,UTA,23,1629677,L. Samanic,0.024247164646069613,0.0011092514305205414,18.946661140836856
UTA_23,UTA,23,1630209,O. Yurtseven,0.020205970538391346,0.019411528256073063,73.24423518341304
UTA_23,UTA,23,1630534,O. Agbaji,0.031938469560683094,0.0009213031279146078,52.3309277957916
UTA_23,UTA,23,1630548,J. Juzang,0.01433972102724547,0.01144729488223728,98.6645203752528
UTA_23,UTA,23,1631117,W. Kessler,0.03976013557554426,0.23918677161516944,274.53109400859057
UTA_23,UTA,23,1631323,S. Fontecchio,0.04653891278842393,0.0034071044643387838,32.70592328871315
UTA_23,UTA,23,1641707,T. Hendricks,0.028549080954243255,0.0057622961115247895,78.23560206016549
UTA_23,UTA,23,1641718,K. George,0.11589101812019294,0.0061567264856352555,104.23098311822135
UTA_23,UTA,23,1641729,B. Sensabaugh,0.029200886455481686,0.004991088478358718,67.90259434187139
UTA_23,UTA,23,203482,K. Olynyk,0.038065441272324335,0.002758173229486127,73.48419033356481
UTA_23,UTA,23,203903,J. Clarkson,0.11289271281449616,0.011912532345007332,117.8422653269346
WAS_23,WAS,23,1626145,T. Jones,0.08582230623818525,0.11745969512365961,585.7622558743827
WAS_23,WAS,23,1626153,D. Wright,0.015626969124133586,0.0304195353655643,343.26559355682025
WAS_23,WAS,23,1626158,R. Holmes,0.009703843730308758,0.003534456715405865,120.24043766773916
WAS_23,WAS,23,1628398,K. Kuzma,0.18235664776307497,0.16307049945565055,585.4483363253995
WAS_23,WAS,23,1628963,M. Bagley III,0.024700693131695022,0.0019636752597880225,67.27018842509139
WAS_23,WAS,23,1629013,L. Shamet,0.037429111531190926,0.04959567526819464,438.37949167980025
WAS_23,WAS,23,1629655,D. Gafford,0.03553875236294896,0.3351193936567961,787.181842921722
WAS_23,WAS,23,1629673,J. Poole,0.1575299306868305,0.10245667344750797,581.5245308000658
WAS_23,WAS,23,1630166,D. Avdija,0.11657214870825457,0.09049791064182666,474.19168236104395
WAS_23,WAS,23,1630215,J. Butler,0.027977315689981096,0.02023954046391896,204.16482955858766
WAS_23,WAS,23,1630264,A. Gill,0.01865154379332073,0.025005340991261837,323.26018228126065
WAS_23,WAS,23,1630551,J. Champagnie,0.00945179584120983,0.16524266567578572,567.7237861769743
WAS_23,WAS,23,1630557,C. Kispert,0.10875866414618778,0.003914520444898484,227.83234678252666
WAS_23,WAS,23,1630647,E. Omoruyi,0.019407687460617516,0.010705579737364523,162.93098641235568
WAS_23,WAS,23,1631098,J. Davis,0.019407687460617516,0.04551935287859643,426.99905036869643
WAS_23,WAS,23,1631116,P. Baldwin Jr.,0.02142407057340895,0.017143952326929557,267.6967675179487
WAS_23,WAS,23,1631262,J. Bernard,0.007813484562066793,0.08814677258867143,444.4396056920959
WAS_23,WAS,23,1641731,B. Coulibaly,0.06074354127284184,0.027080318074283682,393.87609730852984
WAS_23,WAS,23,1641774,T. Vukcevic,0.009199747952110902,0.02848484348563729,306.03155288575545
WAS_23,WAS,23,201568,D. Gallinari,0.01713925645872716,0.009691534559300718,163.8156383930532
WAS_23,WAS,23,203488,M. Muscala,0.009955891619407688,0.007764732113156758,138.14407852123728
ATL_24,ATL,24,1626204,L. Nance Jr.,0.020122827649287862,0.0037591317083670583,70.13684549038396
ATL_24,ATL,24,1627747,C. LeVert,0.038938978178492095,0.008272750441657095,87.20387360520537
ATL_24,ATL,24,1627777,G. Niang,0.03632562393832484,0.0072687958836245015,86.73016515940792
ATL_24,ATL,24,1629027,T. Young,0.20397229844505424,0.38025062439433477,474.4013197411852
ATL_24,ATL,24,1629611,T. Mann,0.024042859009538745,0.005742391277366199,70.35306018154225
ATL_24,ATL,24,1629631,D. Hunter,0.0697765582124657,0.002177173164011559,55.57999921290154
ATL_24,ATL,24,1629726,G. Mathews,0.03488827910623285,0.003268724848565885,94.08234570589559
ATL_24,ATL,24,1630168,O. Okongwu,0.08767803475761139,0.023871687653723828,139.95278232599622
ATL_24,ATL,24,1630249,V. Krejčí,0.03946164902652555,0.0017390070949495628,39.82274798523452
ATL_24,ATL,24,1630552,J. Johnson,0.06807787795635699,0.002355592034411047,41.554012738331316
ATL_24,ATL,24,1630700,D. Daniels,0.12321965242388606,0.006777221216610174,113.87979629703062
ATL_24,ATL,24,1630811,K. Wallace,0.020384163073304585,0.0033622873821474997,78.85776043621189
ATL_24,ATL,24,1631223,D. Roddy,0.013981445184894813,0.003250466144296804,51.36721787482874
ATL_24,ATL,24,1631230,D. Barlow,0.014112112896903175,0.0034543261976835993,64.65994377724758
ATL_24,ATL,24,1631243,M. Gueye,0.019861492225271137,0.01572204211076811,108.1046922820527
ATL_24,ATL,24,1641723,K. Bufkin,0.00718672416045995,0.009165800362061383,84.2698347262376
ATL_24,ATL,24,1642258,Z. Risacher,0.10126747680648111,0.004357174678993547,60.89409939741034
ATL_24,ATL,24,203991,C. Capela,0.04259767411472625,0.04914390601434637,210.7925958197724
ATL_24,ATL,24,203992,B. Bogdanović,0.029400235201881616,0.009103975462218972,103.74788882093253
BKN_24,BKN,24,1626156,D. Russell,0.04708362614195362,0.004890064720224796,55.847525303754594
BKN_24,BKN,24,1627732,B. Simmons,0.025579761068165847,0.008530369832536966,89.3042270886473
BKN_24,BKN,24,1627827,D. Finney-Smith,0.022206605762473648,0.003477210337314851,47.422718646034355
BKN_24,BKN,24,1629003,S. Milton,0.022768798313422347,0.0013311737507791799,28.46415946769394
BKN_24,BKN,24,1629651,N. Claxton,0.08011243851018975,0.07613562265739882,288.20264433428673
BKN_24,BKN,24,1629661,C. Johnson,0.10892480674631061,0.002440015224412395,43.476797864100725
BKN_24,BKN,24,1630533,Z. Williams,0.0657765284609979,0.014240787494992801,92.44812658840668
BKN_24,BKN,24,1630549,D. Sharpe,0.030639494026704146,0.013452010407427273,100.88600133359301
BKN_24,BKN,24,1630553,K. Johnson,0.10836261419536192,0.0072643006097595775,79.50530320222663
BKN_24,BKN,24,1630560,C. Thomas,0.07238229093464511,0.04321797617762091,159.6176230893368
BKN_24,BKN,24,1630570,T. Watford,0.057203092059030215,0.008114813622955186,73.84702775750746
BKN_24,BKN,24,1630592,J. Wilson,0.08952916373858047,0.004970723293412749,57.85460443871581
BKN_24,BKN,24,1631166,D. Timme,0.014476458186929024,0.003198127713132992,61.46224449324508
BKN_24,BKN,24,1631213,T. Martin,0.06732255797610681,0.004711098803198199,54.76196799016198
BKN_24,BKN,24,1641721,M. Lewis,0.013914265635980323,0.00643230295988706,62.14922972978928
BKN_24,BKN,24,1641727,D. Whitehead,0.011524947294448348,0.004130687077466111,56.10006243635047
BKN_24,BKN,24,1641730,N. Clowney,0.05031623330990864,0.0024120592438039434,46.680765470045294
BKN_24,BKN,24,1641736,R. Beekman,0.015881939564300774,0.004185841794063894,62.83740865280406
BKN_24,BKN,24,1641787,T. Evbuomwan,0.033450456781447646,0.008039014560219493,69.59244914261086
BKN_24,BKN,24,203471,D. Schröder,0.04848910751932537,0.01019179379526114,93.08974486966082
BOS_24,BOS,24,1627759,J. Brown,0.17385909278919068,0.022108953008196708,119.06979736201421
BOS_24,BOS,24,1628369,J. Tatum,0.2077760926513167,0.045837179040218556,165.48590440515073
BOS_24,BOS,24,1628401,D. White,0.13208327588584035,0.004350494430397145,96.80260657329003
BOS_24,BOS,24,1628436,L. Kornet,0.031435268164897286,0.020194078614312327,163.1474713567483
BOS_24,BOS,24,1629674,N. Queta,0.025644560871363575,0.003155879223586733,44.049140030417426
BOS_24,BOS,24,1630202,P. Pritchard,0.10326761340135117,0.007627255585377135,86.65892369823601
BOS_24,BOS,24,1630573,S. Hauser,0.05625258513718461,0.007061608401548236,67.37889326950545
BOS_24,BOS,24,1631248,B. Scheierman,0.013511650351578657,0.003829648763712168,83.33827571898667
BOS_24,BOS,24,1641775,J. Walsh,0.009926926788914932,0.0011972261353825342,52.50187114400145
BOS_24,BOS,24,201143,A. Horford,0.06066455259892458,0.006398126094363521,67.07662819306375
BOS_24,BOS,24,201950,J. Holiday,0.07679580863091134,0.0013351962070417,37.149543669262314
BOS_24,BOS,24,204001,K. Porziņģis,0.08189714600854818,0.00469996187398658,56.51995675632357
CHA_24,CHA,24,1628970,M. Bridges,0.15588769381198492,0.00655708930838883,71.68636679036224
CHA_24,CHA,24,1628998,C. Martin,0.03855287051264143,0.0010321627792743149,31.772632572836905
CHA_24,CHA,24,1629006,J. Okogie,0.01634306467383713,0.008019899633076921,61.549005630737824
CHA_24,CHA,24,1629610,D. Jeffries,0.039530660706802626,0.0012036891135438488,30.737835948296112
CHA_24,CHA,24,1629684,G. Williams,0.01620338036038553,0.0010278844402114018,21.913320002636706
CHA_24,CHA,24,1630163,L. Ball,0.13856683894398658,0.0038906856634457476,91.42545313441936
CHA_24,CHA,24,1630182,J. Green,0.059784886157284535,0.005836498793712064,62.31205523929301
CHA_24,CHA,24,1630208,N. Richards,0.01746053918144992,0.0010837525510870583,25.21564414018027
CHA_24,CHA,24,1630544,T. Mann,0.02081296270428831,0.001064169243090718,37.905413967746924
CHA_24,CHA,24,1631109,M. Williams,0.056013409694091354,0.027537949393422467,146.9134007522667
CHA_24,CHA,24,1631111,W. Moore Jr.,0.009777901941611957,0.004219652140899144,45.8943868807715
CHA_24,CHA,24,1631209,I. Wong,0.015504958793127532,0.0013068551894410696,26.269966636093777
CHA_24,CHA,24,1631217,M. Diabaté,0.035898868557061044,0.004530499461144144,46.48845693114709
CHA_24,CHA,24,1641706,B. Miller,0.0677468920240257,0.004878516685880574,66.1218949238842
CHA_24,CHA,24,1641733,N. Smith Jr.,0.07696605671183127,0.0022830892242863277,40.76240433048318
CHA_24,CHA,24,1641878,D. Baugh,0.017879592121804722,0.0007239086855765908,19.7031885058678
CHA_24,CHA,24,1642275,T. Salaün,0.0466545606928342,0.0075392707764960765,59.348230026465174
CHA_24,CHA,24,1642354,K. Simpson,0.037016343064673836,0.001106234585935395,30.246984687013168
CHA_24,CHA,24,201959,T. Gibson,0.012012850956837547,0.0012560608769798254,25.171547026071945
CHA_24,CHA,24,203552,S. Curry,0.041905294035479816,0.0012544060798654888,32.84772866919915
CHA_24,CHA,24,203994,J. Nurkić,0.02779717837686828,0.005041111899676709,49.694685292459944
CHA_24,CHA,24,203995,V. Micić,0.03757508031848023,0.0018184140028464357,30.06702710740227
CHI_24,CHI,24,1628366,L. Ball,0.02966381015161503,0.0046138253676827334,21.847820566730878
CHI_24,CHI,24,1628380,Z. Collins,0.021621621621621623,0.009477878094254821,32.03578165335633
CHI_24,CHI,24,1628975,J. Carter,0.016084377059986815,0.004120165174828605,20.704124490101986
CHI_24,CHI,24,1628989,K. Huerter,0.03704680290046144,0.0026019129488813464,16.75119082902518
CHI_24,CHI,24,1629632,C. White,0.15411997363216876,0.023238981870752684,48.90607452808489
CHI_24,CHI,24,1629659,T. Horton-Tucker,0.041397495056031644,0.004661168384342607,23.2306186055355
CHI_24,CHI,24,1630172,P. Williams,0.06170072511535926,0.0015374764895332849,17.91841536078834
CHI_24,CHI,24,1630188,J. Smith,0.051285431773236655,0.014977180895689668,42.52829700589097
CHI_24,CHI,24,1630200,T. Jones,0.018721160184574818,0.006830885625265237,27.498903399922728
CHI_24,CHI,24,1630245,A. Dosunmu,0.06315095583388267,0.006248572901157878,29.058527271507092
CHI_24,CHI,24,1630581,J. Giddey,0.11694133157547791,0.010590453459514482,38.67078959037047
CHI_24,CHI,24,1631207,D. Terry,0.036651285431773234,0.005308946995222441,25.16619760345537
CHI_24,CHI,24,1641763,J. Phillips,0.033487145682267634,0.006669455481274178,28.735253217009987
CHI_24,CHI,24,1641824,M. Buzelis,0.07382992748846408,0.004499210113848351,24.65210542967333
CHI_24,CHI,24,202696,N. Vučević,0.13183915622940012,0.21804649753649952,143.71021553593985
CHI_24,CHI,24,203897,Z. LaVine,0.1003295978905735,0.12445422052103516,109.28379508903906
CLE_24,CLE,24,1627747,C. LeVert,0.04256170780520347,0.0030386461425957467,39.61844043085986
CLE_24,CLE,24,1627777,G. Niang,0.0466977985323549,0.004070716614966607,36.008457100776006
CLE_24,CLE,24,1628378,D. Mitchell,0.18905937291527686,0.05411015870017666,126.51335350431172
CLE_24,CLE,24,1628386,J. Allen,0.08872581721147432,0.10968509580850239,194.62254347412437
CLE_24,CLE,24,1629622,M. Strus,0.04482988659106071,0.005744725460068989,41.923179059178615
CLE_24,CLE,24,1629631,D. Hunter,0.03682454969979987,0.004892629706113372,38.379040949969884
CLE_24,CLE,24,1629636,D. Garland,0.16037358238825883,0.037926474883783534,105.90939089568786
CLE_24,CLE,24,1629660,T. Jerome,0.08272181454302868,0.007731033946205446,48.362127522646546
CLE_24,CLE,24,1629731,D. Wade,0.03148765843895931,0.004808348614791735,38.24663639266847
CLE_24,CLE,24,1629750,J. Green,0.007204803202134757,0.003946697630742402,51.72116332495347
CLE_24,CLE,24,1630171,I. Okoro,0.03388925950633756,0.007488689048243402,50.32012015752312
CLE_24,CLE,24,1630241,S. Merrill,0.04923282188125417,0.011615782692081411,64.44189737706583
CLE_24,CLE,24,1630596,E. Mobley,0.1278185456971314,0.01064955345961005,111.52818120103706
CLE_24,CLE,24,1641854,C. Porter Jr.,0.018945963975983988,0.0026019915620875134,35.97320501322748
CLE_24,CLE,24,1642281,J. Tyson,0.017745163442294862,0.0031423164317920804,39.064355853489666
CLE_24,CLE,24,202684,T. Thompson,0.008272181454302868,0.005404295222079192,46.01506869420454
DAL_24,DAL,24,1628467,M. Kleber,0.013770311209033324,0.00284611474615748,53.47292930369235
DAL_24,DAL,24,1628997,C. Martin,0.011153952079316992,0.006041558945740211,60.12312504130049
DAL_24,DAL,24,1629023,P. Washington,0.0990085375929496,0.0037148406977590698,57.95281700501979
DAL_24,DAL,24,1629029,L. Dončić,0.06458275957036629,0.02347540414968763,117.42249041688231
DAL_24,DAL,24,1629655,D. Gafford,0.054530432387771964,0.013157951548026792,88.44359133830379
DAL_24,DAL,24,1629656,Q. Grimes,0.0501239328008813,0.006176872589661264,63.98594383619458
DAL_24,DAL,24,1630230,N. Marshall,0.1010740842743046,0.0047852948748960955,118.22046874993462
DAL_24,DAL,24,1630314,B. Williams,0.026576700633434317,0.004333914221112067,54.973549928756995
DAL_24,DAL,24,1630556,K. Edwards,0.017212889011291654,0.0017748062229938633,42.148875087616915
DAL_24,DAL,24,1630702,J. Hardy,0.05576976039658496,0.0032375167912500613,67.19235684064232
DAL_24,DAL,24,1631108,M. Christie,0.04296337097218397,0.002130524420193902,48.46436908402398
DAL_24,DAL,24,1641726,D. Lively II,0.026989809969705316,0.004051851536594264,60.17327701277156
DAL_24,DAL,24,1641765,O. Prosper,0.02588818507298265,0.0020216429159245486,54.93101170590157
DAL_24,DAL,24,202681,K. Irving,0.13164417515835858,0.01250845113515675,117.34729228073066
DAL_24,DAL,24,202691,K. Thompson,0.11663453594051225,0.028902598419042858,131.0431741235168
DAL_24,DAL,24,203076,A. Davis,0.02093087303773065,0.003016434792285194,44.61388501043826
DAL_24,DAL,24,203915,S. Dinwiddie,0.09639217846323327,0.004716395293847597,96.95895471367183
DAL_24,DAL,24,203939,D. Powell,0.007849077389148995,0.003244781861502344,51.22177029326238
DAL_24,DAL,24,203957,D. Exum,0.018865326356375653,0.003398527755308578,47.72281939220804
DEN_24,DEN,24,1627750,J. Murray,0.14937044400265076,0.08507285017837163,89.52372359732557
DEN_24,DEN,24,1629008,M. Porter Jr.,0.13439363817097416,0.024395516133956185,49.52176961596113
DEN_24,DEN,24,1629618,J. Pickett,0.022664015904572565,0.0021594474996546875,17.75585309966183
DEN_24,DEN,24,1630192,Z. Nnaji,0.01709741550695825,0.001885298021807258,15.071229490939915
DEN_24,DEN,24,1631124,J. Strawther,0.06706428098078197,0.005994621908708586,30.58432585771923
DEN_24,DEN,24,1631128,C. Braun,0.11530815109343936,0.05900101192652918,76.78183557488566
DEN_24,DEN,24,1631212,P. Watson,0.0637508283631544,0.01321932245190549,35.74746441055392
DEN_24,DEN,24,1641816,H. Tyson,0.015506958250497018,0.0021605320679040085,17.25917500113341
DEN_24,DEN,24,201566,R. Westbrook,0.10921139827700464,0.017230964593615172,45.55648123885484
DEN_24,DEN,24,201599,D. Jordan,0.015374420145791915,0.050065973240325246,68.8887268105786
DEN_24,DEN,24,203932,A. Gordon,0.06507620941020544,0.00754429332832407,27.588083358698096
DEN_24,DEN,24,203967,D. Šarić,0.007157057654075547,0.002603697331320154,23.574736778843928
DEN_24,DEN,24,203999,N. Jokić,0.20344599072233266,0.14467636743559453,115.53695254154503
DET_24,DET,24,1627736,M. Beasley,0.1415376256452051,0.03042607810000897,136.96884608411727
DET_24,DET,24,1630191,I. Stewart,0.039119804400977995,0.006783627269310366,62.984879327877785
DET_24,DET,24,1630194,P. Reed,0.017386579733767997,0.0037554965577123456,42.460428373749984
DET_24,DET,24,1630595,C. Cunningham,0.20089649551752242,0.05216716280571665,152.9254569197884
DET_24,DET,24,1631093,J. Ivey,0.06193969030154849,0.005904341423466741,62.591887738855306
DET_24,DET,24,1631105,J. Duren,0.07185547405596306,0.17213382887009843,259.10430679405704
DET_24,DET,24,1631111,W. Moore Jr.,0.007742461287693562,0.006703061119295861,51.108963957622834
DET_24,DET,24,1631204,M. Sasser,0.038983971746807934,0.006731395194491285,58.728732066919974
DET_24,DET,24,1631323,S. Fontecchio,0.05039391469709318,0.006169800163711159,70.54378932765697
DET_24,DET,24,1641709,A. Thompson,0.06601466992665037,0.01613924900472863,91.93095828715512
DET_24,DET,24,1641842,R. Holland II,0.061668024993208365,0.008471417130185177,79.4350086634623
DET_24,DET,24,202699,T. Harris,0.10214615593588698,0.022579519030336725,91.61563063707987
DET_24,DET,24,203471,D. Schröder,0.035859820700896494,0.007065246361861677,78.26917478652102
DET_24,DET,24,203501,T. Hardaway Jr.,0.09386036403151318,0.021327738718754707,114.59650501553034
GSW_24,GSW,24,1626172,K. Looney,0.02451047514719978,0.012015559506387219,40.497167520533345
GSW_24,GSW,24,1627741,B. Hield,0.09680953033000136,0.016035118277548555,51.063938526177104
GSW_24,GSW,24,1627780,G. Payton II,0.039025058195262224,0.015057843212413768,58.424085903684954
GSW_24,GSW,24,1629001,D. Melton,0.00725729152403122,0.0026019312733692734,33.304201371309695
GSW_24,GSW,24,1630228,J. Kuminga,0.07955634670683281,0.004285886372938141,24.17186852671851
GSW_24,GSW,24,1630311,P. Spencer,0.01451458304806244,0.0031533271176117372,20.73793982119355
GSW_24,GSW,24,1630322,L. Waters III,0.025742845405997535,0.0017849651805340594,20.49773197119995
GSW_24,GSW,24,1630541,M. Moody,0.07681774613172669,0.010520090866179443,45.067434572713374
GSW_24,GSW,24,1630611,G. Santos,0.0249212652334657,0.003343720198772937,22.13756601820919
GSW_24,GSW,24,1631218,T. Jackson-Davis,0.03916198822401753,0.09125130011110316,127.98603538124057
GSW_24,GSW,24,1641764,B. Podziemski,0.08010406682185403,0.004045197899781083,24.16254498332363
GSW_24,GSW,24,1642366,Q. Post,0.035191017390113655,0.004661862138045758,25.16545573663027
GSW_24,GSW,24,201939,S. Curry,0.17184718608790908,0.0445321019058893,76.85528217988956
GSW_24,GSW,24,202710,J. Butler III,0.055182801588388335,0.004165643895271631,24.579748811578455
GSW_24,GSW,24,203110,D. Green,0.08215801725318363,0.010360898612423286,42.29852103670896
GSW_24,GSW,24,203471,D. Schröder,0.0340955771600712,0.004612985267849257,25.122746917598068
GSW_24,GSW,24,203937,K. Anderson,0.022045734629604272,0.00590485934180307,29.47223449690849
GSW_24,GSW,24,203952,A. Wiggins,0.08311652745447076,0.008258835155249278,33.4385055273808
HOU_24,HOU,24,1627832,F. VanVleet,0.09466019417475728,0.013234386507385176,47.34746855502266
HOU_24,HOU,24,1628415,D. Brooks,0.11192017259978425,0.019218042191914475,52.438960307535076
HOU_24,HOU,24,1628988,A. Holiday,0.034924487594390506,0.008130416782912264,34.157547814826486
HOU_24,HOU,24,1629111,J. Landale,0.016720604099244876,0.005300690075059289,27.26032115276995
HOU_24,HOU,24,1630224,J. Green,0.19808522114347357,0.070642848575589,99.37454863350385
HOU_24,HOU,24,1630256,J. Tate,0.018338727076591153,0.003917059894573693,23.378674565658862
HOU_24,HOU,24,1630578,A. Sengun,0.1593851132686084,0.15674608831393477,142.23342965195386
HOU_24,HOU,24,1631095,J. Smith Jr.,0.06823085221143474,0.009409421836390819,42.28334334516386
HOU_24,HOU,24,1631106,T. Eason,0.06701725997842503,0.013644733341751314,48.98391982993569
HOU_24,HOU,24,1631466,N. Williams,0.007955771305285868,0.005321676818628052,30.963342416618502
HOU_24,HOU,24,1641708,A. Thompson,0.10706580366774542,0.04938168371595253,86.17294274126064
HOU_24,HOU,24,1641715,C. Whitmore,0.05164509169363538,0.004687920246967514,30.895626881561995
HOU_24,HOU,24,1642263,R. Sheppard,0.029800431499460624,0.007355575470323394,34.609789280900316
HOU_24,HOU,24,201145,J. Green,0.015102481121898598,0.004468941257446679,25.66826172319403
HOU_24,HOU,24,203500,S. Adams,0.013619201725997843,0.009891682751752784,38.02054784322942
IND_24,IND,24,1626167,M. Turner,0.10915968657119697,0.030113175519203006,59.190470682071584
IND_24,IND,24,1627783,P. Siakam,0.16373952985679546,0.04362961663971188,64.81347025007668
IND_24,IND,24,1628418,T. Bryant,0.03269386652256147,0.015400234783502054,42.44527658752909
IND_24,IND,24,1629614,A. Nembhard,0.07592542556065929,0.003720175110610513,18.980107374840458
IND_24,IND,24,1630167,O. Toppin,0.08443663874628479,0.017722505852704296,45.328102175422615
IND_24,IND,24,1630169,T. Haliburton,0.13753039718994867,0.033208181781815616,62.71135301374573
IND_24,IND,24,1630174,A. Nesmith,0.05336395568765199,0.004775983533109707,28.830338166181342
IND_24,IND,24,1631097,B. Mathurin,0.12442583085652527,0.06963502275552569,80.81828818010338
IND_24,IND,24,1631245,Q. Jackson,0.0143204539313699,0.002448159787733495,15.572692862154712
IND_24,IND,24,1641716,J. Walker,0.04958119427181843,0.0029055938190447606,17.703364200412068
IND_24,IND,24,1641767,B. Sheppard,0.03526074034044853,0.009453785356961064,33.903469119886886
IND_24,IND,24,1642277,J. Furphy,0.012564171845447177,0.0018651843364143605,13.584256453074415
IND_24,IND,24,204456,T. McConnell,0.08605782221021345,0.025185091784150293,53.31573282690619
LAC_24,LAC,24,1626181,N. Powell,0.1346045197740113,0.01396897134171704,75.38933074315885
LAC_24,LAC,24,1627739,K. Dunn,0.06228813559322034,0.015228286975351613,68.12131013494783
LAC_24,LAC,24,1627826,I. Zubac,0.12514124293785311,0.083472754955764,157.24803477441642
LAC_24,LAC,24,1627884,D. Jones Jr.,0.08488700564971752,0.030043768246592384,87.626274414018
LAC_24,LAC,24,1628964,M. Bamba,0.01172316384180791,0.002040329960128928,24.131084228191227
LAC_24,LAC,24,1629599,A. Coffey,0.07344632768361582,0.014658280598138784,66.77124814557027
LAC_24,LAC,24,1629611,T. Mann,0.025706214689265535,0.004023010400927229,40.37008306478359
LAC_24,LAC,24,1629645,K. Porter Jr.,0.061581920903954805,0.0035848930022532866,30.45867873008633
LAC_24,LAC,24,1630538,B. Hyland,0.016242937853107344,0.0014960785401278986,21.109900925985038
LAC_24,LAC,24,1641738,K. Brown,0.009180790960451978,0.0009792093922993406,19.689419385976503
LAC_24,LAC,24,1641757,J. Miller,0.019067796610169493,0.0020196664254443775,22.840208629644238
LAC_24,LAC,24,201587,N. Batum,0.030649717514124295,0.009792901488551609,51.521350097033725
LAC_24,LAC,24,201935,J. Harden,0.1963276836158192,0.08174125065337134,155.77697515389283
LAC_24,LAC,24,202695,K. Leonard,0.08771186440677967,0.0055012816474723225,38.55960335131314
LAC_24,LAC,24,203992,B. Bogdanović,0.03502824858757062,0.0018949205246252543,23.22477453557757
LAL_24,LAL,24,1626156,D. Russell,0.044992338765844825,0.0009840239090814773,14.373366875811806
LAL_24,LAL,24,1627827,D. Finney-Smith,0.03649533361192367,0.005815257185831202,42.64301713865706
LAL_24,LAL,24,1629003,S. Milton,0.013233040813483771,0.0009440171172380163,14.035643199735821
LAL_24,LAL,24,1629020,J. Vanderbilt,0.014347402145145563,0.0017689353300168742,21.43067287795099
LAL_24,LAL,24,1629029,L. Dončić,0.07090123972698148,0.010227505012529448,45.74621082595372
LAL_24,LAL,24,1629060,R. Hachimura,0.07898035938152946,0.004059004584310633,29.15132922490618
LAL_24,LAL,24,1629216,G. Vincent,0.05460370525142778,0.00308864489965055,41.58102756409491
LAL_24,LAL,24,1629629,C. Reddish,0.012257974648279704,0.0032325642839906576,28.909224895626817
LAL_24,LAL,24,1629637,J. Hayes,0.03273436411756512,0.10667139030881001,153.67898599414153
LAL_24,LAL,24,1630559,A. Reaves,0.16339323025491015,0.021904243261661516,83.26384469379641
LAL_24,LAL,24,1630692,J. Goodwin,0.016576124808469147,0.0006313548714604877,18.390809987421235
LAL_24,LAL,24,1631108,M. Christie,0.04582810976459117,0.002042209067259604,20.545133342953868
LAL_24,LAL,24,1631132,C. Koloko,0.007939824488090262,0.0015356627082738772,18.141361933500274
LAL_24,LAL,24,1642261,D. Knecht,0.07480150438779774,0.00918701080784956,45.69542108951698
LAL_24,LAL,24,1642355,B. James,0.009472071319125227,0.003636826163213591,37.230604591238304
LAL_24,LAL,24,203076,A. Davis,0.1129683799972141,0.022870370808340756,73.62126120422074
LAL_24,LAL,24,2544,L. James,0.1927845103774899,0.03112061249852871,79.9292090826104
MEM_24,MEM,24,1628379,L. Kennard,0.05466112698000519,0.018325175251887482,62.467037416779114
MEM_24,MEM,24,1628991,J. Jackson Jr.,0.18008309529992209,0.03440586460639028,71.03523936932993
MEM_24,MEM,24,1629630,J. Morant,0.11646325629706569,0.012899855438271324,44.53757334260144
MEM_24,MEM,24,1629634,B. Clarke,0.04388470527135809,0.14234861663391618,143.44769300196327
MEM_24,MEM,24,1629723,J. Konchar,0.010646585302518826,0.012323182783043896,42.79612380527727
MEM_24,MEM,24,1630205,L. Stevens,0.00804985717995326,0.015660809371226936,48.15363644016032
MEM_24,MEM,24,1630217,D. Bane,0.1302259153466632,0.018562911757250666,54.6579834687649
MEM_24,MEM,24,1630583,S. Aldama,0.08075824461178914,0.020312567254438307,55.29672775413415
MEM_24,MEM,24,1630590,S. Pippen Jr.,0.08919761101012724,0.0029606044915431173,35.258924815472795
MEM_24,MEM,24,1630643,J. Huff,0.03972994027525318,0.020597865047209174,55.14228141746093
MEM_24,MEM,24,1631222,J. LaRavia,0.03284861075045443,0.007321685526050503,42.021492369543495
MEM_24,MEM,24,1631246,V. Williams Jr.,0.020903661386652818,0.00893939388461873,37.15327242111091
MEM_24,MEM,24,1641713,G. Jackson,0.024409244352116333,0.009998838990632475,39.69036288299461
MEM_24,MEM,24,1641744,Z. Edey,0.045702414957153985,0.087982350051941,138.25576945492702
MEM_24,MEM,24,1642285,C. Spencer,0.010516748896390548,0.00838437337919462,35.72972692173676
MEM_24,MEM,24,1642377,J. Wells,0.08205660867307193,0.025840322939037708,62.05518000876687
MEM_24,MEM,24,203935,M. Smart,0.021293170605037652,0.007240771832291659,37.86843575774486
MIA_24,MIA,24,1626179,T. Rozier,0.08808219178082191,0.008401260819447365,45.329408727975675
MIA_24,MIA,24,1628389,B. Adebayo,0.15534246575342467,0.12257582183053706,139.0031300757697
MIA_24,MIA,24,1629130,D. Robinson,0.08726027397260273,0.006543676302241397,34.49076068658614
MIA_24,MIA,24,1629312,H. Highsmith,0.05082191780821918,0.00936500085748404,39.09654190216024
MIA_24,MIA,24,1629639,T. Herro,0.19917808219178082,0.018262103361185833,74.51389305768215
MIA_24,MIA,24,1630558,D. Mitchell,0.03424657534246575,0.005586083135112663,30.14006846053815
MIA_24,MIA,24,1630696,D. Smith,0.008767123287671232,0.006208706853889745,31.57566614629835
MIA_24,MIA,24,1631107,N. Jović,0.056027397260273976,0.004768435385298142,33.87467476131252
MIA_24,MIA,24,1631170,J. Jaquez Jr.,0.07301369863013699,0.0063244690438403195,36.71270530472834
MIA_24,MIA,24,1641796,P. Larsson,0.02958904109589041,0.004716270616862417,27.61746827314117
MIA_24,MIA,24,1642276,K. Ware,0.05493150684931507,0.2825741860927192,197.44856917138367
MIA_24,MIA,24,201567,K. Love,0.013561643835616439,0.0010632867442524896,13.066894042155656
MIA_24,MIA,24,202692,A. Burks,0.036575342465753426,0.005033599514978615,34.26595720886822
MIA_24,MIA,24,202710,J. Butler III,0.043424657534246576,0.009683651980820773,40.88546451588778
MIA_24,MIA,24,203937,K. Anderson,0.01767123287671233,0.0013866071028690863,15.40135557839273
MIA_24,MIA,24,203952,A. Wiggins,0.03561643835616438,0.005140052259183792,35.0547663083169
MIL_24,MIL,24,1626153,D. Wright,0.011231448054552748,0.003095947002172972,36.056469836281686
MIL_24,MIL,24,1626171,B. Portis,0.0720684583500468,0.031033764463090474,84.03176809369883
MIL_24,MIL,24,1626192,P. Connaughton,0.024735927263003075,0.0007878783206298756,19.894966230168194
MIL_24,MIL,24,1627752,T. Prince,0.07099879663056559,0.006643028657824623,58.737481734277196
MIL_24,MIL,24,1628398,K. Kuzma,0.05883139457146677,0.0030905902399376295,30.898917281036177
MIL_24,MIL,24,1629018,G. Trent Jr.,0.08891563043187592,0.011631276801738144,60.64149532985111
MIL_24,MIL,24,1629645,K. Porter Jr.,0.03730445246690734,0.004350068210874469,36.46319316425187
MIL_24,MIL,24,1630699,M. Beauchamp,0.00681909346169274,0.0045473460909705166,32.52426556893724
MIL_24,MIL,24,1631157,R. Rollins,0.03944377590586977,0.003288706846077738,36.644332688574835
MIL_24,MIL,24,1631260,A. Green,0.05441903997860677,0.012487198704288827,75.59366002246453
MIL_24,MIL,24,1641748,A. Jackson Jr.,0.025538173552613987,0.00780043469562508,46.096547205144184
MIL_24,MIL,24,201572,B. Lopez,0.10549538708383474,0.017927575813945773,77.16145149855024
MIL_24,MIL,24,203081,D. Lillard,0.14346837812541785,0.03794836526686218,93.72159218405673
MIL_24,MIL,24,203114,K. Middleton,0.03035165129027945,0.0049213064452288124,35.09012952533367
MIL_24,MIL,24,203507,G. Antetokounmpo,0.2069795427196149,0.18727310817754705,203.97023098516354
MIN_24,MIN,24,1628978,D. DiVincenzo,0.07960607304062371,0.0028914235556694035,39.66355021971113
MIN_24,MIN,24,1629638,N. Alexander-Walker,0.08603474216933388,0.0035367183256050927,44.86501136431659
MIN_24,MIN,24,1629675,N. Reid,0.12474353713582273,0.003654954381538733,42.33629005488552
MIN_24,MIN,24,1630162,A. Edwards,0.24552044863903708,0.11124879302312107,201.12545888952886
MIN_24,MIN,24,1630183,J. McDaniels,0.1086034742169334,0.0010975939467096074,27.44451595256516
MIN_24,MIN,24,1630545,T. Shannon Jr.,0.016413623307345096,0.0010526480361271462,21.85032266353605
MIN_24,MIN,24,1630568,L. Garza,0.01272055806319245,0.0016422859968517889,28.614867835690113
MIN_24,MIN,24,1631169,J. Minott,0.01367801942278758,0.000490306849894595,16.504628405867415
MIN_24,MIN,24,1641740,J. Clark,0.01600328272466147,0.0014977387464062408,32.768048762717136
MIN_24,MIN,24,1642265,R. Dillingham,0.026672137874435783,0.0018231685210140514,29.902832123886316
MIN_24,MIN,24,201144,M. Conley,0.06428669128710163,0.0009622855414848086,30.559200791751724
MIN_24,MIN,24,203497,R. Gobert,0.063876350704418,0.5108862830941341,370.41468594092726
MIN_24,MIN,24,203944,J. Randle,0.13582273286828067,0.009621172914461074,58.76768717474369
NOP_24,NOP,24,1627742,B. Ingram,0.04427543121010458,0.01446291207096273,69.25357099084879
NOP_24,NOP,24,1627749,D. Murray,0.0685861741138123,0.006725224982209399,45.32668703801041
NOP_24,NOP,24,1628464,D. Theis,0.017384218389243516,0.0014847404916747964,38.37305772893802
NOP_24,NOP,24,1628971,B. Brown,0.026483770202363168,0.008645899405480773,60.977868167881354
NOP_24,NOP,24,1629627,Z. Williamson,0.08094526687491511,0.013418743126222155,62.56745651564653
NOP_24,NOP,24,1629669,J. Nowell,0.008556294988455792,0.0035046411288549573,39.906930779944084
NOP_24,NOP,24,1629750,J. Green,0.02824935488252071,0.0023272727553032,31.459023211173246
NOP_24,NOP,24,1630526,J. Robinson-Earl,0.041423332880619314,0.0020701682119438347,36.54589081781202
NOP_24,NOP,24,1630527,B. Boston,0.05201684096156458,0.005581479320964311,43.156230292536556
NOP_24,NOP,24,1630529,H. Jones,0.022273529811218253,0.002390163507369092,33.1531788580295
NOP_24,NOP,24,1630530,T. Murphy III,0.12549232649735162,0.0051552030171240215,37.33658400910828
NOP_24,NOP,24,1630631,J. Alvarado,0.0681787314953144,0.00551751951349666,41.716971568616614
NOP_24,NOP,24,1631232,K. Brooks Jr.,0.014667934265924215,0.004043850106988489,45.124259849798065
NOP_24,NOP,24,1631255,K. Matković,0.03232378106749966,0.01829877714877226,75.3834141666351
NOP_24,NOP,24,1631288,J. Cain,0.022001901398886324,0.001803329298018741,27.831597561758926
NOP_24,NOP,24,1631311,L. Quinones,0.008148852369957897,0.005384188210652008,67.13013961671348
NOP_24,NOP,24,1641722,J. Hawkins,0.07388292815428493,0.007276866194719567,45.63344820500905
NOP_24,NOP,24,1641810,A. Reeves,0.033546108922993347,0.004821580326742181,39.092158661052444
NOP_24,NOP,24,1642274,Y. Missi,0.052967540404726336,0.03558408479979036,124.6561103345419
NOP_24,NOP,24,203468,C. McCollum,0.13948118973244603,0.020902010693744644,76.56041294378254
NOP_24,NOP,24,203482,K. Olynyk,0.020100502512562814,0.006794480767297606,42.584838401273
NOP_24,NOP,24,203901,E. Payton,0.012902349585766672,0.006665824569008882,55.93464129921119
NYK_24,NYK,24,1626157,K. Towns,0.17011813759555247,0.008651069914242249,21.15547010258112
NYK_24,NYK,24,1626166,C. Payne,0.05906879777623349,0.010941057971053936,23.735023347956684
NYK_24,NYK,24,1628384,O. Anunoby,0.1467685892981237,0.0117524367823032,24.852826581889424
NYK_24,NYK,24,1628404,J. Hart,0.11382904794996525,0.010832368391798575,25.191199805398302
NYK_24,NYK,24,1628969,M. Bridges,0.15455177206393328,0.09289882618828216,67.59913815863925
NYK_24,NYK,24,1628973,J. Brunson,0.17261987491313413,0.1427999474087397,90.1098356143535
NYK_24,NYK,24,1629013,L. Shamet,0.03113273106323836,0.0027558124923817706,12.921013501198127
NYK_24,NYK,24,1630173,P. Achiuwa,0.040166782487838774,0.0051512034039066235,16.384177686060596
NYK_24,NYK,24,1630540,M. McBride,0.06782487838776928,0.013253373686931247,26.052577706519376
NYK_24,NYK,24,1642278,T. Kolek,0.011257817929117443,0.0015527988946976157,13.155506140340314
OKC_24,OKC,24,1627936,A. Caruso,0.039122783267903076,0.002996418829752878,42.9410425534034
OKC_24,OKC,24,1628392,I. Hartenstein,0.06091782861784215,0.1823036073141152,312.7907642956257
OKC_24,OKC,24,1628983,S. Gilgeous-Alexander,0.2436713144713686,0.2385049838360509,373.1819634126026
OKC_24,OKC,24,1629026,K. Williams,0.041153377555164475,0.00979424086098657,92.14528417371693
OKC_24,OKC,24,1629652,L. Dort,0.07093542710166509,0.0067573496824574475,89.03708116797715
OKC_24,OKC,24,1630198,I. Joe,0.07431975091376743,0.008180458888598863,96.01895789270941
OKC_24,OKC,24,1630598,A. Wiggins,0.09543793150128604,0.0046171420681614395,60.694820045853014
OKC_24,OKC,24,1631096,C. Holmgren,0.04751590632191688,0.006887832780487213,63.64852551295544
OKC_24,OKC,24,1631114,J. Williams,0.15730337078651685,0.03641927945744461,183.23806960636458
OKC_24,OKC,24,1631119,J. Williams,0.026803844591850548,0.00642871042305504,76.62012343222564
OKC_24,OKC,24,1631172,O. Dieng,0.015567889535670773,0.004904295880937215,54.02582770735168
OKC_24,OKC,24,1641717,C. Wallace,0.06186543928523081,0.001536699719834611,32.01049692611944
OKC_24,OKC,24,1641745,A. Flagler,0.010288344388791119,0.004942648982888875,63.31610867204276
OKC_24,OKC,24,1641794,D. Jones,0.014891024773250305,0.005387871792447929,61.000880980293324
OKC_24,OKC,24,1642349,A. Mitchell,0.025585488019493705,0.010015464735306012,76.83592080147089
OKC_24,OKC,24,1642382,B. Carlson,0.010423717341275214,0.00825226327325157,70.20663036211462
ORL_24,ORL,24,1628371,J. Isaac,0.03208333333333333,0.002744936719393465,139.32387363210074
ORL_24,ORL,24,1628976,W. Carter Jr.,0.06625,0.007554341739948955,195.48908581141797
ORL_24,ORL,24,1629021,M. Wagner,0.04111111111111111,0.0012765895061909172,44.68500734680976
ORL_24,ORL,24,1629048,G. Bitadze,0.04402777777777778,0.08876956316383855,425.5410411802705
ORL_24,ORL,24,1630175,C. Anthony,0.07708333333333334,0.006862464788854328,105.25891367066286
ORL_24,ORL,24,1630243,T. Queen,0.019444444444444445,0.005244650216987279,93.6827018020544
ORL_24,ORL,24,1630532,F. Wagner,0.18041666666666667,0.03582585059956478,316.35968391646077
ORL_24,ORL,24,1630591,J. Suggs,0.06777777777777778,0.003088502273556837,117.2664325545531
ORL_24,ORL,24,1631094,P. Banchero,0.135,0.05552979408190439,300.94472072174756
ORL_24,ORL,24,1631216,C. Houstan,0.024166666666666666,0.007498308768419504,132.52468546927432
ORL_24,ORL,24,1641710,A. Black,0.09708333333333333,0.010118126269647476,148.10347339445374
ORL_24,ORL,24,1641724,J. Howard,0.034444444444444444,0.0031179082556450632,70.50347021971753
ORL_24,ORL,24,1641783,T. da Silva,0.06430555555555556,0.0021271609187273333,63.613109986356484
ORL_24,ORL,24,202709,C. Joseph,0.019583333333333335,0.0014950996684878204,52.344490492665166
ORL_24,ORL,24,203484,K. Caldwell-Pope,0.08027777777777778,0.020608551622749882,180.76826594583815
ORL_24,ORL,24,203914,G. Harris,0.016666666666666666,0.0017808351623748164,53.86740953553048
PHI_24,PHI,24,1626162,K. Oubre Jr.,0.1036986301369863,0.005881096401288866,24.00471608474749
PHI_24,PHI,24,1627824,G. Yabusele,0.08095890410958904,0.0070167992082407205,26.49825231500537
PHI_24,PHI,24,1628997,C. Martin,0.03506849315068493,0.001697429148479035,13.933053528318494
PHI_24,PHI,24,1629022,L. Walker IV,0.026164383561643835,0.005687704299485397,27.590374929148652
PHI_24,PHI,24,1629656,Q. Grimes,0.06287671232876713,0.004698487094158543,21.542950419980983
PHI_24,PHI,24,1630178,T. Maxey,0.1591780821917808,0.033099308704247044,64.23317791453529
PHI_24,PHI,24,1630215,J. Butler,0.03684931506849315,0.0011641003267943706,10.724382318562842
PHI_24,PHI,24,1630231,K. Martin,0.014383561643835616,0.004037400707383121,20.039440786212126
PHI_24,PHI,24,1630288,J. Dowtin Jr.,0.03123287671232877,0.0037679377107316947,22.10685626322461
PHI_24,PHI,24,1630542,M. Bagley,0.00684931506849315,0.0065337978708197575,25.832671700363566
PHI_24,PHI,24,1641720,J. Hood-Schifino,0.011095890410958905,0.0033763899185518254,18.35345440399737
PHI_24,PHI,24,1641737,A. Bona,0.02506849315068493,0.09433219946091342,104.33871554896207
PHI_24,PHI,24,1641741,R. Council IV,0.06904109589041096,0.007151634896476411,29.85964449618693
PHI_24,PHI,24,1642272,J. McCain,0.03863013698630137,0.004483016617879754,23.186258720598
PHI_24,PHI,24,1642348,J. Edwards,0.04835616438356164,0.008150117309185245,31.007474952076482
PHI_24,PHI,24,200768,K. Lowry,0.017123287671232876,0.005035041139217933,23.81864484330381
PHI_24,PHI,24,201569,E. Gordon,0.030273972602739726,0.009630151179416901,31.322689233566802
PHI_24,PHI,24,202331,P. George,0.08095890410958904,0.012821350861269343,36.4096078655426
PHI_24,PHI,24,202704,R. Jackson,0.018356164383561645,0.0038666622253409333,19.670010921283442
PHI_24,PHI,24,203083,A. Drummond,0.026438356164383562,0.009580354853290896,31.56318771858536
PHI_24,PHI,24,203954,J. Embiid,0.05123287671232877,0.054319866926046734,73.0736602095042
PHX_24,PHX,24,1626145,T. Jones,0.09079391891891891,0.0032454207884747843,88.74897489025857
PHX_24,PHX,24,1626164,D. Booker,0.20861486486486486,0.03276977073520626,177.8192827346512
PHX_24,PHX,24,1626220,R. O'Neale,0.0731981981981982,0.011932117369900075,108.51887820410887
PHX_24,PHX,24,1627814,D. Lee,0.011824324324324325,0.0020744517532539364,90.6747263597527
PHX_24,PHX,24,1628420,M. Morris,0.026323198198198196,0.010289283498121637,170.9495903367357
PHX_24,PHX,24,1628960,G. Allen,0.07573198198198199,0.003812253494732576,115.0136299508574
PHX_24,PHX,24,1628998,C. Martin,0.008445945945945946,0.00809235432717903,91.07661866908428
PHX_24,PHX,24,1629006,J. Okogie,0.015343468468468468,0.00395158764491077,84.64506446346003
PHX_24,PHX,24,1629626,B. Bol,0.02519707207207207,0.0042317448636634,71.86004238244526
PHX_24,PHX,24,1630208,N. Richards,0.030686936936936936,0.012906580892367181,123.17658400541282
PHX_24,PHX,24,1631221,C. Gillespie,0.01900337837837838,0.011977077072804154,270.03594788559406
PHX_24,PHX,24,1642345,O. Ighodaro,0.025760135135135136,0.004506000653835551,124.90798202935187
PHX_24,PHX,24,1642346,R. Dunn,0.05912162162162162,0.008133680770384566,192.28530953433636
PHX_24,PHX,24,201142,K. Durant,0.16807432432432431,0.011114524275763538,106.93538858736657
PHX_24,PHX,24,203078,B. Beal,0.10078828828828829,0.01538887741569095,140.67596536131907
PHX_24,PHX,24,203486,M. Plumlee,0.027308558558558557,0.033102877548823906,216.58757502404688
PHX_24,PHX,24,203994,J. Nurkić,0.026323198198198196,0.006573505205180075,81.62936432934856
POR_24,POR,24,1629014,A. Simons,0.14961481281254224,0.018437177340026367,82.55737458289877
POR_24,POR,24,1629028,D. Ayton,0.05419651304230302,0.12231216659175592,190.73203503349043
POR_24,POR,24,1629057,R. Williams III,0.00892012434112718,0.008673983192411194,57.915377582430615
POR_24,POR,24,1629680,M. Thybulle,0.01216380591971888,0.0023147060123464014,37.8875778669798
POR_24,POR,24,1630166,D. Avdija,0.13312609812136775,0.0061564208396549525,69.69073447725083
POR_24,POR,24,1630625,D. Banton,0.06987430733882957,0.005808138804691776,54.0417637436896
POR_24,POR,24,1630703,S. Henderson,0.10177050952831464,0.00496980107977163,44.18924204146257
POR_24,POR,24,1631101,S. Sharpe,0.15448033518042978,0.012394991864387972,63.01232203241155
POR_24,POR,24,1631133,J. Walker,0.028517367211785376,0.0051305349721948446,39.65363547019603
POR_24,POR,24,1631200,K. Murray,0.03446411677253683,0.0017286179107490751,35.85196767398732
POR_24,POR,24,1641712,R. Rupert,0.019056629274226248,0.004819456399106192,38.62033614983999
POR_24,POR,24,1641739,T. Camara,0.09528314637113124,0.00254651922609872,31.143070783785387
POR_24,POR,24,1641871,D. Reath,0.018516015677794297,0.002404577230704419,27.067770915003088
POR_24,POR,24,1642270,D. Clingan,0.032031355588593054,0.02131412377390096,103.74017677484991
POR_24,POR,24,203924,J. Grant,0.0804162724692526,0.007713732259970407,50.41229399057098
SAC_24,SAC,24,1626168,T. Lyles,0.047443762781186095,0.008708833628724544,34.029137164035554
SAC_24,SAC,24,1627734,D. Sabonis,0.12488070892978868,0.05249183807819213,86.50669688580415
SAC_24,SAC,24,1628365,M. Fultz,0.0092706203135651,0.0014139916176005851,17.972457039206585
SAC_24,SAC,24,1628368,D. Fox,0.1263803680981595,0.01989298029898423,50.92948558997167
SAC_24,SAC,24,1628370,M. Monk,0.13715064758009543,0.012121443264889398,43.53888945473913
SAC_24,SAC,24,1628989,K. Huerter,0.0398091342876619,0.0036041784811182698,22.76759401338753
SAC_24,SAC,24,1631099,K. Murray,0.10483980913428766,0.019228076153790297,54.28426534929937
SAC_24,SAC,24,1631165,K. Ellis,0.06175869120654397,0.01005904810703706,43.08579199773415
SAC_24,SAC,24,1631222,J. LaRavia,0.013360599863667348,0.0010362530235572542,12.212285995390042
SAC_24,SAC,24,1642269,D. Carter,0.015132924335378323,0.0007918779247259033,10.225054553050464
SAC_24,SAC,24,1642403,I. Jones,0.009679618268575324,0.0015973523508412413,14.899205991000223
SAC_24,SAC,24,201942,D. DeRozan,0.18173142467620995,0.10895479955063092,126.11112971004613
SAC_24,SAC,24,202685,J. Valančiūnas,0.023585548738922973,0.004513776551642978,23.940306204466797
SAC_24,SAC,24,203897,Z. LaVine,0.0665303340149966,0.00338281840145338,20.702785125623983
SAC_24,SAC,24,203926,D. McDermott,0.014723926380368098,0.0032118315914942963,22.715025582130433
SAS_24,SAS,24,101108,C. Paul,0.0710091492557695,0.049450317323337045,89.06229712293104
SAS_24,SAS,24,1628368,D. Fox,0.04028403659702308,0.008490058983711246,36.592540494760314
SAS_24,SAS,24,1628380,Z. Collins,0.018844735764031135,0.005989142995088126,34.260340479264165
SAS_24,SAS,24,1629640,K. Johnson,0.10009558923938276,0.00593205315269274,39.56615091103095
SAS_24,SAS,24,1629646,C. Bassey,0.014065273794892804,0.020295929998680462,59.02693857887483
SAS_24,SAS,24,1630170,D. Vassell,0.11866721289089172,0.017029684391708155,52.724968388120274
SAS_24,SAS,24,1630200,T. Jones,0.012016932950976375,0.0026837754414160697,22.685285704924592
SAS_24,SAS,24,1630572,S. Mamukelashvili,0.03796258364058446,0.0019350979926191503,17.90669600496298
SAS_24,SAS,24,1630577,J. Champagnie,0.08985388501980063,0.012998292080448226,48.71519117883383
SAS_24,SAS,24,1631103,M. Branham,0.026491874914652463,0.004256176617934537,26.527556739809143
SAS_24,SAS,24,1631104,B. Wesley,0.02772087942100232,0.002760692404187859,22.180057145543007
SAS_24,SAS,24,1631110,J. Sochan,0.06691246756793663,0.04747161196371774,92.77673016716352
SAS_24,SAS,24,1641705,V. Wembanyama,0.11661887204697528,0.029909612401895602,69.01643143535306
SAS_24,SAS,24,1642264,S. Castle,0.14297419090536664,0.023379086081433575,67.9086724353926
SAS_24,SAS,24,202687,B. Biyombo,0.014201829851153898,0.035148503840815026,74.11924716288375
SAS_24,SAS,24,203084,H. Barnes,0.09313123037006692,0.0032460446141262533,30.368153266613607
TOR_24,TOR,24,1627751,J. Poeltl,0.06898410132039881,0.07016837904140572,126.30973715212403
TOR_24,TOR,24,1628449,C. Boucher,0.04661816222042576,0.007443552907884232,41.957825955215846
TOR_24,TOR,24,1628971,B. Brown,0.01818916734033953,0.0035049750378137734,33.09682892137805
TOR_24,TOR,24,1629628,R. Barrett,0.14847749932632714,0.01984597839427693,66.68539537273911
TOR_24,TOR,24,1630193,I. Quickley,0.06022635408245756,0.006009348642904255,61.14277065410157
TOR_24,TOR,24,1630534,O. Agbaji,0.06911883589329022,0.004902247586424879,52.0549952328215
TOR_24,TOR,24,1630558,D. Mitchell,0.036917272972244675,0.007701192636878629,47.30406890241064
TOR_24,TOR,24,1630567,S. Barnes,0.14470493128536782,0.044304991313679265,115.0124006598792
TOR_24,TOR,24,1630639,A. Lawson,0.024925895984909727,0.004638477431461507,32.130526184442594
TOR_24,TOR,24,1630658,C. Castleton,0.007679870654810024,0.010199722853968751,45.67278844674456
TOR_24,TOR,24,1631115,O. Robinson,0.0274858528698464,0.01104854333829186,48.825784407902326
TOR_24,TOR,24,1631197,J. Rhoden,0.010913500404203719,0.008827419985503848,50.65980028788829
TOR_24,TOR,24,1641711,G. Dick,0.09161950956615468,0.00797570412764681,64.1988260322357
TOR_24,TOR,24,1642266,J. Walter,0.050794933980059284,0.0056035181343421225,56.41703782154338
TOR_24,TOR,24,1642347,J. Shead,0.06831042845594179,0.00440505016000059,52.868689101299445
TOR_24,TOR,24,1642367,J. Mogbo,0.04527081649151172,0.006013810809001874,46.95772199713951
TOR_24,TOR,24,1642419,J. Battle,0.04176771759633522,0.01290109030437403,71.80702615052392
TOR_24,TOR,24,202066,G. Temple,0.007814605227701428,0.002803494612548474,25.987220478714512
TOR_24,TOR,24,203482,K. Olynyk,0.016841821611425493,0.0013420186626940112,16.801996884366243
UTA_24,UTA,24,1628374,L. Markkanen,0.09487562865298356,0.0466663297271257,195.69990710633226
UTA_24,UTA,24,1628381,J. Collins,0.07543835802636945,0.0025397704365035523,77.37213803145427
UTA_24,UTA,24,1629004,S. Mykhailiuk,0.038874541253228215,0.0029970599110747953,44.332618520138496
UTA_24,UTA,24,1629012,C. Sexton,0.12722577137420144,0.017880143685568894,105.07216698251587
UTA_24,UTA,24,1629234,D. Eubanks,0.021204295229033575,0.03268392924675401,145.41733563932627
UTA_24,UTA,24,1630231,K. Martin,0.014543971727606362,0.013100215566278273,214.88108224518678
UTA_24,UTA,24,1630548,J. Juzang,0.06062253635992932,0.026605524346798193,130.03936479569356
UTA_24,UTA,24,1630695,M. Potter,0.01658284626885959,0.00558488716923955,72.67205511457905
UTA_24,UTA,24,1631117,W. Kessler,0.0479815142041593,0.012887822168453522,101.09670411212298
UTA_24,UTA,24,1631131,O. Tshiebwe,0.008835123012097322,0.001628141386629589,98.58894755909336
UTA_24,UTA,24,1641718,K. George,0.13103167051787412,0.019827484170412912,111.7215842678691
UTA_24,UTA,24,1641729,B. Sensabaugh,0.07910833220062526,0.013439626988733244,113.87882679012593
UTA_24,UTA,24,1642262,C. Williams,0.03316569253771918,0.0035663404719694647,54.21910316154415
UTA_24,UTA,24,1642268,I. Collier,0.084001631099633,0.020595744369541702,112.93391577364503
UTA_24,UTA,24,1642271,K. Filipowski,0.07530243305695256,0.010248509088788382,96.78929360730496
UTA_24,UTA,24,201988,P. Mills,0.009922522767432378,0.008794630284316929,125.82865578930051
UTA_24,UTA,24,203903,J. Clarkson,0.06769063476960718,0.0026988888310355286,41.203415665796996
WAS_24,WAS,24,1626158,R. Holmes,0.013926815947569634,0.06104131698984283,131.0078222430059
WAS_24,WAS,24,1627763,M. Brogdon,0.03700163844893501,0.045685186021826696,122.19408877910764
WAS_24,WAS,24,1628398,K. Kuzma,0.0662206444565811,0.02362150613308789,84.36131002590956
WAS_24,WAS,24,1628963,M. Bagley III,0.007373020207536865,0.025634118328081157,88.76661961826954
WAS_24,WAS,24,1629673,J. Poole,0.1466411796832332,0.11849877076251003,163.61412878148192
WAS_24,WAS,24,1630215,J. Butler,0.025805570726379026,0.01768582873038549,64.93974429446371
WAS_24,WAS,24,1630264,A. Gill,0.014063353358820316,0.06280374815636314,135.35133257480098
WAS_24,WAS,24,1630551,J. Champagnie,0.05120152921900601,0.006419913111825992,47.062667067180485
WAS_24,WAS,24,1630557,C. Kispert,0.07919169852539595,0.013238433600501254,62.354417578709686
WAS_24,WAS,24,1631098,J. Davis,0.010513380666302566,0.020740672301382768,77.53041468902502
WAS_24,WAS,24,1641731,B. Coulibaly,0.09052430365920262,0.025156496214028046,79.32963463333411
WAS_24,WAS,24,1641732,C. Jones,0.01119606772255598,0.02529308273560449,94.87106750498019
WAS_24,WAS,24,1641774,T. Vukcevic,0.035363189513926814,0.025150659116280782,77.81947230131522
WAS_24,WAS,24,1641798,J. Martin,0.009830693610049153,0.0032924415322991285,29.010867213443046
WAS_24,WAS,24,1642259,A. Sarr,0.10909339158929547,0.036485216576833235,146.4316207179006
WAS_24,WAS,24,1642267,B. Carrington,0.09530311305297652,0.08910190829349729,148.6412274337076
WAS_24,WAS,24,1642273,K. George,0.0764609503003823,0.059200292844573954,123.91732095255317
WAS_24,WAS,24,1642358,A. Johnson,0.0244401966138722,0.0055999960244671465,42.974735901205946
WAS_24,WAS,24,202685,J. Valančiūnas,0.05188421627525942,0.13078886544874613,178.5916662020583
WAS_24,WAS,24,203114,K. Middleton,0.019115237575095576,0.032554287384276015,95.7208023783566
WAS_24,WAS,24,203935,M. Smart,0.016111414527580557,0.027013552011059372,89.56553830989412
ATL_25,ATL,25,1628379,L. Kennard,0.03143542482009847,0.005984790875616208,17.82577475834468
ATL_25,ATL,25,1629027,T. Young,0.02184067668223709,0.004542732487129997,13.81903424986052
ATL_25,ATL,25,1629111,J. Landale,0.017548289357404368,0.005484720719041936,15.231765158198662
ATL_25,ATL,25,1629216,G. Vincent,0.009847241509910365,0.0029892850229777945,10.87855969343469
ATL_25,ATL,25,1629638,N. Alexander-Walker,0.16601439212220678,0.02342190965386126,32.751563665259674
ATL_25,ATL,25,1630168,O. Okongwu,0.11349577073601817,0.014250065879459872,28.5097771057968
ATL_25,ATL,25,1630228,J. Kuminga,0.01969448301982073,0.0008942121472828024,6.248593944226981
ATL_25,ATL,25,1630249,V. Krejčí,0.03913647266759247,0.004066272559435591,13.906978943044624
ATL_25,ATL,25,1630552,J. Johnson,0.18065900770104784,0.011455584626972937,21.623351256760554
ATL_25,ATL,25,1630557,C. Kispert,0.03610655220300467,0.0020390356041891655,9.243603342065644
ATL_25,ATL,25,1630700,D. Daniels,0.10200732230778942,0.01772266137412326,26.45473682621355
ATL_25,ATL,25,1630811,K. Wallace,0.020199469763918697,0.00714575173492471,19.575075277577003
ATL_25,ATL,25,1631243,M. Gueye,0.03206665825022093,0.002177488298777064,10.104586820410823
ATL_25,ATL,25,1642258,Z. Risacher,0.06615326347683373,0.007004122033570481,19.074938209637594
ATL_25,ATL,25,1642854,A. Newell,0.020704456508016663,0.004249515436753226,13.117343452003196
ATL_25,ATL,25,203468,C. McCollum,0.08142911248579725,0.03317126462751396,37.012307139206456
ATL_25,ATL,25,204001,K. Porziņģis,0.02663805075116778,0.019352053847415007,27.63176047876933
BKN_25,BKN,25,1629008,M. Porter Jr.,0.13305473173362092,0.008344762308922116,97.32876154176545
BKN_25,BKN,25,1629611,T. Mann,0.04745214343488811,0.006602163093752611,120.12595467817368
BKN_25,BKN,25,1629651,N. Claxton,0.0860070099757347,0.060801253443306336,325.3745837304636
BKN_25,BKN,25,1630533,Z. Williams,0.06848207063898624,0.0014714565770516108,81.26524022169785
BKN_25,BKN,25,1630534,O. Agbaji,0.015233216500404422,0.003774093410206958,92.13094913131492
BKN_25,BKN,25,1630549,D. Sharpe,0.04259908331086546,0.006550264733126365,96.43860152283382
BKN_25,BKN,25,1630560,C. Thomas,0.045969263952547856,0.01792926402535655,104.99975244066177
BKN_25,BKN,25,1630592,J. Wilson,0.04098139660285791,0.01684345432894041,155.31545158265138
BKN_25,BKN,25,1630604,E. Liddell,0.01563763817740631,0.0011761171395407999,34.90583657124649
BKN_25,BKN,25,1630623,T. Etienne,0.020895119978430843,0.0051727255043259035,112.01712526268646
BKN_25,BKN,25,1631169,J. Minott,0.016716095982744674,0.0018162449382762569,71.0437798550651
BKN_25,BKN,25,1631213,T. Martin,0.03437584254516042,0.0002105413589839067,65.83592521799385
BKN_25,BKN,25,1641730,N. Clowney,0.0953087085467781,0.005883045134698062,113.40929492118234
BKN_25,BKN,25,1641869,M. Smith,0.013750337018064168,0.0020579302393169963,36.703137947111905
BKN_25,BKN,25,1642849,N. Traore,0.07576166082502023,0.008910920975811254,79.65561036432769
BKN_25,BKN,25,1642856,E. Dëmin,0.061606902129954164,0.005831305245891705,107.93179337142483
BKN_25,BKN,25,1642874,D. Wolf,0.06511188999730386,0.0011719893394106506,69.77181907762031
BKN_25,BKN,25,1642879,B. Saraf,0.04677810730655163,0.003929757487864949,78.11357200000613
BKN_25,BKN,25,1642962,D. Powell,0.054327311943920195,0.0037449242194771415,97.89913742070866
BKN_25,BKN,25,1643052,C. Johnson,0.01307630088972769,0.0021647966963346255,123.38390867966989
BOS_25,BOS,25,1627759,J. Brown,0.23886138613861385,0.01669966987227578,95.60280024621187
BOS_25,BOS,25,1628369,J. Tatum,0.042216721672167216,0.0016557769059422078,23.518478541160363
BOS_25,BOS,25,1628401,D. White,0.14892739273927394,0.005056430465743,65.62572739286651
BOS_25,BOS,25,1629014,A. Simons,0.07522002200220022,0.0023168453264743594,43.53658498437343
BOS_25,BOS,25,1629674,N. Queta,0.06298129812981298,0.17045288830514382,257.5673186319751
BOS_25,BOS,25,1630202,P. Pritchard,0.14067656765676567,0.007499140410763272,54.61567020576873
BOS_25,BOS,25,1630568,L. Garza,0.041254125412541254,0.002062199040907764,27.898787821065717
BOS_25,BOS,25,1630573,S. Hauser,0.07728272827282728,0.022210886213176018,89.19352978454252
BOS_25,BOS,25,1631169,J. Minott,0.016776677667766776,0.002255269485165301,27.237610803413546
BOS_25,BOS,25,1631199,R. Harper Jr.,0.013201320132013201,0.0050420082865244575,48.6463246137207
BOS_25,BOS,25,1631248,B. Scheierman,0.04482948294829483,0.003830531899522316,48.260072221309
BOS_25,BOS,25,1641775,J. Walsh,0.03396589658965896,0.0032660273790218186,32.92918462557872
BOS_25,BOS,25,1642864,H. González,0.03094059405940594,0.004608457046214709,43.55817801785739
BOS_25,BOS,25,202696,N. Vučević,0.0187018701870187,0.005678094989956306,47.55819596161917
CHA_25,CHA,25,1626192,P. Connaughton,0.011679420056383408,0.004165174242943159,84.60057295395005
CHA_25,CHA,25,1628970,M. Bridges,0.14914753658209157,0.007410223811892713,115.54191542739878
CHA_25,CHA,25,1629012,C. Sexton,0.06242448650825614,0.003362942578880701,111.90156348593531
CHA_25,CHA,25,1629632,C. White,0.03396429050879313,0.00232252667440469,88.19878133346342
CHA_25,CHA,25,1629684,G. Williams,0.02738622633910592,0.004434141927304958,82.78678156527452
CHA_25,CHA,25,1630163,L. Ball,0.15867901731776077,0.008780523881610436,157.0492122996176
CHA_25,CHA,25,1630182,J. Green,0.022419116659954358,0.004088485207838888,93.76270646569306
CHA_25,CHA,25,1630544,T. Mann,0.03718619948986441,0.0027338362654930615,75.46309919959641
CHA_25,CHA,25,1631217,M. Diabaté,0.045643710565176535,0.014262280393592452,157.49894983379076
CHA_25,CHA,25,1641706,B. Miller,0.14914753658209157,0.009463353523864293,99.84030677194885
CHA_25,CHA,25,1641750,R. Kalkbrenner,0.03396429050879313,0.02041202589278368,178.83581057998805
CHA_25,CHA,25,1642275,T. Salaün,0.023224593905222177,0.003489657542475433,53.613237624934975
CHA_25,CHA,25,1642354,K. Simpson,0.012216404886561954,0.005446123522005464,89.99418519994016
CHA_25,CHA,25,1642851,K. Knueppel,0.15572560075177877,0.004557083441993459,136.27020920719403
CHA_25,CHA,25,1642862,L. McNeeley,0.01369311316955296,0.005005564067395163,87.07975373165026
CHA_25,CHA,25,1642883,S. James,0.048999865753792456,0.004143092609600774,114.61949891902671
CHI_25,CHI,25,1627824,G. Yabusele,0.02829705505761844,0.0037223972966606844,15.49382047565207
CHI_25,CHI,25,1628380,Z. Collins,0.008450704225352112,0.0020244848572690266,15.235032502590558
CHI_25,CHI,25,1628975,J. Carter,0.012548015364916773,0.0031371478723142276,12.370169234933725
CHI_25,CHI,25,1628989,K. Huerter,0.05454545454545454,0.0028916188820682365,12.673625087119897
CHI_25,CHI,25,1629012,C. Sexton,0.04660691421254801,0.0035868845469136934,13.683051538140912
CHI_25,CHI,25,1629014,A. Simons,0.009346991037131882,0.004521080764040786,15.813704367009548
CHI_25,CHI,25,1629632,C. White,0.056338028169014086,0.003715993596574041,13.26818514030527
CHI_25,CHI,25,1630171,I. Okoro,0.06261203585147247,0.00354860290847836,15.52689091376601
CHI_25,CHI,25,1630172,P. Williams,0.06542893725992317,0.0035521071186385145,13.445502801314404
CHI_25,CHI,25,1630188,J. Smith,0.05070422535211268,0.004954535255660142,19.491075885892933
CHI_25,CHI,25,1630200,T. Jones,0.0910371318822023,0.010320294588653467,23.595469388241625
CHI_25,CHI,25,1630208,N. Richards,0.016645326504481434,0.11887656775975919,73.57533979265472
CHI_25,CHI,25,1630245,A. Dosunmu,0.07042253521126761,0.005740465146580664,16.510856399628327
CHI_25,CHI,25,1630581,J. Giddey,0.10025608194622279,0.005471158599329118,16.108890474613638
CHI_25,CHI,25,1630644,M. McClung,0.00678617157490397,0.0026430606565019943,18.697370253638734
CHI_25,CHI,25,1631159,L. Miller,0.027528809218950064,0.004740328938422467,15.170846391061247
CHI_25,CHI,25,1631207,D. Terry,0.012548015364916773,0.0029781387637007883,12.182348397606534
CHI_25,CHI,25,1641763,J. Phillips,0.00998719590268886,0.004702022627856461,14.937955692331286
CHI_25,CHI,25,1641824,M. Buzelis,0.12612035851472472,0.006934853547319597,19.217750381345304
CHI_25,CHI,25,1642265,R. Dillingham,0.03495518565941101,0.0025673970434584303,12.375982395423048
CHI_25,CHI,25,1642530,Y. Kawamura,0.00678617157490397,0.002866839650117803,15.8721269881262
CHI_25,CHI,25,1642950,L. Olbrich,0.009603072983354673,0.002867885861638886,16.30008591998961
CHI_25,CHI,25,202696,N. Vučević,0.08437900128040973,0.18244324823123703,88.77673596271617
CLE_25,CLE,25,1626204,L. Nance Jr.,0.015811335923891195,0.0020076484306574827,19.62256331429949
CLE_25,CLE,25,1628366,L. Ball,0.022779043280182234,0.0033936012327288045,32.64821286662388
CLE_25,CLE,25,1628378,D. Mitchell,0.20434141766045827,0.045320677694763,93.76902699213142
CLE_25,CLE,25,1628386,J. Allen,0.069543079190674,0.24338775536386992,190.8497186638352
CLE_25,CLE,25,1628418,T. Bryant,0.03416856492027335,0.0038429552506290543,28.00693042285016
CLE_25,CLE,25,1629622,M. Strus,0.01259547099021841,0.004997333014121086,33.64979991174471
CLE_25,CLE,25,1629631,D. Hunter,0.06699718611818303,0.00417347221269726,31.39103073093765
CLE_25,CLE,25,1629636,D. Garland,0.052257805172182765,0.006861981452636279,34.01347943851579
CLE_25,CLE,25,1629731,D. Wade,0.03282862119790969,0.009348970853978233,45.598230139783794
CLE_25,CLE,25,1630241,S. Merrill,0.06284336057885569,0.005551769312360344,45.076691450284706
CLE_25,CLE,25,1630596,E. Mobley,0.11992496315154763,0.013616087601867166,49.188086466925824
CLE_25,CLE,25,1631165,K. Ellis,0.0229130376524186,0.0016007111169553667,20.236678957938135
CLE_25,CLE,25,1641772,N. Tomlin,0.038054401715127965,0.007152474824657085,36.07586485070364
CLE_25,CLE,25,1641854,C. Porter Jr.,0.038590379204073426,0.003408931976765839,24.284524889095557
CLE_25,CLE,25,1642281,J. Tyson,0.08468444325338335,0.015189194902020309,50.49160288969561
CLE_25,CLE,25,1642878,T. Proctor,0.028406806914109607,0.0028029975838615995,24.882094640549088
CLE_25,CLE,25,201935,J. Harden,0.04984590647192818,0.007965780730036287,40.34999844448768
CLE_25,CLE,25,203471,D. Schröder,0.031220688731073296,0.00319903346317707,23.550963312360004
DAL_25,DAL,25,1626156,D. Russell,0.029899911313822376,0.004498702044364422,40.43121895870235
DAL_25,DAL,25,1628963,M. Bagley III,0.01862409730140631,0.022422886140070597,132.0380985447675
DAL_25,DAL,25,1628997,C. Martin,0.02521221335360446,0.004856635462354042,71.11492570031928
DAL_25,DAL,25,1629023,P. Washington,0.08843278854681363,0.0036071563446137267,43.17740308972631
DAL_25,DAL,25,1629655,D. Gafford,0.04104903078677309,0.016257628529161572,121.16532743318581
DAL_25,DAL,25,1630230,N. Marshall,0.12162675788673508,0.0077977018422941136,69.36117055634432
DAL_25,DAL,25,1630314,B. Williams,0.09768148992778411,0.013448076632121442,72.22467862967437
DAL_25,DAL,25,1630619,M. Cisse,0.011529203091346764,0.0038350032825653635,48.207307301780496
DAL_25,DAL,25,1630702,J. Hardy,0.023311795261624225,0.005352049213787513,48.52126250621515
DAL_25,DAL,25,1631108,M. Christie,0.10072215887495249,0.022611006708151637,90.00368593118301
DAL_25,DAL,25,1642358,A. Johnson,0.01330292664386165,0.006678878600036575,80.71393894173764
DAL_25,DAL,25,1642843,C. Flagg,0.16723679209426073,0.019704237522813806,97.46480310114912
DAL_25,DAL,25,1642948,R. Nembhard,0.05055112124667427,0.004870549587924877,44.33808532138996
DAL_25,DAL,25,1642967,J. Poulakidas,0.010262257696693273,0.005130567810098574,47.48391420179571
DAL_25,DAL,25,202691,K. Thompson,0.09020651209932852,0.03131371647817427,110.57479098409036
DAL_25,DAL,25,203076,A. Davis,0.04079564170784239,0.003767350038270223,48.2754664109653
DAL_25,DAL,25,203114,K. Middleton,0.03180032940580261,0.011817468052918834,66.09896206354617
DAL_25,DAL,25,203939,D. Powell,0.017863930064614217,0.014734492618845518,76.56387660440197
DEN_25,DEN,25,1627750,J. Murray,0.18497335239828416,0.16585740806575022,162.26431570365236
DEN_25,DEN,25,1628971,B. Brown,0.06850383465488107,0.01523132538676375,53.30523619977907
DEN_25,DEN,25,1629618,J. Pickett,0.03340699337059665,0.014405598937220931,53.289694992919095
DEN_25,DEN,25,1629661,C. Johnson,0.06564409203171714,0.019547251769153617,62.411610362819005
DEN_25,DEN,25,1630192,Z. Nnaji,0.018978291953724163,0.008148061957522379,38.798552471261864
DEN_25,DEN,25,1631124,J. Strawther,0.04510594046535812,0.009944478071047591,45.10562835998644
DEN_25,DEN,25,1631128,C. Braun,0.05121539061484466,0.02209124575817678,65.01713607371619
DEN_25,DEN,25,1631212,P. Watson,0.08410243078122968,0.005755310211204012,31.122234120892127
DEN_25,DEN,25,1641747,D. Holmes II,0.008059274665280124,0.007019665900537264,34.02134895942671
DEN_25,DEN,25,1641816,H. Tyson,0.007019368256856883,0.004308829689169125,26.635448061315593
DEN_25,DEN,25,1642461,S. Jones,0.03496685298323151,0.015922515315878516,52.44958196765973
DEN_25,DEN,25,202685,J. Valančiūnas,0.04796568308852203,0.07081383634928162,109.1490548981789
DEN_25,DEN,25,203501,T. Hardaway Jr.,0.10737033666969972,0.036478300803875374,83.46442198731545
DEN_25,DEN,25,203932,A. Gordon,0.055375016248537634,0.011413092569354855,49.01110590161494
DEN_25,DEN,25,203999,N. Jokić,0.17535421812036917,0.02988940195845402,69.80996368920813
DET_25,DET,25,1627747,C. LeVert,0.05504587155963303,0.003388608814730687,30.20447367696309
DET_25,DET,25,1628989,K. Huerter,0.025032765399737877,0.0018515787676681716,32.17673956614947
DET_25,DET,25,1629130,D. Robinson,0.09305373525557012,0.043590157174285826,98.12522942069418
DET_25,DET,25,1629750,J. Green,0.05543905635648755,0.01453602465305659,52.54469583172528
DET_25,DET,25,1630191,I. Stewart,0.05137614678899083,0.016872049393758193,82.81596636729391
DET_25,DET,25,1630194,P. Reed,0.042988204456094366,0.0022677904170729235,29.36899563838168
DET_25,DET,25,1630595,C. Cunningham,0.16199213630406292,0.027914532683428472,74.25856695676262
DET_25,DET,25,1631093,J. Ivey,0.02804718217562254,0.0038440479408274886,33.38143673478031
DET_25,DET,25,1631105,J. Duren,0.1162516382699869,0.07377258110231533,141.7130582257546
DET_25,DET,25,1631204,M. Sasser,0.022673656618610746,0.005720679625919489,38.53331790679164
DET_25,DET,25,1641709,A. Thompson,0.08086500655307995,0.010515268195508187,50.72707156934342
DET_25,DET,25,1641842,R. Holland II,0.08020969855832241,0.004029835381409441,28.74139775631337
DET_25,DET,25,1642404,C. Lanier,0.010878112712975098,0.0021096764672312585,43.023236717423615
DET_25,DET,25,1642450,D. Jenkins,0.07771952817824378,0.009394341229850722,45.56231266696062
DET_25,DET,25,202699,T. Harris,0.0891218872870249,0.014223216692330065,52.80332526233026
GSW_25,GSW,25,1627741,B. Hield,0.03839025681758009,0.014723669482773927,51.83156004413151
GSW_25,GSW,25,1627780,G. Payton II,0.05334921895684406,0.03336255014664502,89.92344442288302
GSW_25,GSW,25,1629001,D. Melton,0.07426528991262907,0.010108642619438002,42.20586434256112
GSW_25,GSW,25,1630228,J. Kuminga,0.028461742123378344,0.0062119367620042665,52.659520597352945
GSW_25,GSW,25,1630311,P. Spencer,0.05559968228752978,0.02094676262349804,106.3898716563465
GSW_25,GSW,25,1630541,M. Moody,0.07201482658194334,0.015071756522518354,54.44727753130449
GSW_25,GSW,25,1630611,G. Santos,0.0672491395287265,0.01926433337504596,87.38266735183697
GSW_25,GSW,25,1631218,T. Jackson-Davis,0.012576118612655547,0.07395595316587389,112.49368321303093
GSW_25,GSW,25,1631466,N. Williams,0.012178978024887478,0.010558543020674493,50.30087873367215
GSW_25,GSW,25,1641764,B. Podziemski,0.12748212867355044,0.05697883676787241,141.71518083383535
GSW_25,GSW,25,1642366,Q. Post,0.055202541699761715,0.004795557970874942,30.36487671248664
GSW_25,GSW,25,1642502,M. Leons,0.008339952343129467,0.02464522325604601,111.34098528086113
GSW_25,GSW,25,1642954,W. Richard,0.040375959756420436,0.018621628414105307,56.566129396371466
GSW_25,GSW,25,1643018,L. Cryer,0.015753243314800106,0.015477229728783626,51.56192291475906
GSW_25,GSW,25,201143,A. Horford,0.04249404289118348,0.015887117741269496,62.08341017474621
GSW_25,GSW,25,201939,S. Curry,0.11530315064866296,0.03925453600736861,91.57222621770721
GSW_25,GSW,25,202710,J. Butler III,0.0724119671697114,0.015800991225737526,55.365595431834585
GSW_25,GSW,25,203110,D. Green,0.07161768599417527,0.014770474604755335,54.45477550045638
GSW_25,GSW,25,203552,S. Curry,0.007016150383902568,0.01030709690179843,70.27377393827308
GSW_25,GSW,25,204001,K. Porziņģis,0.023696055070161502,0.08000257144385015,170.74842871666317
HOU_25,HOU,25,1627827,D. Finney-Smith,0.013065857199419295,0.0029471475775660894,30.810540912795016
HOU_25,HOU,25,1628988,A. Holiday,0.03312656724297215,0.004896689387468789,46.02627045680221
HOU_25,HOU,25,1629006,J. Okogie,0.03603009106506533,0.005453061908440304,37.65645350715279
HOU_25,HOU,25,1630256,J. Tate,0.012537943777220536,0.0026747874861970944,26.588571283962445
HOU_25,HOU,25,1630578,A. Sengun,0.16167348554837008,0.0626630333110143,123.44471622112317
HOU_25,HOU,25,1631095,J. Smith Jr.,0.12894285337204697,0.029902039953066617,87.94214450218935
HOU_25,HOU,25,1631106,T. Eason,0.06585719941929523,0.007391675813481324,48.75584858189654
HOU_25,HOU,25,1631120,J. Davison,0.00884254982182922,0.0015628048999558608,31.002353788097857
HOU_25,HOU,25,1641708,A. Thompson,0.16180546390391976,0.03379493101358866,87.30051225869305
HOU_25,HOU,25,1642263,R. Sheppard,0.1299986802164445,0.027453137020174156,96.4816366885472
HOU_25,HOU,25,201142,K. Durant,0.20469842945756897,0.07110603472179278,126.08969522794197
HOU_25,HOU,25,201145,J. Green,0.008182658044080771,0.0018435878519826865,23.01550054764082
HOU_25,HOU,25,203500,S. Adams,0.009766398310677049,0.009145044710923145,50.86554958417923
HOU_25,HOU,25,203991,C. Capela,0.021116536887950375,0.021716965792285214,78.45100657742694
IND_25,IND,25,1627783,P. Siakam,0.16699004009830554,0.010543379995123892,41.418444142911916
IND_25,IND,25,1627826,I. Zubac,0.007114215496054844,0.005590146825485087,28.9374169774594
IND_25,IND,25,1628396,T. Bradley,0.009959901694476782,0.0023778884664535926,22.36709354681653
IND_25,IND,25,1629614,A. Nembhard,0.10554908808692277,0.008030290234030346,39.79369018333407
IND_25,IND,25,1629726,G. Mathews,0.0078903117319881,0.0023955693682873314,18.755309645791375
IND_25,IND,25,1630167,O. Toppin,0.025352477040486352,0.0036617975083789167,28.680072376013975
IND_25,IND,25,1630174,A. Nesmith,0.06920191437071531,0.005691977907796075,36.241031879095615
IND_25,IND,25,1630526,J. Robinson-Earl,0.008278359849954727,0.0009258186525238354,15.072486294221319
IND_25,IND,25,1630543,I. Jackson,0.019402405898331393,0.026151376711670782,67.11171194438207
IND_25,IND,25,1630643,J. Huff,0.08355969473548053,0.019469171961728593,81.40179641095615
IND_25,IND,25,1630679,E. Thompson,0.027551416375630577,0.00560718585825104,29.75164609300516
IND_25,IND,25,1630695,M. Potter,0.03919285991462942,0.008629551184795026,49.35204842170628
IND_25,IND,25,1631097,B. Mathurin,0.053938688397361274,0.002245247954579921,22.676979797488627
IND_25,IND,25,1631245,Q. Jackson,0.05083430345362825,0.007119039464754451,32.46806847628861
IND_25,IND,25,1641716,J. Walker,0.09869357133617902,0.00139557058818085,18.257861038912893
IND_25,IND,25,1641738,K. Brown,0.023412236450653216,0.0021215778929598583,17.70964420366413
IND_25,IND,25,1641767,B. Sheppard,0.05044625533566162,0.003182478920905507,28.59370626736966
IND_25,IND,25,1641771,J. Slawson,0.010735997930410038,0.0018449730641036943,17.309589590817534
IND_25,IND,25,1642277,J. Furphy,0.020954598370197905,0.0023854447436373327,22.524404115657987
IND_25,IND,25,1642484,R. Dennis,0.009183805458543526,0.0013432299169205963,18.25556516212114
IND_25,IND,25,1642880,K. Jones,0.023412236450653216,0.0012721906764439073,13.647559756032651
IND_25,IND,25,1643007,T. Peter,0.01979045401629802,0.002791402024939771,20.556596351105917
IND_25,IND,25,204456,T. McConnell,0.05988875953951623,0.009116313709391699,41.409034720257935
LAC_25,LAC,25,101108,C. Paul,0.006766815536608472,0.002420851358996279,25.43689640558038
LAC_25,LAC,25,1627739,K. Dunn,0.07226958993097848,0.009725213035073454,59.26439919385796
LAC_25,LAC,25,1627826,I. Zubac,0.05657057788604682,0.02685891411237018,83.06463664090117
LAC_25,LAC,25,1627884,D. Jones Jr.,0.05345784273920693,0.009131110755849825,58.68963131068706
LAC_25,LAC,25,1628381,J. Collins,0.09541209906617945,0.011643215472784685,49.418508985613194
LAC_25,LAC,25,1629636,D. Garland,0.04263093788063337,0.003194432530394198,26.098291423824495
LAC_25,LAC,25,1630543,I. Jackson,0.008526187576126675,0.004415062547162951,30.489331290148957
LAC_25,LAC,25,1631097,B. Mathurin,0.0553525510894573,0.027674113681788515,76.13842574964839
LAC_25,LAC,25,1641738,K. Brown,0.01231560427662742,0.0019122488410576732,20.12727861740941
LAC_25,LAC,25,1641757,J. Miller,0.06320205711192313,0.009699311165649593,46.981705555794285
LAC_25,LAC,25,1642353,C. Christie,0.022601163892272298,0.001755265733647815,22.311727990404833
LAC_25,LAC,25,1642920,K. Sanders,0.055081878467992965,0.005280638962086748,37.273887859885576
LAC_25,LAC,25,1642949,Y. Niederhäuser,0.01448098524834213,0.021964490404778103,71.61711686494746
LAC_25,LAC,25,201572,B. Lopez,0.07524698876708621,0.019952967458350512,76.6541004659897
LAC_25,LAC,25,201587,N. Batum,0.030179997293273784,0.010084296457708919,55.37567522367378
LAC_25,LAC,25,201935,J. Harden,0.11625389091893355,0.03174117278296418,88.79194240475755
LAC_25,LAC,25,202695,K. Leonard,0.18419271890648262,0.02580872962017977,73.14843569516606
LAC_25,LAC,25,203078,B. Beal,0.007308160779537149,0.004611555516882304,31.069084983810605
LAC_25,LAC,25,203992,B. Bogdanović,0.020977128163486264,0.002998510822223799,25.933130684364215
LAL_25,LAL,25,1628379,L. Kennard,0.029679734953064606,0.00936476398610897,71.6995584250987
LAL_25,LAL,25,1628467,M. Kleber,0.010629486471562673,0.009829211904159862,84.77417553382648
LAL_25,LAL,25,1629020,J. Vanderbilt,0.03395913859745997,0.0032481828749638675,44.645908377767014
LAL_25,LAL,25,1629028,D. Ayton,0.08213694091662065,0.008107482635653862,74.12647005817408
LAL_25,LAL,25,1629029,L. Dončić,0.21714522363335173,0.12010992410704702,217.9486863273237
LAL_25,LAL,25,1629060,R. Hachimura,0.08241303147432358,0.005791004299409264,102.38491945563115
LAL_25,LAL,25,1629216,G. Vincent,0.017393705135284373,0.006261323545214914,49.38854448665478
LAL_25,LAL,25,1629637,J. Hayes,0.031336278299282164,0.024912671674468312,98.5379719719028
LAL_25,LAL,25,1630559,A. Reaves,0.12465488680287135,0.04718842643476828,142.36740219384305
LAL_25,LAL,25,1631166,D. Timme,0.00966316951960243,0.003953775004089111,71.94676719350798
LAL_25,LAL,25,1631222,J. LaRavia,0.07413031474323578,0.006713726546251353,55.276189585147755
LAL_25,LAL,25,1641723,K. Bufkin,0.007454445057979017,0.0076870408742917284,85.53902225442265
LAL_25,LAL,25,1641733,N. Smith Jr.,0.023743787962451683,0.007458852230989632,58.06270112672807
LAL_25,LAL,25,1642261,D. Knecht,0.028023191606847044,0.0067265010630873645,59.927102215281515
LAL_25,LAL,25,1642355,B. James,0.015461071231363888,0.017007613676679023,85.31227442430037
LAL_25,LAL,25,203935,M. Smart,0.07081722805080067,0.006170504111360331,101.18770565566905
LAL_25,LAL,25,2544,L. James,0.1350082827167311,0.03198024147814804,123.1023660029947
MEM_25,MEM,25,1628991,J. Jackson Jr.,0.09584295612009237,0.011342325446910273,31.116985381858868
MEM_25,MEM,25,1629111,J. Landale,0.042725173210161664,0.03525611767135017,57.80468985721031
MEM_25,MEM,25,1629630,J. Morant,0.04644598409032589,0.0035398289720132148,21.222408929616734
MEM_25,MEM,25,1629660,T. Jerome,0.02745701821914293,0.0015905796884916334,18.856912155495205
MEM_25,MEM,25,1629723,J. Konchar,0.008724659994867847,0.0032947453636152924,17.003082159849814
MEM_25,MEM,25,1630583,S. Aldama,0.061457531434436746,0.004022760768711109,23.406008719542324
MEM_25,MEM,25,1630590,S. Pippen Jr.,0.014498332050295099,0.0025438840221667647,14.824260042629973
MEM_25,MEM,25,1630610,D. Jarreau,0.012188863228124198,0.0025045952592767096,14.960672937355644
MEM_25,MEM,25,1631174,T. Burton,0.014113420579933282,0.002719857514851376,17.18699949333683
MEM_25,MEM,25,1631246,V. Williams Jr.,0.03643828586091866,0.0025751927011720133,16.60740277072804
MEM_25,MEM,25,1631351,L. Williamson,0.008852963818321785,0.002259235607235288,14.16726711877886
MEM_25,MEM,25,1641707,T. Hendricks,0.030664613805491403,0.002132433165404013,14.595223824421286
MEM_25,MEM,25,1641712,R. Rupert,0.022453169104439313,0.0019700982553138013,13.53372689269709
MEM_25,MEM,25,1641713,G. Jackson,0.07287657172183731,0.00552711369176806,24.709244872430535
MEM_25,MEM,25,1641727,D. Whitehead,0.012188863228124198,0.0018846981070137492,12.927292233988567
MEM_25,MEM,25,1641744,Z. Edey,0.01308698999230177,0.013978052430637544,42.646395276417955
MEM_25,MEM,25,1641765,O. Prosper,0.049268668206312545,0.004953909268808121,22.927141598808213
MEM_25,MEM,25,1642285,C. Spencer,0.06966897613548884,0.012520644818824644,37.17591161864812
MEM_25,MEM,25,1642377,J. Wells,0.09160892994611239,0.007229157845406453,26.160761695367658
MEM_25,MEM,25,1642380,A. Bal,0.007954837054144213,0.0012956993503504544,10.541411429033207
MEM_25,MEM,25,1642383,W. Clayton Jr.,0.03233256351039261,0.0024991183746428947,16.47085695761104
MEM_25,MEM,25,1642907,C. Coward,0.08981267641775725,0.006036215135757805,22.755763871675992
MEM_25,MEM,25,1642914,J. Small,0.037593020272004105,0.013218768194320218,36.71636446323997
MEM_25,MEM,25,1642942,J. Mashack,0.02630228380805748,0.0024299815868461527,14.748908593887448
MEM_25,MEM,25,1643253,T. Okani,0.00833974852450603,0.0019949995142208854,13.468250662272236
MEM_25,MEM,25,203484,K. Caldwell-Pope,0.05375930202720041,0.03393718327634221,57.50269144576882
MIA_25,MIA,25,1626181,N. Powell,0.12622321317973492,0.00545007357769367,27.80409950719125
MIA_25,MIA,25,1628389,B. Adebayo,0.1573145051405921,0.07624119895006265,96.24470448415481
MIA_25,MIA,25,1629639,T. Herro,0.0701102440232875,0.005055243471629778,24.43218935107217
MIA_25,MIA,25,1630558,D. Mitchell,0.06750898055245881,0.0030207527385133215,22.373367570922067
MIA_25,MIA,25,1630696,D. Smith,0.04508856682769726,0.0030746469519012942,19.770476653789935
MIA_25,MIA,25,1631107,N. Jović,0.043230521491391054,0.003453719457292892,19.946988855955667
MIA_25,MIA,25,1631170,J. Jaquez Jr.,0.12770964944877988,0.009330821313811688,36.355308869750836
MIA_25,MIA,25,1631323,S. Fontecchio,0.0556174904000991,0.005808374083806744,25.680108196911963
MIA_25,MIA,25,1641796,P. Larsson,0.08163012510838598,0.006452864343414744,27.109890095009558
MIA_25,MIA,25,1642066,M. Gardner,0.014740493001362567,0.001275638975122173,12.716077511215035
MIA_25,MIA,25,1642276,K. Ware,0.06577480490523968,0.3524552357516565,185.72767426605105
MIA_25,MIA,25,1642352,K. Johnson,0.0126347082868822,0.009329043123962766,42.74178059584377
MIA_25,MIA,25,1642857,K. Jakučionis,0.02811841942276725,0.007253154678975027,46.03866927774391
MIA_25,MIA,25,203952,A. Wiggins,0.09909575126966431,0.005730059547410349,32.7928207445028
MIL_25,MIL,25,1626167,M. Turner,0.08881090565528411,0.01955235146236567,122.07536592092393
MIL_25,MIL,25,1626171,B. Portis,0.09339991901741125,0.016596841789291994,114.83060435757382
MIL_25,MIL,25,1627752,T. Prince,0.02618437036037252,0.003123847787281475,65.9429011835775
MIL_25,MIL,25,1628398,K. Kuzma,0.09947361317316777,0.01112066915269705,115.52543077517308
MIL_25,MIL,25,1629018,G. Trent Jr.,0.06208665136995546,0.010884629743747154,91.08105031501057
MIL_25,MIL,25,1629599,A. Coffey,0.008368200836820083,0.015546751859956354,163.27925631227768
MIL_25,MIL,25,1629645,K. Porter Jr.,0.0786880820623566,0.010402727931714706,89.82895715317272
MIL_25,MIL,25,1630175,C. Anthony,0.031988122553650966,0.014875849375919237,141.60217964991276
MIL_25,MIL,25,1630560,C. Thomas,0.023349979754352813,0.013536719746689685,116.63791313500752
MIL_25,MIL,25,1630579,J. Sims,0.02510460251046025,0.13929954656305243,320.2479476624251
MIL_25,MIL,25,1631157,R. Rollins,0.16817384262383586,0.1796746991633532,355.20731942564
MIL_25,MIL,25,1631172,O. Dieng,0.041706033202861384,0.00773971790642447,87.16132113949708
MIL_25,MIL,25,1631250,P. Nance,0.02361992171683088,0.007512170840435206,103.78328863195222
MIL_25,MIL,25,1631260,A. Green,0.08300715346200567,0.024768945315410074,136.87798458595745
MIL_25,MIL,25,1641748,A. Jackson Jr.,0.016196517748684032,0.01871866443235226,175.76810528630017
MIL_25,MIL,25,1642504,C. Ryan,0.014306924011337563,0.01307077953371627,127.65131947277682
MIL_25,MIL,25,203507,G. Antetokounmpo,0.09205020920502092,0.02656037647824172,140.98802171853632
MIL_25,MIL,25,203914,G. Harris,0.014306924011337563,0.012485782114138755,100.28455839050581
MIN_25,MIN,25,1628978,D. DiVincenzo,0.10951893551688843,0.02610366399283992,110.73375972997414
MIN_25,MIN,25,1629675,N. Reid,0.11937052200614125,0.021196529743002013,96.56989154531108
MIN_25,MIN,25,1630162,A. Edwards,0.17975946775844423,0.015343663533294194,97.85166752832708
MIN_25,MIN,25,1630183,J. McDaniels,0.11079836233367452,0.0015190311590961292,30.995426326730385
MIN_25,MIN,25,1630245,A. Dosunmu,0.035951893551688846,0.006099469765015408,52.0132684967529
MIN_25,MIN,25,1630538,B. Hyland,0.06038894575230297,0.006729794683132506,52.94119505365802
MIN_25,MIN,25,1630545,T. Shannon Jr.,0.02686796315250768,0.0081519020385733,57.309163536343036
MIN_25,MIN,25,1641740,J. Clark,0.027379733879222108,0.010141880943106418,69.157029244956
MIN_25,MIN,25,1642265,R. Dillingham,0.018551688843398157,0.001308803869038977,27.456907579434954
MIN_25,MIN,25,1642866,J. Beringer,0.011898669396110543,0.01025183705574606,64.72305357455578
MIN_25,MIN,25,201144,M. Conley,0.02968270214943705,0.005978818105340733,49.15868875740355
MIN_25,MIN,25,203497,R. Gobert,0.058213920163766635,0.05924366304158146,263.9036527487584
MIN_25,MIN,25,203937,K. Anderson,0.009211873080859774,0.009195179451417235,63.04680148852123
MIN_25,MIN,25,203944,J. Randle,0.18052712384851585,0.014532017051482327,110.08846202982531
NOP_25,NOP,25,1627749,D. Murray,0.026240208877284597,0.002975251490088482,24.466502721173004
NOP_25,NOP,25,1629627,Z. Williamson,0.10913838120104438,0.07035432526940211,119.27020758362957
NOP_25,NOP,25,1629673,J. Poole,0.061488250652741515,0.005761035837392292,34.26513549269946
NOP_25,NOP,25,1630180,S. Bey,0.13342036553524805,0.014568783519316897,47.93704790131231
NOP_25,NOP,25,1630529,H. Jones,0.06553524804177546,0.0014948086522670323,33.043643094652516
NOP_25,NOP,25,1630530,T. Murphy III,0.1468668407310705,0.0075472491305529354,34.20774812781276
NOP_25,NOP,25,1630631,J. Alvarado,0.03746736292428198,0.002144713684370858,18.348842597270195
NOP_25,NOP,25,1631121,B. McGowens,0.036161879895561355,0.0036967283266432505,28.320421875253405
NOP_25,NOP,25,1631255,K. Matković,0.02597911227154047,0.09672683420616168,121.01751111625184
NOP_25,NOP,25,1641722,J. Hawkins,0.03237597911227154,0.015369463838766695,50.345338336496276
NOP_25,NOP,25,1642274,Y. Missi,0.029765013054830286,0.018713643362623822,53.910508185314065
NOP_25,NOP,25,1642847,J. Fears,0.13890339425587467,0.016091055845405267,55.37622707846027
NOP_25,NOP,25,1642852,D. Queen,0.10900783289817233,0.016339456759189908,54.589626965238246
NOP_25,NOP,25,1642877,M. Peavy,0.03237597911227154,0.0022926294051657248,18.97068071493212
NYK_25,NYK,25,1626157,K. Towns,0.15013297872340425,0.021092128774481966,64.47282070947142
NYK_25,NYK,25,1627824,G. Yabusele,0.013031914893617021,0.0026313778579404312,28.523858982882643
NYK_25,NYK,25,1628384,O. Anunoby,0.11742021276595745,0.00901287873282608,40.87815695119401
NYK_25,NYK,25,1628404,J. Hart,0.09042553191489362,0.004238544463407101,34.873494871818316
NYK_25,NYK,25,1628969,M. Bridges,0.12420212765957447,0.019030345635019152,59.583072287271875
NYK_25,NYK,25,1628973,J. Brunson,0.2035904255319149,0.10214518109832438,137.7717582907096
NYK_25,NYK,25,1629011,M. Robinson,0.017420212765957448,0.23250351491423604,200.72768373338073
NYK_25,NYK,25,1629013,L. Shamet,0.04906914893617021,0.005768216393726933,32.88635812907048
NYK_25,NYK,25,1630540,M. McBride,0.05093085106382979,0.002520496404940009,21.736011848181985
NYK_25,NYK,25,1630574,A. Hukporti,0.011037234042553192,0.008937935663064223,40.78862810096522
NYK_25,NYK,25,1630631,J. Alvarado,0.023138297872340424,0.0015665389865635593,17.601216302888343
NYK_25,NYK,25,1642278,T. Kolek,0.03311170212765958,0.0036651783242452884,26.104061330859164
NYK_25,NYK,25,1642359,P. Dadiet,0.006914893617021276,0.003249981822090575,26.668734960051374
NYK_25,NYK,25,1642885,M. Diawara,0.025664893617021275,0.007374065663116158,37.28829052850657
NYK_25,NYK,25,203903,J. Clarkson,0.07207446808510638,0.0101687841848076,49.078425220969876
OKC_25,OKC,25,1627936,A. Caruso,0.0385951370127364,0.014623380884293269,89.06832457567715
OKC_25,OKC,25,1628392,I. Hartenstein,0.040267592949954974,0.1254848340009328,224.16375009769436
OKC_25,OKC,25,1628983,S. Gilgeous-Alexander,0.19812170333204682,0.12188685704949842,223.82444265351486
OKC_25,OKC,25,1629026,K. Williams,0.03898108838286376,0.007498116352519513,63.090427337716264
OKC_25,OKC,25,1629652,L. Dort,0.0652257815515245,0.012732319629057631,81.05244907911153
OKC_25,OKC,25,1630198,I. Joe,0.07088640164672584,0.02177718490073355,101.99979168232385
OKC_25,OKC,25,1630598,A. Wiggins,0.06741283931557956,0.005450370048789233,50.997776607385724
OKC_25,OKC,25,1631096,C. Holmgren,0.10485012221793387,0.08108587638456521,194.1855033199376
OKC_25,OKC,25,1631114,J. Williams,0.06741283931557956,0.007860731631185947,58.54480822684346
OKC_25,OKC,25,1631119,J. Williams,0.053132638620867104,0.013538529972211277,76.96247126361929
OKC_25,OKC,25,1631172,O. Dieng,0.011321240190402676,0.0020209993097402013,42.475998204303245
OKC_25,OKC,25,1641717,C. Wallace,0.07513186671812686,0.008027756376947859,59.651267741872424
OKC_25,OKC,25,1642260,N. Topić,0.007719027402547279,0.008855769428856908,64.32401108987735
OKC_25,OKC,25,1642272,J. McCain,0.032033963720571206,0.005546364514715796,48.11197232269052
OKC_25,OKC,25,1642349,A. Mitchell,0.08606715553840216,0.012762961765309666,82.1540086595886
OKC_25,OKC,25,1642382,B. Carlson,0.022899781294223594,0.009862421614726613,64.07983630347819
OKC_25,OKC,25,1642959,C. Youngblood,0.007590376945838158,0.00741257857721167,73.07091940866486
OKC_25,OKC,25,1642964,B. Barnhizer,0.00874823105622025,0.008386274755799006,126.40801109694006
ORL_25,ORL,25,1626145,T. Jones,0.020315734989648032,0.0034819721570394924,21.92987885703287
ORL_25,ORL,25,1628371,J. Isaac,0.01203416149068323,0.005978478735741755,22.92924253000457
ORL_25,ORL,25,1628975,J. Carter,0.023680124223602484,0.012283873668103573,29.951054224972168
ORL_25,ORL,25,1628976,W. Carter Jr.,0.08643892339544514,0.0036818882080390525,18.387139603495903
ORL_25,ORL,25,1629021,M. Wagner,0.02769151138716356,0.0064430950223971495,21.943404811025513
ORL_25,ORL,25,1629048,G. Bitadze,0.022774327122153208,0.26852588262733124,134.73363920026006
ORL_25,ORL,25,1630217,D. Bane,0.17080745341614906,0.024098017049163034,55.025040317829756
ORL_25,ORL,25,1630532,F. Wagner,0.07531055900621118,0.006666295567611558,28.12018473087248
ORL_25,ORL,25,1630591,J. Suggs,0.0888975155279503,0.012891088777445048,34.226170500770216
ORL_25,ORL,25,1631094,P. Banchero,0.17339544513457558,0.019066975903067163,55.361991132361396
ORL_25,ORL,25,1631288,J. Cain,0.019668737060041408,0.001855756474943293,11.687096915808386
ORL_25,ORL,25,1641710,A. Black,0.11296583850931677,0.002435807866439821,19.276652774244653
ORL_25,ORL,25,1641724,J. Howard,0.030926501035196688,0.002539805500258896,15.71332019701897
ORL_25,ORL,25,1641783,T. da Silva,0.08346273291925466,0.004755665795529329,18.68074858623487
ORL_25,ORL,25,1642859,J. Richardson,0.025491718426501036,0.004100597559010044,18.492328792948285
ORL_25,ORL,25,1642869,N. Penda,0.023809523809523808,0.0035014141392288867,21.755193742615234
PHI_25,PHI,25,1626162,K. Oubre Jr.,0.07765201368781258,0.0055259778972561735,22.97923547795046
PHI_25,PHI,25,1626166,C. Payne,0.019742037378257436,0.004283962331426361,19.911301483146254
PHI_25,PHI,25,1629656,Q. Grimes,0.11200315872598052,0.005483131760007143,24.5734274498675
PHI_25,PHI,25,1630178,T. Maxey,0.21347723085022374,0.03926161308383325,62.91190307503305
PHI_25,PHI,25,1630570,T. Watford,0.040405369834166885,0.0037536241226707734,18.390950861585484
PHI_25,PHI,25,1630699,M. Beauchamp,0.010002632271650434,0.004443618684102257,21.04333072567941
PHI_25,PHI,25,1631133,J. Walker,0.022505922611213477,0.0021175715903059,17.96817966098345
PHI_25,PHI,25,1631207,D. Terry,0.007238747038694393,0.004869631535573182,21.209742978694294
PHI_25,PHI,25,1631230,D. Barlow,0.054751250329033954,0.00526210507078162,26.034330834267877
PHI_25,PHI,25,1641737,A. Bona,0.021453013951039747,0.06113099551604462,74.09699364672454
PHI_25,PHI,25,1642272,J. McCain,0.031192419057646747,0.002678608054041298,17.55637182374843
PHI_25,PHI,25,1642348,J. Edwards,0.04448539089234009,0.0018110325105581415,20.18649602493123
PHI_25,PHI,25,1642845,V. Edgecombe,0.13490392208475915,0.004577618872487199,22.32716333863559
PHI_25,PHI,25,202331,P. George,0.06633324559094499,0.002771222129290374,17.379885719298137
PHI_25,PHI,25,203083,A. Drummond,0.029613056067386154,0.012972598673445801,37.66119184620883
PHI_25,PHI,25,203954,J. Embiid,0.10173729928928665,0.14119602501144213,111.9494495842425
PHX_25,PHX,25,1626164,D. Booker,0.185449166218397,0.045028438942288584,208.99108095421823
PHX_25,PHX,25,1626220,R. O'Neale,0.08485745024206563,0.00902142069511458,167.61393819887462
PHX_25,PHX,25,1628415,D. Brooks,0.13044647660032274,0.016614199343790714,152.02250343824107
PHX_25,PHX,25,1628960,G. Allen,0.09427111350188273,0.002479218620886181,133.42192908406287
PHX_25,PHX,25,1629599,A. Coffey,0.0073964497041420114,0.0033574113319875254,65.24739088721371
PHX_25,PHX,25,1630208,N. Richards,0.008741258741258742,0.004010527336372305,68.38562362230907
PHX_25,PHX,25,1630224,J. Green,0.06979558902635825,0.017322522145839958,125.18629293978255
PHX_25,PHX,25,1630587,I. Livers,0.007665411511565357,0.008405480069466176,93.51001607769118
PHX_25,PHX,25,1630692,J. Goodwin,0.0621301775147929,0.002615081525925378,93.41601109485256
PHX_25,PHX,25,1631109,M. Williams,0.055944055944055944,0.015376100785026603,121.71356911383602
PHX_25,PHX,25,1631123,J. Bouyea,0.031199569661108123,0.0036658212704157034,72.81987547814724
PHX_25,PHX,25,1631221,C. Gillespie,0.11202259279182356,0.018851314805178432,201.42583733858118
PHX_25,PHX,25,1642345,O. Ighodaro,0.055406132329209254,0.009754819964589934,147.48547435771584
PHX_25,PHX,25,1642346,R. Dunn,0.0457235072619688,0.0018967166941848967,45.39199377307289
PHX_25,PHX,25,1642853,R. Fleming,0.024878967186659495,0.0010787392153739361,30.60493623841449
PHX_25,PHX,25,1642863,K. Maluach,0.010220548682087143,0.004418472668281881,74.78131331993065
POR_25,POR,25,1629057,R. Williams III,0.025814863102998697,0.06740749778243538,187.06652546653552
POR_25,POR,25,1629680,M. Thybulle,0.017992177314211214,0.0017148846945165275,28.368334310482496
POR_25,POR,25,1630166,D. Avdija,0.17092568448500653,0.01902014332967905,112.31677555640007
POR_25,POR,25,1630249,V. Krejčí,0.014732724902216427,0.001803354150399561,37.49104572387118
POR_25,POR,25,1630703,S. Henderson,0.05123859191655802,0.0022110067495373364,32.37095177267611
POR_25,POR,25,1631101,S. Sharpe,0.12842242503259452,0.00834043177605548,75.49203683262758
POR_25,POR,25,1631104,B. Wesley,0.020990873533246416,0.0015780413305771512,39.3078553850872
POR_25,POR,25,1631126,C. Love,0.06023468057366362,0.003846974868047859,68.2369973763489
POR_25,POR,25,1631200,K. Murray,0.03220338983050847,0.002468982161609512,34.376817030224416
POR_25,POR,25,1631321,S. Cissoko,0.04589308996088657,0.0025841890850550886,33.44008128000387
POR_25,POR,25,1641712,R. Rupert,0.019035202086049544,0.0016795954709547534,31.959097368597106
POR_25,POR,25,1641739,T. Camara,0.11342894393741851,0.01958562637634842,131.79048900499438
POR_25,POR,25,1641871,D. Reath,0.009126466753585397,0.0008214595221829324,27.53363922886856
POR_25,POR,25,1642270,D. Clingan,0.06479791395045632,0.03768723208901348,147.48372121200552
POR_25,POR,25,1642905,H. Yang,0.013820078226857888,0.010084606231576143,79.90770025626858
POR_25,POR,25,201950,J. Holiday,0.09374185136897001,0.006548038157743741,54.42308174710932
POR_25,POR,25,203924,J. Grant,0.11108213820078226,0.0013757604268739287,63.87319849832619
SAC_25,SAC,25,1627734,D. Sabonis,0.02992552471225457,0.004978189511378739,34.39436390564079
SAC_25,SAC,25,1628370,M. Monk,0.08463100880162491,0.007261934675490522,42.79626581745858
SAC_25,SAC,25,1629234,D. Eubanks,0.023832092078537575,0.0128735406613254,64.14662050891899
SAC_25,SAC,25,1630165,K. Hayes,0.01990521327014218,0.0012081646025102755,24.518636869908217
SAC_25,SAC,25,1630173,P. Achiuwa,0.06675693974272173,0.00782892098132204,48.13351317800637
SAC_25,SAC,25,1631099,K. Murray,0.037643872714962764,0.002261767206092391,30.088001089638706
SAC_25,SAC,25,1631165,K. Ellis,0.02735274204468517,0.0028299315012935145,25.068661770755977
SAC_25,SAC,25,1631342,D. Plowden,0.03696682464454976,0.004777483426965601,38.96394683499712
SAC_25,SAC,25,1642269,D. Carter,0.04265402843601896,0.005435382955869872,46.55405287599797
SAC_25,SAC,25,1642363,N. Clifford,0.08598510494245092,0.005335527754091407,46.827003605485004
SAC_25,SAC,25,1642875,M. Raynaud,0.09397427217332431,0.00840539260444384,41.40635023946359
SAC_25,SAC,25,1642928,D. Cardwell,0.01963439404197698,0.045930673913302855,107.22774790229379
SAC_25,SAC,25,201566,R. Westbrook,0.11157752200406229,0.009608016458878987,66.4478282948093
SAC_25,SAC,25,201942,D. DeRozan,0.15599187542315504,0.0721029571599161,139.15556210016118
SAC_25,SAC,25,203471,D. Schröder,0.06052809749492214,0.006335535182794172,67.1233605236017
SAC_25,SAC,25,203897,Z. LaVine,0.07623561272850372,0.003933498335017216,33.21966837620992
SAC_25,SAC,25,203926,D. McDermott,0.016519972918077185,0.0025789493892539594,24.59451365757634
SAS_25,SAS,25,1628368,D. Fox,0.14192708333333334,0.055009155251531605,105.38092002720752
SAS_25,SAS,25,1628436,L. Kornet,0.028645833333333332,0.10282666747161262,149.98231069399833
SAS_25,SAS,25,1629162,J. McLaughlin,0.009765625,0.0033266009353427606,29.123394283695205
SAS_25,SAS,25,1629640,K. Johnson,0.105078125,0.016260325166490674,59.17724258274074
SAS_25,SAS,25,1630170,D. Vassell,0.100390625,0.011470049272544247,62.221347853784714
SAS_25,SAS,25,1630322,L. Waters III,0.011848958333333333,0.0015422241342033516,20.057701922515605
SAS_25,SAS,25,1630577,J. Champagnie,0.091796875,0.017102488292748075,62.81655500644489
SAS_25,SAS,25,1631110,J. Sochan,0.013151041666666667,0.00066706133212735,29.564611813965627
SAS_25,SAS,25,1641705,V. Wembanyama,0.156640625,0.008952703443978471,46.92266684643298
SAS_25,SAS,25,1642264,S. Castle,0.11861979166666667,0.012696995413441492,54.900123830608315
SAS_25,SAS,25,1642844,D. Harper,0.089453125,0.006289486828324864,37.26305751432826
SAS_25,SAS,25,1642868,C. Bryant,0.036328125,0.0031620296803532844,27.83424176773228
SAS_25,SAS,25,203084,H. Barnes,0.07565104166666667,0.0032795909084445407,41.98393397800964
SAS_25,SAS,25,203482,K. Olynyk,0.013020833333333334,0.004159277275095463,45.96914507117118
TOR_25,TOR,25,1627742,B. Ingram,0.17506313970490495,0.07483462154838783,100.1769606045114
TOR_25,TOR,25,1627751,J. Poeltl,0.042270370862687756,0.03716464624022864,70.10968107182099
TOR_25,TOR,25,1629628,R. Barrett,0.12069653063937259,0.011455903148710922,38.7600519212069
TOR_25,TOR,25,1630193,I. Quickley,0.1229562674464974,0.015521128432728348,53.123239088918815
TOR_25,TOR,25,1630534,O. Agbaji,0.02219859098763791,0.0014761494039479128,26.55920139320639
TOR_25,TOR,25,1630567,S. Barnes,0.16004253622225176,0.02014835088068656,54.00874097664989
TOR_25,TOR,25,1630572,S. Mamukelashvili,0.08879436395055164,0.009715449582595403,36.20963265756484
TOR_25,TOR,25,1630639,A. Lawson,0.010634055562940316,0.0016377080522254062,23.880050946925294
TOR_25,TOR,25,1641711,G. Dick,0.054233683370995614,0.004084107193854214,23.657143418218745
TOR_25,TOR,25,1642266,J. Walter,0.050245912534892995,0.011987774648601457,42.38790681368225
TOR_25,TOR,25,1642347,J. Shead,0.0655323674066197,0.005304159368501371,31.821507942562018
TOR_25,TOR,25,1642419,J. Battle,0.019540077096902832,0.0016804037854366571,15.769763605342275
TOR_25,TOR,25,1642867,C. Murray-Boyles,0.047853250033231425,0.009181661928531093,36.57223608498925
TOR_25,TOR,25,1642918,A. Martin,0.006779210421374452,0.0013748315116220988,16.17732217622682
UTA_25,UTA,25,1628374,L. Markkanen,0.10951526032315978,0.00666579361676134,21.96970806721478
UTA_25,UTA,25,1628991,J. Jackson Jr.,0.007566042575019236,0.00341311766588015,10.802215010885718
UTA_25,UTA,25,1629004,S. Mykhailiuk,0.04488330341113106,0.0020683865524476763,8.318263089982372
UTA_25,UTA,25,1629723,J. Konchar,0.01602975121826109,0.008108265706099349,15.184780202643433
UTA_25,UTA,25,1631113,K. Chandler,0.018979225442421133,0.0018317218343985031,11.750747331320985
UTA_25,UTA,25,1631131,O. Tshiebwe,0.015388561169530648,0.032505244744750694,30.055013038705756
UTA_25,UTA,25,1641707,T. Hendricks,0.016670941266991535,0.0024103576783012226,8.98168338617234
UTA_25,UTA,25,1641718,K. George,0.12439086945370607,0.016491441980565513,21.46138764649782
UTA_25,UTA,25,1641729,B. Sensabaugh,0.11874839702487817,0.007044043718299031,14.631891745879448
UTA_25,UTA,25,1641989,E. Harkless,0.021928699666581175,0.0021233289782537357,9.057059948712045
UTA_25,UTA,25,1642262,C. Williams,0.06963323929212618,0.0035679405597208724,11.488494865861774
UTA_25,UTA,25,1642268,I. Collier,0.07450628366247755,0.011760096737116643,18.249441039037585
UTA_25,UTA,25,1642271,K. Filipowski,0.09092074890997692,0.005487598878294309,12.484065079879834
UTA_25,UTA,25,1642383,W. Clayton Jr.,0.038984354962810976,0.004289201018882194,14.142822040640201
UTA_25,UTA,25,1642396,B. Hinson,0.014619133111054117,0.005258326845255845,17.064999503625987
UTA_25,UTA,25,1642846,A. Bailey,0.10913054629392152,0.01790564262429417,22.20457403876599
UTA_25,UTA,25,1643016,B. Mbeng,0.01423441908181585,0.0025834346893988114,8.47879840929887
UTA_25,UTA,25,201567,K. Love,0.019492177481405488,0.0043726687943416165,10.977118682109806
UTA_25,UTA,25,203937,K. Anderson,0.014747371120800205,0.034859305033978494,30.953817971266293
UTA_25,UTA,25,203994,J. Nurkić,0.04693511156706848,0.010354291057471099,17.54128712083891
WAS_25,WAS,25,1628963,M. Bagley III,0.027137399552101173,0.02522829484904776,53.327220646275535
WAS_25,WAS,25,1629027,T. Young,0.007113687261230404,0.0033195868699225084,27.946901924709447
WAS_25,WAS,25,1630264,A. Gill,0.028586483994203663,0.004522152404074831,21.064277194074442
WAS_25,WAS,25,1630536,S. Cooper,0.03504149650902384,0.0024718263670232554,16.237654867282103
WAS_25,WAS,25,1630551,J. Champagnie,0.05704123303912528,0.005316513119035915,30.305480380105383
WAS_25,WAS,25,1630557,C. Kispert,0.017915953102358054,0.0011774412470728635,10.904143035787849
WAS_25,WAS,25,1630702,J. Hardy,0.03161638782769069,0.0015614872974657468,12.832775483008247
WAS_25,WAS,25,1631103,M. Branham,0.014227374522460808,0.0018747859964090008,13.11744372145914
WAS_25,WAS,25,1641715,C. Whitmore,0.022263206428665524,0.008288356579089662,27.274694188961366
WAS_25,WAS,25,1641731,B. Coulibaly,0.07179554735871427,0.0018862644667276829,15.27382748615294
WAS_25,WAS,25,1641774,T. Vukcevic,0.046370702147279674,0.0005171907236931617,6.956333167905764
WAS_25,WAS,25,1641778,L. Black,0.013041759978922408,0.002196653539416893,14.807113142588676
WAS_25,WAS,25,1642259,A. Sarr,0.08602292188117508,0.05659127761291771,70.53409120603764
WAS_25,WAS,25,1642267,B. Carrington,0.09906468186009748,0.02374314484676643,54.632002157217556
WAS_25,WAS,25,1642273,K. George,0.07877749967066262,0.004448230976999978,30.173086761187193
WAS_25,WAS,25,1642358,A. Johnson,0.011592675536819919,0.0033186566334663103,20.48780479015695
WAS_25,WAS,25,1642364,J. Watkins,0.040574364378869715,0.003311180191786778,19.133587635428675
WAS_25,WAS,25,1642848,T. Johnson,0.09010670530891846,0.006458589248170665,26.069082293891746
WAS_25,WAS,25,1642860,W. Riley,0.08470557238835463,0.0004879567179650879,9.899349452414487
WAS_25,WAS,25,1642882,J. Reese,0.015281254116717165,0.008507876073457044,27.82447298086854
WAS_25,WAS,25,203114,K. Middleton,0.04031089448030563,0.004953573014383483,30.66646970017882
WAS_25,WAS,25,203468,C. McCollum,0.07284942695297063,0.011030043993506933,38.34838918076259
