key,tri,yy,player_id,player,u,Lcos,Lfrob,abbrev,season,full_name,gp,mpg,ppg,apg,usg_pct,ast_pct,net_rating,touches,front_ct_touches,position,u_resid
ATL_22,ATL,22,1626163,F. Kaminsky,0.006269592476489,0.0015081834016659,40.67626513767633,F. Kaminsky,,,,,,,,,,,,Forward-Center,-0.0097236550627644
ATL_22,ATL,22,1627749,D. Murray,0.1676489028213166,0.010706957909716,92.22587497086802,D. Murray,2022-23,Dejounte Murray,74.0,36.4,20.5,6.1,0.239,0.239,-1.1,72.6,28.6,G,-0.04407505843579325
ATL_22,ATL,22,1628381,J. Collins,0.0934169278996865,0.0049202798553912,84.88201318325237,J. Collins,2022-23,John Collins,71.0,30.0,13.1,1.2,0.168,0.052,-0.2,42.7,21.5,F-C,-0.01813348700564671
ATL_22,ATL,22,1628988,A. Holiday,0.0278369905956112,0.0008648705742956,20.285621170821216,A. Holiday,2022-23,Aaron Holiday,63.0,13.4,3.9,1.4,0.129,0.135,0.9,20.5,8.0,G,-0.01073553841207138
ATL_22,ATL,22,1629027,T. Young,0.2278369905956112,0.0708866629064773,208.48801984617032,T. Young,2022-23,Trae Young,73.0,34.8,26.2,10.2,0.313,0.414,1.3,80.3,24.6,G,-0.02424815758477096
ATL_22,ATL,22,1629631,D. Hunter,0.1092163009404388,0.0131568914564661,76.50987919980672,D. Hunter,2022-23,De'Andre Hunter,67.0,31.7,15.4,1.4,0.193,0.059,-0.6,38.0,23.7,F-G,-0.014980750588865532
ATL_22,ATL,22,1630168,O. Okongwu,0.0600626959247648,0.0066684578061563,54.150361277581695,O. Okongwu,2022-23,Onyeka Okongwu,80.0,23.1,9.9,1.0,0.15,0.06,1.8,29.4,15.8,F-C,-0.00861678314657953
ATL_22,ATL,22,1630180,S. Bey,0.0265830721003134,0.0017993170953491,28.88363779561327,S. Bey,2022-23,Saddiq Bey,77.0,27.6,13.8,1.5,0.194,0.08,-3.1,36.8,23.9,F,-0.009733612264056472
ATL_22,ATL,22,1630235,T. Forrest,0.0082758620689655,0.0033471927963141,50.23777778406326,T. Forrest,2022-23,Trent Forrest,23.0,12.0,2.3,1.7,0.116,0.186,-10.1,20.5,7.3,G,-0.007847978479435759
ATL_22,ATL,22,1630552,J. Johnson,0.0418808777429467,0.0049388680914821,46.416522073005694,J. Johnson,2022-23,Jalen Johnson,70.0,14.9,5.6,1.2,0.156,0.106,0.3,22.5,9.3,F,-0.007805733916265178
ATL_22,ATL,22,1631100,A. Griffin,0.0653291536050156,0.0023907735713025,43.99717021542242,A. Griffin,2022-23,AJ Griffin,72.0,19.5,8.9,1.0,0.174,0.07,1.5,21.1,14.2,F,-0.013853639188239293
ATL_22,ATL,22,203200,J. Holiday,0.0149216300940438,0.0042629378985293,55.89354516178474,J. Holiday,,,,,,,,,,,,Guard,-0.006914729427586278
ATL_22,ATL,22,203991,C. Capela,0.0550470219435736,0.0217328255293547,172.5735649509832,C. Capela,2022-23,Clint Capela,65.0,26.6,12.0,0.9,0.151,0.045,-1.1,37.0,18.0,C,0.007267842254592273
ATL_22,ATL,22,203992,B. Bogdanović,0.0762382445141065,0.0045077015343691,46.29071697469633,B. Bogdanović,2022-23,Bogdan Bogdanović,54.0,27.9,14.0,2.8,0.196,0.134,1.2,40.5,25.0,G,-0.014042598955035276
BKN_22,BKN,22,1626220,R. O'Neale,0.0757169659608684,0.0180531925008067,113.38620480796315,R. O'Neale,2022-23,Royce O'Neale,76.0,31.7,8.8,3.7,0.136,0.155,2.1,61.0,27.5,F,-0.0003771338065940745
BKN_22,BKN,22,1627732,B. Simmons,0.0356472795497185,0.0066361634975805,79.29882788374319,B. Simmons,2022-23,Ben Simmons,42.0,26.3,6.9,6.1,0.142,0.295,2.1,61.4,21.5,G-F,-0.005512548375733312
BKN_22,BKN,22,1627827,D. Finney-Smith,0.0241222192441704,0.0046460642450737,57.62855091359599,D. Finney-Smith,2022-23,Dorian Finney-Smith,66.0,30.4,8.3,1.5,0.129,0.07,-0.3,37.7,22.2,F,-0.0067709616984371395
BKN_22,BKN,22,1628410,E. Sumner,0.0442240686143125,0.0039573451614657,54.968185725428015,E. Sumner,2022-23,Edmond Sumner,53.0,13.9,7.1,1.3,0.209,0.13,1.7,23.4,11.0,G,-0.009047584633023905
BKN_22,BKN,22,1628969,M. Bridges,0.0790672741892254,0.010105564729579,83.55687087620977,M. Bridges,2022-23,Mikal Bridges,83.0,35.7,20.1,3.3,0.223,0.141,0.8,51.3,31.5,G-F,-0.009112983346872808
BKN_22,BKN,22,1629139,Y. Watanabe,0.0316269096756901,0.0048789511055002,59.66248483056076,Y. Watanabe,2022-23,Yuta Watanabe,58.0,16.0,5.6,0.8,0.127,0.071,-0.6,17.0,10.0,G-F,-0.006959972684162548
BKN_22,BKN,22,1629651,N. Claxton,0.0865719646207451,0.0845240026860323,259.10591256537424,N. Claxton,2022-23,Nic Claxton,76.0,29.9,12.6,1.9,0.155,0.091,3.7,41.4,23.4,C,0.06339255607121158
BKN_22,BKN,22,1629661,C. Johnson,0.0448941302599839,0.0047155941971662,62.7369967809616,C. Johnson,2022-23,Cameron Johnson,42.0,28.6,15.5,1.9,0.202,0.099,6.6,39.5,25.6,F,-0.008367429609323254
BKN_22,BKN,22,1630549,D. Sharpe,0.0175556151165907,0.0048955549041206,58.299832916608445,D. Sharpe,2022-23,Day'Ron Sharpe,48.0,11.5,4.7,0.8,0.173,0.099,-8.8,18.8,11.4,C,-0.0063193661418090704
BKN_22,BKN,22,1630560,C. Thomas,0.0711605467703028,0.0069187984760278,70.0228532400765,C. Thomas,2022-23,Cam Thomas,57.0,16.6,10.6,1.4,0.268,0.133,-1.6,28.9,13.4,G,-0.010504680097166243
BKN_22,BKN,22,1630561,D. Duke Jr.,0.0104529616724738,0.0076418267370924,73.23589799337174,D. Duke Jr.,2022-23,David Duke Jr.,23.0,9.9,3.7,0.9,0.187,0.145,-6.3,13.9,6.8,G,-0.0035300213166889853
BKN_22,BKN,22,201142,K. Durant,0.1147145537389439,0.019137143854796,147.4218276958866,K. Durant,,,,,,,,,,,,Forward,-0.01098142007218432
BKN_22,BKN,22,201988,P. Mills,0.0297507370678102,0.0031860539847441,54.20174094751592,P. Mills,2022-23,Patty Mills,40.0,14.2,6.2,1.4,0.182,0.136,-5.8,19.9,10.6,G,-0.008528303261346187
BKN_22,BKN,22,202681,K. Irving,0.1165907263468239,0.0090198897669976,79.97590113223774,K. Irving,,,,,,,,,,,,Guard,-0.021799639751643975
BKN_22,BKN,22,202693,M. Morris,0.0104529616724738,0.0030896617499313,46.29791630478045,M. Morris,,,,,,,,,,,,Forward,-0.008082186303850086
BKN_22,BKN,22,203552,S. Curry,0.0613776467435004,0.0036768624664019,75.60065798472989,S. Curry,2022-23,Seth Curry,61.0,19.8,9.2,1.6,0.188,0.121,-3.5,32.2,18.0,G,-0.011838474272615359
BKN_22,BKN,22,203915,S. Dinwiddie,0.0528008576789064,0.0084126637667025,79.10712513711105,S. Dinwiddie,2022-23,Spencer Dinwiddie,79.0,34.5,17.3,6.5,0.22,0.297,-0.1,69.0,26.1,G,-0.005714474316354913
BKN_22,BKN,22,203925,J. Harris,0.0568212275529348,0.0074231198577927,82.76751178668545,J. Harris,2022-23,Joe Harris,74.0,20.6,7.6,1.4,0.141,0.091,-1.0,21.8,15.7,G-F,-0.007321617427430958
BKN_22,BKN,22,203933,T. Warren,0.0276065398016617,0.0041946372056728,55.06616545021858,T. Warren,,,,,,,,,,,,Forward,-0.007392943649424046
BOS_22,BOS,22,1627759,J. Brown,0.1978630278063851,0.023327897835192,79.00455100990808,J. Brown,2022-23,Jaylen Brown,67.0,35.9,26.6,3.5,0.307,0.163,5.4,64.0,34.8,G-F,-0.05007368169026341
BOS_22,BOS,22,1627763,M. Brogdon,0.1026004119464469,0.0111371039908836,58.32788516296102,M. Brogdon,2022-23,Malcolm Brogdon,67.0,26.0,14.9,3.7,0.223,0.223,5.1,53.1,21.7,G,-0.014761851538100359
BOS_22,BOS,22,1628369,J. Tatum,0.2336508753861998,0.0094131661251301,65.41622559207832,J. Tatum,2022-23,Jayson Tatum,74.0,36.9,30.1,4.6,0.319,0.205,8.5,74.9,39.2,F-G,-0.0903133053683506
BOS_22,BOS,22,1628401,D. White,0.1083934088568486,0.0009081060100917,19.559398998318198,D. White,2022-23,Derrick White,82.0,28.3,12.4,3.9,0.174,0.191,11.0,47.6,20.3,G,-0.026942467044551895
BOS_22,BOS,22,1628436,L. Kornet,0.0176364572605561,0.0084530116560149,96.0987377363298,L. Kornet,2022-23,Luke Kornet,69.0,11.7,3.8,0.8,0.111,0.093,3.9,12.9,8.0,C-F,-0.0027634495745741967
BOS_22,BOS,22,1629057,R. Williams III,0.0167353244078269,0.0159152369930698,114.59831582807858,R. Williams III,2022-23,Robert Williams III,35.0,23.5,8.0,1.4,0.113,0.086,11.4,31.3,18.5,C-F,0.004714607503811705
BOS_22,BOS,22,1629684,G. Williams,0.0634654994850669,0.0022174347105456,51.263074915850304,G. Williams,2022-23,Grant Williams,79.0,25.9,8.1,1.7,0.128,0.086,5.9,29.7,16.3,F,-0.013676088216163918
BOS_22,BOS,22,1630202,P. Pritchard,0.029351184346035,0.0024202760266588,27.450929491172037,P. Pritchard,2022-23,Payton Pritchard,48.0,13.4,5.6,1.3,0.193,0.153,1.4,24.2,11.0,G,-0.009269197247830752
BOS_22,BOS,22,1630573,S. Hauser,0.0481462409886714,0.0107844483697755,54.52354149824815,S. Hauser,2022-23,Sam Hauser,80.0,16.1,6.4,0.9,0.141,0.076,7.7,19.1,11.0,F,-0.002700661840261529
BOS_22,BOS,22,201143,A. Horford,0.0588311019567456,0.0127659351344413,67.81626636367744,A. Horford,2022-23,Al Horford,63.0,30.5,9.8,3.0,0.119,0.128,7.8,45.7,25.4,C-F,-0.002309466465308928
BOS_22,BOS,22,201933,B. Griffin,0.0175077239958805,0.0038881240133887,34.50456607079376,B. Griffin,2022-23,Blake Griffin,41.0,13.9,4.1,1.5,0.125,0.142,9.9,20.5,12.4,F,-0.007325895769017477
BOS_22,BOS,22,203488,M. Muscala,0.0111997940267765,0.000711141125313,14.10018404737797,M. Muscala,2022-23,Mike Muscala,63.0,15.0,6.1,0.8,0.146,0.069,8.8,25.7,12.9,F-C,-0.010456654126514014
BOS_22,BOS,22,203935,M. Smart,0.0848352214212152,0.0008256250038896,45.983180647220834,M. Smart,2022-23,Marcus Smart,61.0,32.1,11.5,6.3,0.176,0.256,6.3,59.6,25.5,G,-0.01984502562038393
CHA_22,CHA,22,1626162,K. Oubre Jr.,0.115439184831678,0.0026642607519252,44.57228670005276,K. Oubre Jr.,2022-23,Kelly Oubre Jr.,48.0,32.2,20.3,1.1,0.257,0.057,-7.7,44.7,31.8,F-G,-0.027723527343677043
CHA_22,CHA,22,1626179,T. Rozier,0.1543918483167806,0.0164805600026649,93.78361504048468,T. Rozier,2022-23,Terry Rozier,63.0,35.3,21.1,5.1,0.262,0.22,-6.2,75.2,35.9,G,-0.031173670139254872
CHA_22,CHA,22,1628372,D. Smith Jr.,0.0653940410163807,0.0040097799032392,67.26121036407928,D. Smith Jr.,2022-23,Dennis Smith Jr.,54.0,25.7,8.8,4.8,0.175,0.275,-2.6,53.9,22.8,G,-0.012247076137544818
CHA_22,CHA,22,1629004,S. Mykhailiuk,0.0211531020250225,0.0030574868507824,63.5397504931989,S. Mykhailiuk,2022-23,Svi Mykhailiuk,32.0,14.6,6.9,1.7,0.191,0.167,1.0,19.7,13.2,G-F,-0.00824884516012088
CHA_22,CHA,22,1629023,P. Washington,0.1307880820327615,0.0029121961507091,41.887260485037615,P. Washington,2022-23,P.J. Washington,73.0,32.6,15.7,2.4,0.2,0.107,-7.2,57.0,30.4,F,-0.03362425070766192
CHA_22,CHA,22,1629667,J. McDaniels,0.070037404875532,0.0099923872898978,75.22441075265527,J. McDaniels,,,,,,,,,,,,Forward,-0.007194439556817938
CHA_22,CHA,22,1630163,L. Ball,0.0913194892299754,0.0097288277916492,71.60060195289044,L. Ball,2022-23,LaMelo Ball,36.0,35.2,23.3,8.4,0.289,0.352,-4.7,90.2,29.9,G,-0.012717897369291197
CHA_22,CHA,22,1630177,T. Maledon,0.0367599638849477,0.0050827353751501,54.27991176525895,T. Maledon,2022-23,Theo Maledon,44.0,19.4,6.7,3.5,0.166,0.247,-8.9,47.3,16.8,G,-0.007162040021105825
CHA_22,CHA,22,1630208,N. Richards,0.0366309815555268,0.0053262002999949,64.99485029655395,N. Richards,2022-23,Nick Richards,65.0,18.7,8.2,0.6,0.151,0.046,-4.5,24.2,12.5,C,-0.006907210022989012
CHA_22,CHA,22,1630539,K. Jones,0.015735844189346,0.0069575575121345,151.64791646106082,K. Jones,2022-23,Kai Jones,46.0,11.9,3.4,0.3,0.121,0.041,-3.1,13.7,7.2,C-F,-0.004228946827125479
CHA_22,CHA,22,1630547,J. Bouknight,0.0259254482135947,0.0033365002031787,110.3949085546134,J. Bouknight,2022-23,James Bouknight,34.0,15.2,5.6,1.2,0.192,0.117,-8.3,22.4,13.1,G,-0.008163311855753782
CHA_22,CHA,22,1630550,J. Thor,0.030568812072746,0.0035242064450892,60.79564658092784,J. Thor,2022-23,JT Thor,69.0,14.0,3.8,0.5,0.13,0.054,-7.5,19.3,9.9,F,-0.008242901079023826
CHA_22,CHA,22,1631109,M. Williams,0.0274732361666451,0.0073961197795138,65.73223818688399,M. Williams,2022-23,Mark Williams,43.0,19.3,9.0,0.4,0.168,0.033,-4.7,22.3,12.3,C,-0.004184128345057277
CHA_22,CHA,22,1631121,B. McGowens,0.0317296530375338,0.0037383192215025,55.68539726560339,B. McGowens,2022-23,Bryce McGowens,46.0,17.1,5.3,1.2,0.147,0.098,-9.7,19.0,12.5,G,-0.008107793700904763
CHA_22,CHA,22,202330,G. Hayward,0.081903779182252,0.0101156150509629,101.47559247168438,G. Hayward,2022-23,Gordon Hayward,50.0,31.5,14.7,4.1,0.196,0.187,-3.3,49.0,35.4,F,-0.009802000696890528
CHA_22,CHA,22,203486,M. Plumlee,0.0570101896040242,0.0118561001559058,85.18277039338814,M. Plumlee,,,,,,,,,,,,Guard,-0.002919103059536335
CHI_22,CHI,22,1627884,D. Jones Jr.,0.0304709141274238,0.0245251572204221,90.59393257352212,D. Jones Jr.,2022-23,Derrick Jones Jr.,64.0,14.0,5.0,0.5,0.138,0.052,6.7,17.9,9.5,F,0.012764489719217514
CHI_22,CHI,22,1627936,A. Caruso,0.039572615749901,0.0088681484186753,49.44405521657187,A. Caruso,2022-23,Alex Caruso,67.0,23.5,5.6,2.9,0.109,0.155,6.1,42.1,17.3,G,-0.003639417938440106
CHI_22,CHI,22,1629632,C. White,0.0838939453897902,0.0139097129629764,72.37726824725516,C. White,2022-23,Coby White,74.0,23.4,9.7,2.8,0.17,0.159,4.0,38.4,18.6,G,-0.006515753924309123
CHI_22,CHI,22,1629750,J. Green,0.014509959108297,0.0068999576911445,43.6304960604509,J. Green,2022-23,Javonte Green,32.0,15.0,5.2,0.7,0.128,0.062,5.9,21.8,10.8,G,-0.0042741539965464445
CHI_22,CHI,22,1630172,P. Williams,0.0903574726289407,0.0044468150078464,44.86242522108456,P. Williams,2022-23,Patrick Williams,82.0,28.3,10.2,1.2,0.156,0.059,-2.4,38.6,19.3,F,-0.017726804093082468
CHI_22,CHI,22,1630245,A. Dosunmu,0.0804643186914655,0.0109263868107211,67.04984609677678,A. Dosunmu,2022-23,Ayo Dosunmu,80.0,26.2,8.6,2.6,0.145,0.135,-1.3,42.7,16.6,G,-0.008632832538518717
CHI_22,CHI,22,1631207,D. Terry,0.0092336103416435,0.0067324141563326,43.98053493883658,D. Terry,2022-23,Dalen Terry,38.0,5.6,2.2,0.6,0.173,0.157,3.3,8.4,4.2,F,-0.004450385401056244
CHI_22,CHI,22,201609,G. Dragic,0.0437936947632238,0.0042755325785921,37.78106686710431,G. Dragic,,,,,,,,,,,,Guard,-0.008680094460757666
CHI_22,CHI,22,201942,D. DeRozan,0.1937739084553489,0.1139124541919853,185.9845334309036,D. DeRozan,2022-23,DeMar DeRozan,74.0,36.2,24.5,5.1,0.272,0.222,1.5,59.4,36.0,G-F,0.04322394935337437
CHI_22,CHI,22,201976,P. Beverley,0.0176757683682891,0.0042887047601629,34.78556824376335,P. Beverley,2022-23,Patrick Beverley,67.0,27.1,6.2,2.9,0.107,0.137,-1.5,39.7,16.9,G,-0.006928513955584632
CHI_22,CHI,22,202696,N. Vučević,0.1561799234929428,0.0389345693947528,102.68396495738912,N. Vučević,2022-23,Nikola Vučević,82.0,33.5,17.6,3.2,0.218,0.146,-0.5,66.3,45.1,C,-0.009643960662017434
CHI_22,CHI,22,203083,A. Drummond,0.0309985490040891,0.0461753009675945,111.66716792101842,A. Drummond,2022-23,Andre Drummond,67.0,12.7,6.0,0.5,0.196,0.057,2.6,17.2,10.5,C,0.03437951410631715
CHI_22,CHI,22,203897,Z. LaVine,0.2024798839203271,0.0393606206821111,104.20120393562264,Z. LaVine,2022-23,Zach LaVine,77.0,35.9,24.8,4.2,0.278,0.187,0.3,61.9,32.4,G,-0.03717684882043269
CLE_22,CLE,22,1626224,C. Osman,0.073751840449739,0.0078833314640863,72.10681405783689,C. Osman,2022-23,Cedi Osman,77.0,20.1,8.7,1.5,0.178,0.107,7.5,28.2,19.3,F,-0.010103547775829112
CLE_22,CLE,22,1627747,C. LeVert,0.1088207736581448,0.0116952611164931,116.16636823428811,C. LeVert,2022-23,Caris LeVert,74.0,30.2,12.1,3.9,0.183,0.182,4.5,47.1,27.7,G,-0.016304094146629797
CLE_22,CLE,22,1628378,D. Mitchell,0.2063980725471824,0.0396276084426393,199.7602979492557,D. Mitchell,2022-23,Donovan Mitchell,68.0,35.8,28.3,4.4,0.31,0.205,5.9,67.7,31.8,G,-0.03963165903893153
CLE_22,CLE,22,1628386,J. Allen,0.0820505956364609,0.0247697705464631,125.78622936520256,J. Allen,2022-23,Jarrett Allen,68.0,32.6,14.3,1.7,0.162,0.073,7.7,42.6,25.2,C,0.004815179429897162
CLE_22,CLE,22,1629603,M. Diakite,0.0066925445054209,0.0044933691915156,45.61305535209623,M. Diakite,2022-23,Mamadi Diakite,22.0,8.0,2.6,0.4,0.164,0.07,0.7,11.5,6.5,F,-0.006729528548720119
CLE_22,CLE,22,1629636,D. Garland,0.1634319368223798,0.0304629470016345,146.72013039734625,D. Garland,2022-23,Darius Garland,69.0,35.5,21.6,7.8,0.262,0.328,8.0,76.7,29.3,G,-0.021982853735739386
CLE_22,CLE,22,1629731,D. Wade,0.0227546513184312,0.0089189568499307,83.86287308844969,D. Wade,2022-23,Dean Wade,44.0,20.3,4.7,0.8,0.1,0.056,6.5,22.5,12.9,F-C,-0.0024431239244749377
CLE_22,CLE,22,1630171,I. Okoro,0.052067996252175,0.0053927666394139,59.476520169566015,I. Okoro,2022-23,Isaac Okoro,76.0,21.7,6.4,1.1,0.117,0.07,5.4,19.8,12.8,F-G,-0.008628089019248681
CLE_22,CLE,22,1630205,L. Stevens,0.0402891179226341,0.0020444712808195,33.7458764928415,L. Stevens,2022-23,Lamar Stevens,62.0,18.1,5.3,0.5,0.136,0.04,1.2,20.7,10.5,F,-0.010534610788718741
CLE_22,CLE,22,1630596,E. Mobley,0.139204925712756,0.0146973822679787,88.49902799433171,E. Mobley,2022-23,Evan Mobley,79.0,34.4,16.2,2.8,0.199,0.122,6.5,59.9,31.2,C,-0.025572440984584156
CLE_22,CLE,22,201567,K. Love,0.0377459510105742,0.0040587195438083,74.08815933035157,K. Love,,,,,,,,,,,,Forward-Center,-0.00827492210526573
CLE_22,CLE,22,201577,R. Lopez,0.0111096238789987,0.0026218767894734,46.93319122650144,R. Lopez,2022-23,Robin Lopez,37.0,8.1,3.0,0.5,0.156,0.105,-8.7,9.0,6.1,C,-0.008546300733557628
CLE_22,CLE,22,201937,R. Rubio,0.0252978182304912,0.0099258777290088,71.10205718538343,R. Rubio,2022-23,Ricky Rubio,33.0,17.2,5.2,3.5,0.172,0.295,3.0,39.4,15.0,G,-0.0015437859013833002
CLE_22,CLE,22,203526,R. Neto,0.018203721054745,0.0058807287286871,61.94117908648849,R. Neto,2022-23,Raul Neto,48.0,10.5,3.3,1.6,0.133,0.226,1.4,20.8,8.3,G,-0.005347204559815345
DAL_22,DAL,22,1626174,C. Wood,0.1200755531570426,0.0117893146263629,203.227870236852,C. Wood,2022-23,Christian Wood,67.0,25.9,16.6,1.8,0.259,0.119,-1.3,46.0,26.0,F,-0.020365973681678202
DAL_22,DAL,22,1627827,D. Finney-Smith,0.0396654074473826,0.0104821853613862,94.73315472777068,D. Finney-Smith,,,,,,,,,,,,Forward,-0.002034538110829579
DAL_22,DAL,22,1628373,F. Ntilikina,0.0192930383162439,0.0035656022607639,49.44336237810899,F. Ntilikina,2022-23,Frank Ntilikina,47.0,12.9,2.9,1.2,0.125,0.127,5.1,17.8,8.1,G,-0.007687623355251909
DAL_22,DAL,22,1628467,M. Kleber,0.0228008634646519,0.0025208718851845,64.84331369669906,M. Kleber,2022-23,Maxi Kleber,37.0,25.1,5.9,1.4,0.1,0.079,-2.9,32.5,17.8,F,-0.008842955169590706
DAL_22,DAL,22,1629029,L. Dončić,0.2162709120345385,0.1014752708988042,277.1240974496869,L. Dončić,2022-23,Luka Dončić,66.0,36.2,32.4,8.0,0.368,0.408,2.1,89.6,34.1,F-G,0.015111599926187144
DAL_22,DAL,22,1629033,T. Pinson,0.0120075553157042,0.005563787725354,64.3111639386067,T. Pinson,2022-23,Theo Pinson,40.0,8.1,2.4,1.2,0.136,0.196,-7.6,16.2,7.3,G-F,-0.005601894400537183
DAL_22,DAL,22,1630182,J. Green,0.057609282245008,0.0047033910269745,60.20093100542285,J. Green,2022-23,Josh Green,60.0,25.7,9.1,1.7,0.14,0.096,2.5,34.2,17.2,G,-0.010169256124729104
DAL_22,DAL,22,1630593,M. Wright IV,0.0152455477603885,0.0039874383134096,63.6711422265947,M. Wright IV,2022-23,McKinley Wright IV,27.0,12.4,4.2,2.1,0.16,0.275,-14.9,24.8,9.6,G,-0.007193457498585474
DAL_22,DAL,22,1630702,J. Hardy,0.0477603885590933,0.0080840546717746,77.74291507144572,J. Hardy,2022-23,Jaden Hardy,48.0,14.8,8.8,1.4,0.248,0.147,-3.1,25.3,12.3,G,-0.005351349778305649
DAL_22,DAL,22,201580,J. McGee,0.0188882892606583,0.0041484448415796,55.14886578228726,J. McGee,2022-23,JaVale McGee,42.0,8.4,4.4,0.3,0.214,0.051,-7.3,11.7,6.3,C-F,-0.007094882159214591
DAL_22,DAL,22,202681,K. Irving,0.0559902860226659,0.0231730067122291,169.6304022565777,K. Irving,2022-23,Kyrie Irving,60.0,37.3,27.1,5.5,0.286,0.233,4.7,75.7,32.5,G,0.008560708075356378
DAL_22,DAL,22,202689,K. Walker,0.0091743119266055,0.0042586255085932,64.33145080302637,K. Walker,2022-23,Kemba Walker,9.0,16.0,8.0,2.1,0.215,0.216,-1.9,28.7,12.2,Guard,-0.0069248437148517515
DAL_22,DAL,22,202722,D. Bertans,0.020912034538586,0.0037240600378304,72.69855519673898,D. Bertans,2022-23,Davis Bertans,45.0,10.9,4.6,0.5,0.155,0.065,-4.3,13.3,8.0,F,-0.007574683672004194
DAL_22,DAL,22,203200,J. Holiday,0.0107933081489476,0.0043162102377637,90.88523752822636,J. Holiday,2022-23,Justin Holiday,46.0,15.4,4.5,0.9,0.132,0.08,-9.1,17.3,11.2,F-G,-0.0068535407501768494
DAL_22,DAL,22,203493,R. Bullock Jr.,0.0631408526713437,0.0046823967417739,72.0945482343163,R. Bullock Jr.,2022-23,Reggie Bullock Jr.,78.0,30.3,7.2,1.4,0.098,0.063,-1.8,34.1,20.3,G-F,-0.0111512859153904
DAL_22,DAL,22,203501,T. Hardaway Jr.,0.118861305990286,0.0099517448434983,88.21404721211547,T. Hardaway Jr.,2022-23,Tim Hardaway Jr.,71.0,30.3,14.4,1.8,0.201,0.088,3.4,44.8,23.8,G-F,-0.021733129328713435
DAL_22,DAL,22,203915,S. Dinwiddie,0.0971397733405288,0.0180036096306899,107.42532667915756,S. Dinwiddie,,,,,,,,,,,,Guard,-0.006166799630338303
DAL_22,DAL,22,203939,D. Powell,0.0423637344846195,0.1463174827841737,312.43454073059905,D. Powell,2022-23,Dwight Powell,76.0,19.2,6.7,0.9,0.123,0.067,6.2,25.1,14.3,F-C,0.1335208595768134
DEN_22,DEN,22,1627750,J. Murray,0.1431615394859502,0.0584723458885675,115.36386449908206,J. Murray,2022-23,Jamal Murray,65.0,32.8,20.0,6.2,0.256,0.265,6.4,71.4,33.9,G,0.016359014659203294
DEN_22,DEN,22,1628418,T. Bryant,0.008922626181915,0.0044697122839444,31.9598232247764,T. Bryant,2022-23,Thomas Bryant,59.0,18.3,9.8,0.5,0.181,0.042,-4.7,26.8,12.8,C-F,-0.0067167407738139475
DEN_22,DEN,22,1628427,V. Čančar,0.0310294313490478,0.0083025051976828,40.16258465542091,V. Čančar,2022-23,Vlatko Čančar,60.0,14.8,5.0,1.3,0.134,0.125,-3.9,20.3,13.1,F,-0.0034953683755670796
DEN_22,DEN,22,1628432,D. Reed,0.0119856172592888,0.0282054477692559,82.29849553708246,D. Reed,2022-23,Davon Reed,43.0,8.0,2.1,0.5,0.142,0.099,-14.1,14.6,7.1,Guard,0.01703973942083893
DEN_22,DEN,22,1628971,B. Brown,0.1045412172060194,0.0323917236054573,79.79085435629025,B. Brown,2022-23,Bruce Brown,80.0,28.5,11.5,3.4,0.174,0.164,0.8,51.6,24.7,G-F,0.005852442110469147
DEN_22,DEN,22,1629008,M. Porter Jr.,0.1090691170595285,0.037553311753665,86.12761378705389,M. Porter Jr.,2022-23,Michael Porter Jr.,62.0,29.0,17.4,1.0,0.22,0.048,10.4,36.7,23.3,F,0.009467195164104263
DEN_22,DEN,22,1630192,Z. Nnaji,0.0223731522173391,0.015344435763877,54.81664706871519,Z. Nnaji,2022-23,Zeke Nnaji,53.0,13.7,5.2,0.3,0.149,0.04,-5.9,13.6,9.4,F-C,0.003996476201979576
DEN_22,DEN,22,1630538,B. Hyland,0.0588626980956185,0.0287285549803413,77.40759337028462,B. Hyland,,,,,,,,,,,,Guard,0.013647838569857395
DEN_22,DEN,22,1631128,C. Braun,0.0398188840058596,0.0100967030805079,45.01280600983228,C. Braun,2022-23,Christian Braun,76.0,15.5,4.7,0.8,0.127,0.07,-4.3,18.3,10.6,G,-0.002435234504379531
DEN_22,DEN,22,1631212,P. Watson,0.0071913703555733,0.0066621711755103,65.10461327502907,P. Watson,2022-23,Peyton Watson,23.0,8.1,3.3,0.5,0.174,0.087,-12.0,10.3,4.9,G,-0.004551013261842238
DEN_22,DEN,22,201145,J. Green,0.0472766014116393,0.0062648517048035,36.603062984810265,J. Green,2022-23,Jeff Green,56.0,19.5,7.8,1.2,0.167,0.095,-8.0,25.7,17.1,F,-0.007108991613122411
DEN_22,DEN,22,201599,D. Jordan,0.0155813024370755,0.0134834521860741,51.00575371134041,D. Jordan,2022-23,DeAndre Jordan,39.0,15.0,5.1,0.9,0.134,0.084,-8.4,19.7,11.3,C,0.002298809469372047
DEN_22,DEN,22,202397,I. Smith,0.0174457317885204,0.0255653004940848,91.5874530359348,I. Smith,2022-23,Ish Smith,43.0,9.3,2.5,2.3,0.187,0.352,-5.3,21.7,8.0,G,0.01435243502811182
DEN_22,DEN,22,202704,R. Jackson,0.0167798641630043,0.0045212664368474,31.07486269039093,R. Jackson,2022-23,Reggie Jackson,68.0,24.4,10.2,3.4,0.205,0.211,-2.2,48.9,19.9,G,-0.006680076580709064
DEN_22,DEN,22,203484,K. Caldwell-Pope,0.099214276201891,0.0982748122958974,142.03462864802395,K. Caldwell-Pope,2022-23,Kentavious Caldwell-Pope,76.0,31.3,10.8,2.4,0.136,0.092,9.8,38.2,25.5,G,0.07346042636091983
DEN_22,DEN,22,203932,A. Gordon,0.106805167132774,0.0192361726704283,79.23712504609011,A. Gordon,2022-23,Aaron Gordon,68.0,30.2,16.3,3.0,0.206,0.129,12.1,42.5,23.9,F,-0.008067259778835476
DEN_22,DEN,22,203999,N. Jokić,0.1579438007724064,0.0533650277503937,101.43222741320405,N. Jokić,2022-23,Nikola Jokić,69.0,33.7,24.5,9.8,0.263,0.412,12.5,98.6,52.1,C,0.00386337908082382
DET_22,DET,22,1628963,M. Bagley III,0.048866762740731,0.0093886239161877,62.55107552707639,M. Bagley III,2022-23,Marvin Bagley III,42.0,23.6,12.0,0.9,0.202,0.058,-10.6,34.1,20.2,F,-0.004190745610348014
DET_22,DET,22,1628977,H. Diallo,0.0538451460762478,0.0092529548556964,61.41283546071046,H. Diallo,2022-23,Hamidou Diallo,56.0,17.8,9.3,1.0,0.21,0.088,-0.6,27.8,13.7,G,-0.005028985303366951
DET_22,DET,22,1628995,K. Knox II,0.026595047818682,0.0034957703299954,40.817422798255095,K. Knox II,,,,,,,,,,,,Forward,-0.008037776612797629
DET_22,DET,22,1630164,J. Wiseman,0.0315734311541988,0.0074485295440329,61.587323045197046,J. Wiseman,2022-23,James Wiseman,45.0,19.3,10.0,0.7,0.212,0.057,-17.2,32.3,15.0,C,-0.004386667364485101
DET_22,DET,22,1630165,K. Hayes,0.1143718066291104,0.0043768246717585,43.861343556283735,K. Hayes,2022-23,Killian Hayes,76.0,28.3,10.3,6.2,0.201,0.325,-10.9,62.1,21.6,G,-0.02561505890749507
DET_22,DET,22,1630180,S. Bey,0.0862046377571073,0.0065644152573843,74.54879291105061,S. Bey,,,,,,,,,,,,Guard-Forward,-0.01446866205796738
DET_22,DET,22,1630181,R. Hampton,0.0184724223765229,0.0038256279920998,39.77881891710529,R. Hampton,2022-23,R.J. Hampton,47.0,15.9,6.4,1.1,0.175,0.11,-8.7,23.7,12.2,G,-0.007408145487589045
DET_22,DET,22,1630191,I. Stewart,0.0619677715184069,0.0034215833385543,49.26032217313253,I. Stewart,2022-23,Isaiah Stewart,50.0,28.3,11.3,1.4,0.17,0.073,-8.0,39.2,22.2,F-C,-0.012199048544027577
DET_22,DET,22,1630587,I. Livers,0.0383859557185903,0.0039639465158649,48.998091822971865,I. Livers,2022-23,Isaiah Livers,52.0,23.1,6.7,0.8,0.117,0.048,-7.8,26.0,16.3,F,-0.008429259689452958
DET_22,DET,22,1630595,C. Cunningham,0.0288222193108869,0.0025890099144053,41.01925455787477,C. Cunningham,2022-23,Cade Cunningham,12.0,33.3,19.9,6.0,0.287,0.306,-6.1,78.3,24.8,G,-0.009068407626208303
DET_22,DET,22,1630647,E. Omoruyi,0.0188654526398532,0.006524825637095,53.920688818391376,E. Omoruyi,2022-23,Eugene Omoruyi,40.0,16.1,7.0,0.7,0.192,0.065,-1.9,20.4,13.2,F,-0.004717960521152252
DET_22,DET,22,1631093,J. Ivey,0.1519717018210402,0.011547389386994,75.68199604600751,J. Ivey,2022-23,Jaden Ivey,74.0,31.1,16.3,5.2,0.251,0.269,-13.0,58.3,23.4,G,-0.034874220763941546
DET_22,DET,22,1631105,J. Duren,0.0458535307218655,0.2398630700210248,321.43102629898675,J. Duren,2022-23,Jalen Duren,67.0,24.9,9.1,1.1,0.139,0.069,-8.3,35.8,16.5,C,0.2266654041052354
DET_22,DET,22,202692,A. Burks,0.0676012052928075,0.0082098763543679,58.358890129804045,A. Burks,2022-23,Alec Burks,51.0,22.0,12.8,2.2,0.218,0.15,-1.0,34.6,21.2,G,-0.008479308030181433
DET_22,DET,22,202709,C. Joseph,0.0454605004585353,0.0020164948049254,29.73472618337342,C. Joseph,2022-23,Cory Joseph,62.0,19.8,6.9,3.5,0.149,0.256,-4.1,40.5,15.5,G,-0.011133804102261655
DET_22,DET,22,202711,B. Bogdanović,0.1281278658456701,0.0041055650523902,78.42198400977091,B. Bogdanović,,,,,,,,,,,,Guard,-0.03130419147473284
DET_22,DET,22,203585,R. McGruder,0.019520503078737,0.0040876449750831,41.70778650500383,R. McGruder,2022-23,Rodney McGruder,32.0,16.4,5.7,0.9,0.135,0.071,-3.5,18.7,12.6,G,-0.007171403554549327
GSW_22,GSW,22,1626172,K. Looney,0.0412956510517486,0.1340584992271262,166.9751274284268,K. Looney,2022-23,Kevon Looney,82.0,23.9,7.0,2.5,0.104,0.136,4.4,41.3,25.1,F,0.12137581728166537
GSW_22,GSW,22,1628978,D. DiVincenzo,0.0705897535165827,0.0108926689008008,49.83038312101838,D. DiVincenzo,2022-23,Donte DiVincenzo,72.0,26.3,9.4,3.5,0.146,0.176,2.9,48.3,23.3,G,-0.006409970617282112
GSW_22,GSW,22,1629660,T. Jerome,0.033423667570009,0.0062552775368884,38.22853547382824,T. Jerome,2022-23,Ty Jerome,45.0,18.1,6.9,3.0,0.147,0.233,-5.6,39.2,17.5,G-F,-0.005714871464844382
GSW_22,GSW,22,1629673,J. Poole,0.1813137178990837,0.0448335849830096,93.72933479200108,J. Poole,2022-23,Jordan Poole,82.0,30.0,20.4,4.5,0.282,0.234,-0.8,65.7,32.4,G,-0.017960567053153742
GSW_22,GSW,22,1630164,J. Wiseman,0.0132920376822815,0.0263598550648781,69.48918677285896,J. Wiseman,,,,,,,,,,,,Center,0.015192674404666557
GSW_22,GSW,22,1630228,J. Kuminga,0.0694283133307523,0.0026247216096892,47.37054340116059,J. Kuminga,2022-23,Jonathan Kuminga,67.0,20.8,9.9,1.9,0.195,0.132,-1.4,34.1,19.8,F,-0.014435674089373294
GSW_22,GSW,22,1630237,A. Lamb,0.0411666021422119,0.0035572979334218,29.14056281458933,A. Lamb,2022-23,Anthony Lamb,62.0,19.3,6.7,1.5,0.136,0.111,1.7,32.6,17.5,F,-0.009111896609093912
GSW_22,GSW,22,1630541,M. Moody,0.0301974448315911,0.0055653220884245,34.389263601028496,M. Moody,2022-23,Moses Moody,63.0,13.0,4.8,0.8,0.141,0.085,-0.6,14.2,10.3,G,-0.006177539386435678
GSW_22,GSW,22,1631116,P. Baldwin Jr.,0.014453477868112,0.0027765667503646,23.368900850289556,P. Baldwin Jr.,2022-23,Patrick Baldwin Jr.,31.0,7.3,3.9,0.4,0.227,0.083,-12.3,11.5,7.8,F,-0.008397104909388872
GSW_22,GSW,22,201939,S. Curry,0.1589882565492321,0.0232282174483466,64.4857614729686,S. Curry,2022-23,Stephen Curry,56.0,34.7,29.4,6.3,0.297,0.274,5.8,79.3,31.5,G,-0.02682534630946893
GSW_22,GSW,22,202691,K. Thompson,0.1642792618402374,0.0240485470309178,75.41191917683526,K. Thompson,2022-23,Klay Thompson,69.0,33.0,21.9,2.4,0.256,0.105,2.9,47.9,37.3,G,-0.028861513045479695
GSW_22,GSW,22,203110,D. Green,0.0730416827977803,0.0073675275108021,36.974100146030295,D. Green,2022-23,Draymond Green,73.0,31.5,8.5,6.8,0.129,0.268,7.0,72.8,39.7,F,-0.010462533569013922
GSW_22,GSW,22,203210,J. Green,0.0299393470125177,0.0038290344055982,38.0366562522554,J. Green,2022-23,JaMychal Green,57.0,14.0,6.4,0.9,0.169,0.094,-8.2,22.1,14.0,F-C,-0.007897269948625815
GSW_22,GSW,22,203952,A. Wiggins,0.0680087753258485,0.0046658153855569,29.161843862533694,A. Wiggins,2022-23,Andrew Wiggins,37.0,32.2,17.1,2.3,0.212,0.1,5.2,46.2,31.6,F,-0.01210512849642512
HOU_22,HOU,22,1626246,B. Marjanović,0.0081332808605535,0.0105442951920375,56.83003354527844,B. Marjanović,,,,,,,,,,,,?,-0.0006530015198482706
HOU_22,HOU,22,1628981,B. Fernando,0.0120687393414666,0.0085657633080915,53.26228383785052,B. Fernando,,,,,,,,,,,,Forward-Center,-0.00259985487939687
HOU_22,HOU,22,1629645,K. Porter Jr.,0.127508854781582,0.0304887411770166,103.341042361015,K. Porter Jr.,2022-23,Kevin Porter Jr.,59.0,34.3,19.2,5.7,0.239,0.26,-8.3,79.0,34.8,G-F,-0.004662513425168994
HOU_22,HOU,22,1629726,G. Mathews,0.0219073855437491,0.0145510179418062,66.05712132693323,G. Mathews,,,,,,,,,,,,Guard,0.0032195852937060114
HOU_22,HOU,22,1630224,J. Green,0.1944116489571035,0.0319507803994755,108.51661865246164,J. Green,2022-23,Jalen Green,76.0,34.2,22.1,3.7,0.274,0.169,-8.7,65.9,34.1,G,-0.039156877077546705
HOU_22,HOU,22,1630227,D. Nix,0.0334513970877607,0.0051449397032284,40.7272467438495,D. Nix,2022-23,Daishen Nix,57.0,16.0,4.0,2.3,0.149,0.191,-8.2,36.0,14.6,G,-0.00682732597648575
HOU_22,HOU,22,1630231,K. Martin,0.0985176439721894,0.0343783355115432,114.47345499751329,K. Martin,2022-23,KJ Martin,82.0,28.0,12.7,1.5,0.16,0.079,-8.0,35.5,22.1,F,0.009781936737518721
HOU_22,HOU,22,1630256,J. Tate,0.032139577594123,0.0019425663262846,24.09638101849936,J. Tate,2022-23,Jae'Sean Tate,31.0,21.9,9.1,2.7,0.178,0.184,-7.3,40.9,21.6,F,-0.009932609684450344
HOU_22,HOU,22,1630528,J. Christopher,0.0453889544798635,0.0064527991520682,48.363936312422624,J. Christopher,2022-23,Josh Christopher,64.0,12.3,5.8,1.1,0.215,0.149,-13.9,18.7,11.6,G,-0.006688937309239177
HOU_22,HOU,22,1630578,A. Sengun,0.1199003017184835,0.1302083556847089,191.3479246354192,A. Sengun,2022-23,Alperen Sengun,75.0,28.9,14.8,3.9,0.211,0.199,-7.8,56.0,38.5,C,0.09812129111914979
HOU_22,HOU,22,1630586,U. Garuba,0.0179719270628361,0.0018811749268268,24.504236041445864,U. Garuba,2022-23,Usman Garuba,75.0,12.9,3.0,0.9,0.099,0.096,-12.2,18.8,9.6,F,-0.00934193009046775
HOU_22,HOU,22,1631095,J. Smith Jr.,0.1141282959464777,0.0202227251665387,77.4201434126491,J. Smith Jr.,2022-23,Jabari Smith Jr.,79.0,31.0,12.8,1.3,0.183,0.059,-11.3,46.4,23.6,F,-0.009679414245656142
HOU_22,HOU,22,1631102,T. Washington Jr.,0.0213826577462941,0.0078092013210562,48.47425651681277,T. Washington Jr.,2022-23,TyTy Washington Jr.,31.0,14.0,4.7,1.5,0.17,0.152,-6.1,28.5,13.1,G,-0.0035045519451274354
HOU_22,HOU,22,1631106,T. Eason,0.0756919847828938,0.0029789140895493,30.27170232637876,T. Eason,2022-23,Tari Eason,82.0,21.6,9.3,1.1,0.184,0.075,-4.8,32.6,15.9,F,-0.015445687379256492
HOU_22,HOU,22,201569,E. Gordon,0.0724124360487996,0.0096135405113441,60.68534074741932,E. Gordon,,,,,,,,,,,,Guard,-0.008079093053776392
IND_22,IND,22,1626167,M. Turner,0.1038712150249137,0.0795580178701566,129.51870977046593,M. Turner,2022-23,Myles Turner,62.0,29.4,18.0,1.4,0.225,0.074,-1.2,42.5,30.1,C-F,0.053241328206437497
IND_22,IND,22,1627741,B. Hield,0.1345343043311613,0.0361921463945567,86.50890621615606,B. Hield,2022-23,Buddy Hield,80.0,31.0,16.8,2.8,0.205,0.131,-1.9,58.7,34.0,G,-0.0019743413254665818
IND_22,IND,22,1629052,O. Brissett,0.0462501597035901,0.0070131867997513,37.40603387215136,O. Brissett,2022-23,Oshae Brissett,65.0,16.7,6.1,0.7,0.155,0.055,0.6,26.4,14.0,F-G,-0.006232846086178061
IND_22,IND,22,1629614,A. Nembhard,0.0843234955921809,0.0061820690275823,34.58570362192157,A. Nembhard,2022-23,Andrew Nembhard,75.0,27.6,9.5,4.5,0.159,0.222,-5.9,49.3,23.7,G-F,-0.014354889758738328
IND_22,IND,22,1629670,J. Nwora,0.0344959754695285,0.0057602345623885,43.12530611075851,J. Nwora,2022-23,Jordan Nwora,62.0,19.2,8.7,1.4,0.187,0.107,-10.2,26.9,16.6,F,-0.00629379204784343
IND_22,IND,22,1630169,T. Haliburton,0.1179251309569439,0.0295353974537265,77.19767741328481,T. Haliburton,2022-23,Tyrese Haliburton,56.0,33.6,20.7,10.4,0.238,0.457,-1.0,94.2,32.5,G,-0.0017904308265413657
IND_22,IND,22,1630174,A. Nesmith,0.0813849495336655,0.009627282862329,43.16162561256576,A. Nesmith,2022-23,Aaron Nesmith,73.0,24.9,10.1,1.3,0.168,0.073,-4.7,36.1,20.8,G-F,-0.01016029128216463
IND_22,IND,22,1630188,J. Smith,0.0603040756356202,0.0076404265383627,49.2998422706495,J. Smith,2022-23,Jalen Smith,68.0,18.8,9.4,1.0,0.201,0.076,-3.8,29.9,18.0,F-C,-0.0076865835719349615
IND_22,IND,22,1630537,C. Duarte,0.0434393765171841,0.0071355695471484,38.39221588209547,C. Duarte,2022-23,Chris Duarte,46.0,19.5,7.9,1.4,0.181,0.101,-6.2,29.1,18.9,G,-0.005779970178556485
IND_22,IND,22,1630543,I. Jackson,0.0369234700396064,0.2029695916284357,192.47060706444177,I. Jackson,2022-23,Isaiah Jackson,63.0,16.5,7.2,0.8,0.165,0.071,-5.6,22.7,14.4,F,0.19071032268402638
IND_22,IND,22,1631097,B. Mathurin,0.1453941484604574,0.0445799382104609,92.75587271408102,B. Mathurin,2022-23,Bennedict Mathurin,78.0,28.5,16.7,1.5,0.235,0.078,-4.3,42.0,28.6,G-F,0.0014013833711736118
IND_22,IND,22,201949,J. Johnson,0.0063881436054682,0.0070639036319584,47.83899249197109,J. Johnson,2022-23,James Johnson,18.0,9.0,2.8,0.8,0.152,0.135,-1.1,12.9,7.2,F,-0.0041653635529975384
IND_22,IND,22,204456,T. McConnell,0.0746135173118691,0.0458196358970429,99.05384512346664,T. McConnell,2022-23,T.J. McConnell,75.0,20.4,8.7,5.3,0.182,0.39,-2.4,54.9,18.9,G,0.02764003106824334
LAC_22,LAC,22,1626181,N. Powell,0.1161925019941504,0.028066078594383,150.0431273789719,N. Powell,2022-23,Norman Powell,60.0,26.1,17.0,1.8,0.251,0.115,-3.8,35.9,23.3,G,-0.0026036043899033343
LAC_22,LAC,22,1627826,I. Zubac,0.0678011167242754,0.0509910229927556,289.4670506120185,I. Zubac,2022-23,Ivica Zubac,76.0,28.5,10.8,1.0,0.149,0.05,-0.6,42.5,20.3,C,0.03426181096369772
LAC_22,LAC,22,1628379,L. Kennard,0.0304440308428609,0.0014140038803057,57.08103493410061,L. Kennard,,,,,,,,,,,,Guard,-0.010344901221961128
LAC_22,LAC,22,1629599,A. Coffey,0.0218027120446689,0.0045025195009597,75.70438982820818,A. Coffey,2022-23,Amir Coffey,50.0,12.5,3.4,1.1,0.128,0.119,-8.9,13.6,10.1,G-F,-0.006825306944194683
LAC_22,LAC,22,1629611,T. Mann,0.0733847381015687,0.0039805603102512,53.973421881190745,T. Mann,2022-23,Terance Mann,81.0,23.1,8.8,2.3,0.149,0.139,0.3,37.0,17.9,G-F,-0.013925027109269267
LAC_22,LAC,22,1629650,M. Brown,0.0074448285030576,0.0104493874292854,90.250590084006,M. Brown,2022-23,Moses Brown,36.0,8.2,4.3,0.1,0.188,0.021,3.5,11.2,5.0,?,-0.0007592063131021589
LAC_22,LAC,22,1630527,B. Boston,0.0168838074980058,0.0038337468501813,64.73854762734452,B. Boston,2022-23,Brandon Boston,22.0,11.3,6.5,0.9,0.237,0.129,-7.7,19.5,11.1,G,-0.007369289246507889
LAC_22,LAC,22,1630538,B. Hyland,0.0171496942302579,0.0017735634158669,38.57181739689955,B. Hyland,2022-23,Bones Hyland,56.0,19.4,11.8,3.1,0.271,0.245,-5.3,45.7,19.2,G,-0.00943398135305026
LAC_22,LAC,22,201566,R. Westbrook,0.035362935389524,0.0020780179875476,55.61851492544648,R. Westbrook,2022-23,Russell Westbrook,73.0,29.1,15.9,7.5,0.266,0.364,-0.2,64.1,24.0,G,-0.010046863237428195
LAC_22,LAC,22,201569,E. Gordon,0.026322786492954,0.0009052655186914,43.667808676319694,E. Gordon,2022-23,Eric Gordon,69.0,28.5,12.4,2.7,0.171,0.133,-5.8,38.6,23.4,G,-0.010614369129427889
LAC_22,LAC,22,201587,N. Batum,0.0461313480457325,0.0097340942209392,132.41950692461518,N. Batum,2022-23,Nicolas Batum,78.0,21.9,6.1,1.6,0.111,0.095,4.5,28.8,16.0,G-F,-0.0034973904860006923
LAC_22,LAC,22,202322,J. Wall,0.0542408933794203,0.0065190367850496,80.21271514608793,J. Wall,2022-23,John Wall,34.0,22.2,11.4,5.2,0.259,0.38,-6.6,55.4,18.2,Guard,-0.007822598061065777
LAC_22,LAC,22,202331,P. George,0.1437117787822387,0.0104291879617767,110.43487630192791,P. George,2022-23,Paul George,56.0,34.6,23.8,5.1,0.294,0.237,4.0,69.3,32.7,F,-0.03194500011017615
LAC_22,LAC,22,202694,M. Morris Sr.,0.0888061685721882,0.0041542344811927,66.59871651812033,M. Morris Sr.,2022-23,Marcus Morris Sr.,65.0,28.1,11.2,1.8,0.176,0.09,-0.3,37.0,24.2,F,-0.017586035315339713
LAC_22,LAC,22,202695,K. Leonard,0.1260303110874767,0.028826367437102,148.7997400004152,K. Leonard,2022-23,Kawhi Leonard,52.0,33.6,23.8,3.9,0.267,0.19,6.1,57.2,36.3,F,-0.005713047424185463
LAC_22,LAC,22,202704,R. Jackson,0.0724541345386865,0.002127320992701,57.37258225924185,R. Jackson,,,,,,,,,,,,Guard,-0.01557437522969551
LAC_22,LAC,22,203486,M. Plumlee,0.0130284498803509,0.0054046381465092,64.3559703053789,M. Plumlee,2022-23,Mason Plumlee,79.0,26.0,10.8,3.1,0.149,0.166,-5.9,40.8,24.6,F-C,-0.005761748489446343
LAC_22,LAC,22,203496,R. Covington,0.0317734645041212,0.0026371017347008,90.49435128946126,R. Covington,2022-23,Robert Covington,48.0,16.2,6.0,1.2,0.149,0.105,-1.0,28.8,12.9,F,-0.009212088361111401
LAL_22,LAL,22,1626156,D. Russell,0.0298317185109637,0.0010700164677884,12.488920492857636,D. Russell,2022-23,D'Angelo Russell,71.0,32.5,17.8,6.2,0.225,0.274,1.5,79.2,34.1,G,-0.010649454622944206
LAL_22,LAL,22,1627736,M. Beasley,0.0344212136664966,0.0053321451404924,29.35269938001926,M. Beasley,2022-23,Malik Beasley,81.0,25.8,12.7,1.5,0.207,0.086,-2.2,34.3,21.2,G,-0.006715898650124668
LAL_22,LAL,22,1628418,T. Bryant,0.0377358490566037,0.0032999715081589,23.59855544882948,T. Bryant,,,,,,,,,,,,Center-Forward,-0.009032741836259954
LAL_22,LAL,22,1628972,T. Brown Jr.,0.0591534931157572,0.0087541779085414,38.90758746978119,T. Brown Jr.,2022-23,Troy Brown Jr.,76.0,24.5,7.1,1.3,0.119,0.067,-0.5,26.7,14.2,G-F,-0.006375622849996649
LAL_22,LAL,22,1629020,J. Vanderbilt,0.017593064762876,0.0020687539402926,16.994607180818154,J. Vanderbilt,2022-23,Jarred Vanderbilt,78.0,24.1,7.9,2.4,0.136,0.134,-1.5,31.6,17.1,F,-0.009146877649114715
LAL_22,LAL,22,1629022,L. Walker IV,0.072284548699643,0.0027617615595753,25.51249001551376,L. Walker IV,2022-23,Lonnie Walker IV,56.0,23.2,11.7,1.1,0.198,0.071,-7.3,25.2,15.2,G-F,-0.014903116463434188
LAL_22,LAL,22,1629060,R. Hachimura,0.0331463539010708,0.0046825837413888,25.62098401809836,R. Hachimura,2022-23,Rui Hachimura,63.0,23.3,11.2,0.9,0.194,0.06,-1.2,30.3,16.7,F,-0.007266550008311133
LAL_22,LAL,22,1629117,W. Gabriel,0.030979092299847,0.008596865103271,35.04247894970205,W. Gabriel,2022-23,Wenyen Gabriel,68.0,15.1,5.5,0.5,0.135,0.049,-0.2,20.0,9.4,F,-0.0031976088443532533
LAL_22,LAL,22,1629134,K. Nunn,0.0323814380418154,0.0041072006295617,24.29152710455592,K. Nunn,,,,,,,,,,,,Guard,-0.007785407961989723
LAL_22,LAL,22,1629308,J. Toscano-Anderson,0.0095614482406935,0.0005137784572828,17.153473670593723,J. Toscano-Anderson,,,,,,,,,,,,Forward,-0.010665548237989188
LAL_22,LAL,22,1630559,A. Reaves,0.0808261091279959,0.0126364943840967,42.64305557599437,A. Reaves,2022-23,Austin Reaves,64.0,28.8,13.0,3.4,0.154,0.155,4.9,41.9,21.8,G,-0.007012098525810192
LAL_22,LAL,22,1631108,M. Christie,0.0135135135135135,0.0039229849354495,23.541237779371368,M. Christie,2022-23,Max Christie,41.0,12.5,3.1,0.5,0.1,0.054,-7.1,12.1,6.8,G,-0.007245057119991452
LAL_22,LAL,22,201566,R. Westbrook,0.0981642019377868,0.0033600444611581,28.85330687900601,R. Westbrook,,,,,,,,,,,,Guard,-0.02112642775500994
LAL_22,LAL,22,201976,P. Beverley,0.0341662417134115,0.002746030588121,27.07814334056098,P. Beverley,,,,,,,,,,,,Guard,-0.00928176104991235
LAL_22,LAL,22,203076,A. Davis,0.1352626211116777,0.2577126448329505,174.54881746404058,A. Davis,2022-23,Anthony Davis,56.0,34.0,25.9,2.6,0.277,0.128,4.8,68.5,38.2,F-C,0.2192233630103495
LAL_22,LAL,22,203471,D. Schröder,0.0958694543600204,0.0028994165655471,40.51680699647583,D. Schröder,2022-23,Dennis Schröder,66.0,30.1,12.6,4.5,0.183,0.202,2.8,54.8,23.2,G,-0.020884336426241407
LAL_22,LAL,22,2544,L. James,0.1666241713411524,0.0027857685104175,42.13937927141172,L. James,2022-23,LeBron James,55.0,35.5,28.9,6.8,0.322,0.308,4.6,78.4,37.2,F,-0.051422628462768315
MEM_22,MEM,22,1626145,T. Jones,0.0987512742099898,0.0079582702526479,49.429126897048974,T. Jones,2022-23,Tyus Jones,80.0,24.2,10.3,5.2,0.175,0.286,2.0,55.0,20.4,G,-0.016711039522237965
MEM_22,MEM,22,1628379,L. Kennard,0.0228083588175331,0.00711503062787,56.0644432491504,L. Kennard,2022-23,Luke Kennard,59.0,22.3,9.3,1.5,0.144,0.091,7.3,27.3,17.2,G,-0.00424908039166301
MEM_22,MEM,22,1628415,D. Brooks,0.1299694189602446,0.0117544241610935,59.12209651997773,D. Brooks,2022-23,Dillon Brooks,73.0,30.3,14.3,2.6,0.214,0.117,4.9,41.2,26.7,G-F,-0.024432565879348847
MEM_22,MEM,22,1628991,J. Jackson Jr.,0.1178644240570846,0.0064933547865233,46.25760721558936,J. Jackson Jr.,2022-23,Jaren Jackson Jr.,63.0,28.4,18.6,1.0,0.243,0.048,9.8,41.7,24.7,F-C,-0.024809300334155317
MEM_22,MEM,22,1629630,J. Morant,0.1655198776758409,0.0339033466989384,94.0596605661458,J. Morant,2022-23,Ja Morant,61.0,31.9,26.2,8.1,0.338,0.412,7.3,77.0,25.8,G,-0.01969114457136971
MEM_22,MEM,22,1629634,B. Clarke,0.0468909276248725,0.0466894381875269,147.56937557743586,B. Clarke,2022-23,Brandon Clarke,56.0,19.5,10.0,1.3,0.174,0.1,0.7,28.5,17.8,F,0.033364064978433736
MEM_22,MEM,22,1629723,J. Konchar,0.0382262996941896,0.006149607644878,42.60884291506186,J. Konchar,2022-23,John Konchar,72.0,20.7,5.1,1.4,0.1,0.082,7.0,30.1,14.5,G,-0.006228600891651288
MEM_22,MEM,22,1630214,X. Tillman,0.0365698267074413,0.0048903436382653,37.04078785593608,X. Tillman,2022-23,Xavier Tillman,61.0,19.3,7.0,1.6,0.136,0.109,0.7,31.3,17.4,F,-0.007337699144828912
MEM_22,MEM,22,1630217,D. Bane,0.1297145769622834,0.0085545734139242,52.29111668401246,D. Bane,2022-23,Desmond Bane,58.0,31.7,21.5,4.4,0.252,0.202,9.0,63.8,34.6,G,-0.027524128664154
MEM_22,MEM,22,1630533,Z. Williams,0.0259938837920489,0.0044366798977985,35.64526479011821,Z. Williams,2022-23,Ziaire Williams,37.0,15.2,5.7,0.9,0.178,0.086,-5.2,17.7,10.8,F,-0.007066505611264483
MEM_22,MEM,22,1630583,S. Aldama,0.0658766564729867,0.0040554740527133,32.83777912342893,S. Aldama,2022-23,Santi Aldama,77.0,21.8,9.0,1.3,0.157,0.076,2.6,29.2,15.6,F-C,-0.012294409553702264
MEM_22,MEM,22,1631113,K. Chandler,0.0114678899082568,0.0018539992575067,26.9641999025891,K. Chandler,2022-23,Kennedy Chandler,36.0,7.8,2.2,1.6,0.15,0.278,-5.4,16.3,5.8,Guard,-0.00931283307008061
MEM_22,MEM,22,1631222,J. LaRavia,0.01210499490316,0.0019363077974798,28.92608347773833,J. LaRavia,2022-23,Jake LaRavia,35.0,11.8,3.0,0.6,0.117,0.068,-7.6,14.2,8.0,F,-0.009229278889291526
MEM_22,MEM,22,1631223,D. Roddy,0.053644240570846,0.0036075755135377,34.0420970630548,D. Roddy,2022-23,David Roddy,70.0,18.0,6.7,0.8,0.163,0.064,-1.9,20.9,13.0,F,-0.01064427669640903
MEM_22,MEM,22,1631254,K. Lofton Jr.,0.0118501529051987,0.0032584411767461,29.364571234256847,K. Lofton Jr.,2022-23,Kenneth Lofton Jr.,24.0,7.3,5.0,0.8,0.267,0.198,-13.4,11.6,8.4,F,-0.007907467641874517
MEM_22,MEM,22,203500,S. Adams,0.0257390417940876,0.014307708122093,75.256425629778,S. Adams,2022-23,Steven Adams,42.0,27.0,8.6,2.3,0.139,0.107,9.7,43.2,22.9,C,0.002816998859850206
MIA_22,MIA,22,1628389,B. Adebayo,0.1630405586892291,0.0941623509128199,227.88572842648088,B. Adebayo,2022-23,Bam Adebayo,75.0,34.6,20.4,3.2,0.251,0.154,1.8,61.9,36.2,C-F,0.04193011435927312
MIA_22,MIA,22,1628997,C. Martin,0.0768197690034918,0.0017204227828755,40.01885837744168,C. Martin,2022-23,Caleb Martin,71.0,29.3,9.6,1.6,0.143,0.082,0.0,38.9,21.7,F,-0.01696487716403474
MIA_22,MIA,22,1629130,D. Robinson,0.0330378726833199,0.0011397334477498,28.594986731300093,D. Robinson,2022-23,Duncan Robinson,42.0,16.4,6.4,1.1,0.172,0.101,-5.0,23.0,16.1,F,-0.010801255095534666
MIA_22,MIA,22,1629216,G. Vincent,0.0773569701853344,0.0017381372065742,37.30577171043089,G. Vincent,2022-23,Gabe Vincent,68.0,25.9,9.4,2.5,0.17,0.139,-0.7,43.1,19.5,G,-0.017072959195970516
MIA_22,MIA,22,1629312,H. Highsmith,0.0271286596830513,0.0035126501709431,40.32262739369092,H. Highsmith,2022-23,Haywood Highsmith,54.0,18.0,4.4,0.8,0.121,0.065,-5.2,20.5,11.9,F,-0.008048941291408675
MIA_22,MIA,22,1629622,M. Strus,0.1039484286865431,0.0074465430561042,101.83092489141806,M. Strus,2022-23,Max Strus,80.0,28.4,11.5,2.1,0.17,0.115,-3.8,44.1,26.5,G-F,-0.01889571620509178
MIA_22,MIA,22,1629639,T. Herro,0.1555197421434327,0.0067794055190372,46.74765153714249,T. Herro,2022-23,Tyler Herro,67.0,34.9,20.1,4.2,0.25,0.19,2.7,65.5,34.7,G,-0.041456514379988804
MIA_22,MIA,22,1631107,N. Jović,0.0094010206822455,0.0032814478357298,32.305368921893894,N. Jović,2022-23,Nikola Jović,15.0,13.6,5.5,0.7,0.185,0.076,-3.5,23.2,13.3,F,-0.007899529748956148
MIA_22,MIA,22,1631115,O. Robinson,0.0094010206822455,0.0023178528994916,27.697517965280586,O. Robinson,2022-23,Orlando Robinson,31.0,13.7,3.7,0.8,0.116,0.086,3.8,17.6,9.7,C,-0.008863124685194347
MIA_22,MIA,22,1631288,J. Cain,0.0081923180230996,0.0049318467991754,44.18934958274498,J. Cain,2022-23,Jamal Cain,18.0,13.3,5.4,0.7,0.139,0.076,5.5,14.3,7.9,F,-0.006264560937633919
MIA_22,MIA,22,200768,K. Lowry,0.0705076551168412,0.003315605717534,33.60775665677048,K. Lowry,2022-23,Kyle Lowry,55.0,31.2,11.2,5.1,0.162,0.233,1.1,69.6,32.3,G,-0.013969750172512656
MIA_22,MIA,22,201567,K. Love,0.018399140478109,0.0009703913083317,28.59000185585225,K. Love,2022-23,Kevin Love,62.0,20.0,8.2,1.9,0.185,0.131,3.9,37.7,20.3,F-C,-0.01026176350691057
MIA_22,MIA,22,202710,J. Butler III,0.1475960247112543,0.0117420031875862,112.5557973792058,J. Butler III,2022-23,Jimmy Butler III,64.0,33.4,22.9,5.3,0.248,0.264,1.2,63.3,37.2,F,-0.03250476521250963
MIA_22,MIA,22,203469,C. Zeller,0.0091324200913242,0.0093618938631692,53.09533553431277,C. Zeller,2022-23,Cody Zeller,15.0,14.4,6.5,0.7,0.175,0.077,-10.3,23.0,14.6,F-C,-0.0018220561151512608
MIA_22,MIA,22,203473,D. Dedmon,0.0190706419554123,0.0013881272749223,22.10912477862849,D. Dedmon,,,,,,,,,,,,Center,-0.009859586055304714
MIA_22,MIA,22,203506,V. Oladipo,0.0603008326618318,0.004448991588024,40.2058205643929,V. Oladipo,2022-23,Victor Oladipo,42.0,26.3,10.7,3.5,0.204,0.206,-1.5,49.8,21.3,G,-0.010877455950946822
MIL_22,MIL,22,1626171,B. Portis,0.0950931913275009,0.0887659730867088,132.77531706815182,B. Portis,2022-23,Bobby Portis,70.0,26.0,14.1,1.5,0.211,0.087,-0.1,49.5,25.0,F,0.0652156246805812
MIL_22,MIL,22,1626192,P. Connaughton,0.0527450234563205,0.0412583193142039,104.47511072206778,P. Connaughton,2022-23,Pat Connaughton,61.0,23.7,7.6,1.3,0.133,0.069,3.4,33.0,17.2,G,0.027139346870865846
MIL_22,MIL,22,1628960,G. Allen,0.0779764168885507,0.0263160958061048,82.3019931234221,G. Allen,2022-23,Grayson Allen,72.0,27.4,10.4,2.3,0.143,0.107,4.9,35.0,23.2,G,0.007358648142541072
MIL_22,MIL,22,1628975,J. Carter,0.0691010523646507,0.0397100356850291,95.999974809187,J. Carter,2022-23,Jevon Carter,81.0,22.4,8.0,2.4,0.149,0.15,1.9,38.5,15.1,G,0.022717016614613752
MIL_22,MIL,22,1629670,J. Nwora,0.0266260935717002,0.0072521878861403,41.467301110530165,J. Nwora,,,,,,,,,,,,Forward,-0.004282962489466172
MIL_22,MIL,22,1630572,S. Mamukelashvili,0.0076074553062,0.0308034327067859,81.15870527995014,S. Mamukelashvili,,,,,,,,,,,,Forward-Center,0.019597662162416984
MIL_22,MIL,22,1630699,M. Beauchamp,0.0315709395207303,0.0089155565150035,54.49165364966598,M. Beauchamp,2022-23,MarJon Beauchamp,52.0,13.5,5.1,0.7,0.175,0.072,-7.2,14.9,10.3,F,-0.002919467005434306
MIL_22,MIL,22,1631260,A. Green,0.0145809560035501,0.0287347957503937,78.82321703435893,A. Green,2022-23,AJ Green,35.0,9.9,4.4,0.6,0.159,0.092,-4.9,12.1,7.4,G,0.01756011458482301
MIL_22,MIL,22,201572,B. Lopez,0.1170280207937111,0.1876647959875315,199.64907389571724,B. Lopez,2022-23,Brook Lopez,78.0,30.4,15.9,1.3,0.187,0.06,7.1,34.3,23.5,C,0.1566800578103945
MIL_22,MIL,22,201588,G. Hill,0.0178775199695701,0.0285144030446165,83.54870690682334,G. Hill,,,,,,,,,,,,Guard,0.017293208850950294
MIL_22,MIL,22,201950,J. Holiday,0.1304678585013313,0.047721281419386,101.69830093745622,J. Holiday,2022-23,Jrue Holiday,67.0,32.6,19.3,7.4,0.244,0.321,9.2,73.1,25.3,G,0.011321814647492622
MIL_22,MIL,22,202083,W. Matthews,0.0205401293267402,0.0088403515082646,44.24377068205361,W. Matthews,2022-23,Wesley Matthews,52.0,15.8,3.4,0.7,0.095,0.053,2.8,14.6,9.1,G,-0.002447097556439867
MIL_22,MIL,22,203109,J. Crowder,0.0120451375681501,0.0586433997557999,108.414785251494,J. Crowder,2022-23,Jae Crowder,18.0,18.9,6.9,1.5,0.125,0.102,-0.8,27.6,14.4,F,0.04747775850770158
MIL_22,MIL,22,203114,K. Middleton,0.0559147965005705,0.0258206947595407,73.13768923835241,K. Middleton,2022-23,Khris Middleton,33.0,24.3,15.1,4.9,0.259,0.288,6.1,48.8,25.2,F,0.011220304221373155
MIL_22,MIL,22,203507,G. Antetokounmpo,0.2117408393559021,0.2036965485521514,195.25485635867847,G. Antetokounmpo,2022-23,Giannis Antetokounmpo,63.0,32.1,31.1,5.7,0.373,0.314,7.2,77.7,36.3,F,0.12063643379383661
MIL_22,MIL,22,203648,T. Antetokounmpo,0.0063395460885,0.0051848843244464,32.5141526138763,T. Antetokounmpo,2022-23,Thanasis Antetokounmpo,37.0,5.6,1.4,0.4,0.138,0.115,-26.6,6.9,3.7,F,-0.006045430755652423
MIL_22,MIL,22,204060,J. Ingles,0.0337263851908203,0.0126261559532295,63.84396010977856,J. Ingles,2022-23,Joe Ingles,46.0,22.7,6.9,3.3,0.122,0.181,2.5,33.2,20.2,F-G,0.0006327490991334984
MIN_22,MIN,22,1626156,D. Russell,0.0995509942270686,0.0197936512581141,134.42432303626575,D. Russell,,,,,,,,,,,,Guard,-0.005126728105029288
MIN_22,MIN,22,1626157,K. Towns,0.0654265554842848,0.0347370634801718,271.5636568146471,K. Towns,2022-23,Karl-Anthony Towns,29.0,33.0,20.8,4.8,0.25,0.225,1.8,60.7,42.5,C-F,0.018473966503164723
MIN_22,MIN,22,1627752,T. Prince,0.0547787042976266,0.0082970223552768,107.75418144232373,T. Prince,2022-23,Taurean Prince,54.0,22.1,9.1,1.6,0.165,0.094,0.9,28.3,19.2,F,-0.006126643844046091
MIN_22,MIN,22,1627854,B. Forbes,0.0112892880051314,0.038066680274976,342.9348259905701,B. Forbes,2022-23,Bryn Forbes,25.0,10.7,3.6,0.7,0.155,0.087,-8.5,11.9,8.9,Guard,0.026899235357998347
MIN_22,MIN,22,1629162,J. McLaughlin,0.0212957023733162,0.0331208773754656,213.81959762023507,J. McLaughlin,2022-23,Jordan McLaughlin,43.0,15.8,3.7,3.4,0.112,0.264,5.8,35.5,12.4,G,0.02180995768831723
MIN_22,MIN,22,1629638,N. Alexander-Walker,0.0168056446440025,0.0035694067903332,57.46366393763837,N. Alexander-Walker,2022-23,Nickeil Alexander-Walker,59.0,15.0,6.2,1.8,0.177,0.168,-2.0,28.2,10.7,G,-0.007632352508964917
MIN_22,MIN,22,1629669,J. Nowell,0.0824887748556767,0.0227218218531999,235.85592846382204,J. Nowell,2022-23,Jaylen Nowell,65.0,19.3,10.8,2.0,0.238,0.156,0.0,33.2,18.6,G,0.0026564129234265405
MIN_22,MIN,22,1629675,N. Reid,0.0804361770365619,0.0368308408751263,418.5325351947827,N. Reid,2022-23,Naz Reid,68.0,18.4,11.5,1.1,0.242,0.098,-4.2,36.2,21.0,C-F,0.01727855355614675
MIN_22,MIN,22,1630162,A. Edwards,0.2200128287363694,0.0474801338748505,213.6162068119621,A. Edwards,2022-23,Anthony Edwards,79.0,36.0,24.6,4.4,0.292,0.192,1.9,71.4,37.1,G,-0.04166829209545358
MIN_22,MIN,22,1630183,J. McDaniels,0.0963438101347017,0.0635052077778828,425.8490942466132,J. McDaniels,2022-23,Jaden McDaniels,79.0,30.6,12.1,1.9,0.156,0.082,2.0,39.4,23.3,F,0.039577754280518726
MIN_22,MIN,22,1630233,N. Knight,0.0127004490057729,0.0121214464361006,274.8006260988054,N. Knight,2022-23,Nathan Knight,38.0,7.7,3.7,0.3,0.177,0.065,-2.3,11.1,6.6,F-C,0.0009556970429259095
MIN_22,MIN,22,1630346,M. Ryan,0.0075689544579858,0.0158436977868234,306.21612219484484,M. Ryan,2022-23,Matt Ryan,34.0,9.1,3.6,0.5,0.157,0.068,2.2,10.8,7.5,F,0.004637267508618594
MIN_22,MIN,22,1630568,L. Garza,0.0152661962796664,0.0053925920267656,314.72208397957746,L. Garza,2022-23,Luka Garza,28.0,8.7,6.5,0.6,0.245,0.103,2.0,15.2,9.8,C,-0.005788522452095867
MIN_22,MIN,22,201144,M. Conley,0.0327132777421424,0.0330002465093894,261.3448870932628,M. Conley,2022-23,Mike Conley,67.0,30.3,11.9,6.7,0.161,0.295,1.3,70.2,28.1,G,0.021083375709249425
MIN_22,MIN,22,203085,A. Rivers,0.0286080821039127,0.0092700830958573,138.64630505692878,A. Rivers,2022-23,Austin Rivers,52.0,19.5,4.9,1.4,0.104,0.095,-4.9,22.8,13.3,G,-0.002374645238317782
MIN_22,MIN,22,203497,R. Gobert,0.07325208466966,0.7805032845213218,658.3043342894359,R. Gobert,2022-23,Rudy Gobert,70.0,30.7,13.4,1.2,0.161,0.058,0.4,44.2,24.1,C,0.7626269522653625
MIN_22,MIN,22,203937,K. Anderson,0.0709429121231558,0.0041147755409335,68.15778454811904,K. Anderson,2022-23,Kyle Anderson,69.0,28.4,9.4,4.9,0.143,0.225,2.3,52.5,30.1,F-G,-0.013262490009644828
NOP_22,NOP,22,1626195,W. Hernangomez,0.0196661922629059,0.0025218239502484,65.98998753463219,W. Hernangomez,2022-23,Willy Hernangomez,38.0,12.0,6.9,0.9,0.222,0.114,1.7,23.3,14.8,C-F,-0.008741052392750134
NOP_22,NOP,22,1626196,J. Richardson,0.0185017466683917,0.0047901804319019,69.86910931551746,J. Richardson,2022-23,Josh Richardson,65.0,23.5,10.1,2.7,0.18,0.16,-5.2,41.7,21.0,G,-0.006444246208155543
NOP_22,NOP,22,1626204,L. Nance Jr.,0.0367447276491137,0.0159818435165504,122.12996254489823,L. Nance Jr.,2022-23,Larry Nance Jr.,65.0,21.2,6.8,1.8,0.118,0.117,6.7,30.1,19.0,F-C,0.0037384137703265503
NOP_22,NOP,22,1627742,B. Ingram,0.1190322163281148,0.0200976758012649,137.40180292507196,B. Ingram,2022-23,Brandon Ingram,45.0,34.2,24.7,5.8,0.306,0.277,3.0,66.1,38.4,F,-0.01165308872831097
NOP_22,NOP,22,1628984,D. Graham,0.0328632423340665,0.0024372103561474,57.64955777772322,D. Graham,,,,,,,,,,,,Guard,-0.009490755622533122
NOP_22,NOP,22,1629627,Z. Williamson,0.0789235347392935,0.0116509301598941,115.51261782555068,Z. Williamson,2022-23,Zion Williamson,29.0,33.0,26.0,4.6,0.288,0.231,7.8,66.0,35.7,F,-0.007532967258229937
NOP_22,NOP,22,1629637,J. Hayes,0.0205718721697502,0.0236264698631656,162.7683922984089,J. Hayes,2022-23,Jaxson Hayes,47.0,13.0,5.0,0.7,0.149,0.088,-5.4,15.8,10.1,C-F,0.012338076299973721
NOP_22,NOP,22,1630184,K. Lewis Jr.,0.0128089015396558,0.0059877195838614,74.136944505492,K. Lewis Jr.,2022-23,Kira Lewis Jr.,25.0,9.4,4.6,0.9,0.192,0.137,11.2,20.4,9.4,G,-0.0051781974634519
NOP_22,NOP,22,1630230,N. Marshall,0.0864277396817182,0.0107916267449078,114.64777834182978,N. Marshall,2022-23,Naji Marshall,77.0,23.3,9.1,2.5,0.172,0.147,-0.1,39.5,20.5,F,-0.010301138584776857
NOP_22,NOP,22,1630529,H. Jones,0.0778884719886143,0.00660152789254,77.86202942005478,H. Jones,2022-23,Herbert Jones,66.0,29.6,9.8,2.5,0.144,0.108,3.9,42.8,23.3,F,-0.012335057289026667
NOP_22,NOP,22,1630530,T. Murphy III,0.1113986285418553,0.044115683991985,218.3185174946268,T. Murphy III,2022-23,Trey Murphy III,79.0,31.0,14.5,1.4,0.159,0.063,0.5,35.9,22.7,F,0.015204871562129029
NOP_22,NOP,22,1630631,J. Alvarado,0.0688316729201707,0.0104092275307908,106.8836549810964,J. Alvarado,2022-23,Jose Alvarado,61.0,21.5,9.0,3.0,0.191,0.199,3.7,46.0,18.1,G,-0.006528622162141343
NOP_22,NOP,22,1630700,D. Daniels,0.0301462026135334,0.0050732219265683,75.39198559444685,D. Daniels,2022-23,Dyson Daniels,59.0,17.7,3.8,2.3,0.113,0.172,0.4,29.1,13.4,G,-0.006666333167306404
NOP_22,NOP,22,202685,J. Valančiūnas,0.1007892353473929,0.0639964787747375,259.0768914000527,J. Valančiūnas,2022-23,Jonas Valančiūnas,79.0,24.9,14.1,1.8,0.229,0.108,-0.7,50.5,30.9,C,0.038682795160673716
NOP_22,NOP,22,203468,C. McCollum,0.1791952387113468,0.0347037974951869,188.82153319635583,C. McCollum,2022-23,CJ McCollum,75.0,35.3,20.9,5.7,0.26,0.242,1.1,75.1,32.7,G,-0.026803996037704378
NYK_22,NYK,22,1628392,I. Hartenstein,0.032838565611454,0.002115324346037,32.57755310825722,I. Hartenstein,2022-23,Isaiah Hartenstein,82.0,19.9,5.0,1.2,0.107,0.083,4.4,29.8,14.3,C-F,-0.009810810327759881
NYK_22,NYK,22,1628404,J. Hart,0.0248259556022592,0.005884102073201,50.03095205014554,J. Hart,2022-23,Josh Hart,76.0,32.3,9.8,3.8,0.124,0.154,5.9,43.7,22.0,G,-0.005563833450386181
NYK_22,NYK,22,1628973,J. Brunson,0.1744384605280441,0.0288393670364152,130.07040798909338,J. Brunson,2022-23,Jalen Brunson,68.0,35.0,24.0,6.2,0.266,0.28,2.1,84.3,29.2,G,-0.02983919783693725
NYK_22,NYK,22,1629011,M. Robinson,0.0177328254301852,0.0447261003765055,158.49397668896216,M. Robinson,2022-23,Mitchell Robinson,59.0,26.9,7.4,0.9,0.101,0.044,7.3,27.2,13.7,C-F,0.03350777228808283
NYK_22,NYK,22,1629628,R. Barrett,0.178773151188756,0.0125614313158853,72.36643040407913,R. Barrett,2022-23,RJ Barrett,73.0,33.9,19.6,2.8,0.256,0.124,-1.2,50.7,33.4,F-G,-0.04869200583882031
NYK_22,NYK,22,1629629,C. Reddish,0.0206226192039931,0.0052392443814699,46.70559341500221,C. Reddish,,,,,,,,,,,,Forward-Guard,-0.006050666712338776
NYK_22,NYK,22,1629656,Q. Grimes,0.0805201628792854,0.0086614683261773,60.80003240564344,Q. Grimes,2022-23,Quentin Grimes,71.0,29.9,11.3,2.1,0.142,0.096,4.4,31.4,22.7,G,-0.010911515395785712
NYK_22,NYK,22,1630167,O. Toppin,0.0545120189150137,0.005481018506658,46.72448622518903,O. Toppin,2022-23,Obi Toppin,67.0,15.7,7.4,1.0,0.187,0.091,2.4,25.6,14.0,F,-0.0089018399161932
NYK_22,NYK,22,1630193,I. Quickley,0.1268882175226586,0.0104681771137414,64.5767093813485,I. Quickley,2022-23,Immanuel Quickley,81.0,28.9,14.9,3.4,0.203,0.178,6.2,52.0,25.1,G,-0.024425287443033315
NYK_22,NYK,22,1630540,M. McBride,0.0282411664258505,0.0021806896143787,33.597625815157734,M. McBride,2022-23,Miles McBride,64.0,11.9,3.5,1.1,0.141,0.13,3.6,18.8,8.9,G,-0.009442681714170169
NYK_22,NYK,22,1630579,J. Sims,0.0116905293576776,0.0454689417246682,148.2005303836731,J. Sims,2022-23,Jericho Sims,52.0,15.6,3.4,0.5,0.074,0.044,-6.7,19.6,8.0,C,0.03430271152344045
NYK_22,NYK,22,201565,D. Rose,0.0219361618284513,0.0052400413947605,52.73888334079662,D. Rose,2022-23,Derrick Rose,27.0,12.5,5.6,1.7,0.22,0.208,-3.5,26.9,10.7,G,-0.006092389594449012
NYK_22,NYK,22,203095,E. Fournier,0.0220675160908971,0.0123891551331605,70.30985500679033,E. Fournier,2022-23,Evan Fournier,27.0,17.0,6.1,1.3,0.179,0.111,-4.7,22.3,16.0,G-F,0.001052129017465658
NYK_22,NYK,22,203944,J. Randle,0.2017601471167739,0.0533253344263954,145.77355109804566,J. Randle,2022-23,Julius Randle,77.0,35.5,25.1,4.1,0.288,0.184,2.7,69.4,43.5,F-C,-0.02271819980885035
OKC_22,OKC,22,1628983,S. Gilgeous-Alexander,0.2094414047588751,0.3348528830175707,402.2011379076324,S. Gilgeous-Alexander,2022-23,Shai Gilgeous-Alexander,68.0,35.5,31.4,5.5,0.318,0.249,2.7,73.1,25.3,G,0.25344123924227635
OKC_22,OKC,22,1629026,K. Williams,0.0376638249141112,0.013066971317636,208.05553436026216,K. Williams,2022-23,Kenrich Williams,53.0,22.8,8.0,2.0,0.134,0.117,4.1,31.2,19.2,G-F,0.0007408658349515023
OKC_22,OKC,22,1629647,D. Bazley,0.0212495228400559,0.0223056786582844,206.1472532740512,D. Bazley,,,,,,,,,,,,Forward,0.010996252689152455
OKC_22,OKC,22,1629652,L. Dort,0.1129914747423336,0.0079788582986886,64.59987532033152,L. Dort,2022-23,Luguentz Dort,74.0,30.7,13.7,2.1,0.194,0.09,0.9,37.1,22.1,G,-0.02150715059021372
OKC_22,OKC,22,1630197,A. Pokusevski,0.0301565084616363,0.0072298205917579,63.22488456828156,A. Pokusevski,2022-23,Aleksej Pokusevski,34.0,20.6,8.1,1.9,0.179,0.13,-12.7,41.7,22.7,F,-0.00451039871956752
OKC_22,OKC,22,1630198,I. Joe,0.0645120244305891,0.0336464325470807,156.6323726879167,I. Joe,2022-23,Isaiah Joe,73.0,19.1,9.5,1.2,0.17,0.087,5.1,25.2,15.8,G,0.017557415383825836
OKC_22,OKC,22,1630322,L. Waters III,0.0222674640539508,0.0136189848598712,101.4463005969954,L. Waters III,2022-23,Lindy Waters III,41.0,12.9,5.2,0.7,0.148,0.071,10.5,16.1,10.6,F,0.0022748442605689378
OKC_22,OKC,22,1630526,J. Robinson-Earl,0.0278661407303728,0.0082903530641433,81.8227577799111,J. Robinson-Earl,2022-23,Jeremiah Robinson-Earl,43.0,18.9,6.8,1.0,0.143,0.069,-0.9,28.0,15.2,F,-0.0033116922570701115
OKC_22,OKC,22,1630544,T. Mann,0.0638758111719048,0.0156296928692436,123.59822799003992,T. Mann,2022-23,Tre Mann,67.0,17.7,7.7,1.8,0.2,0.144,1.0,30.3,15.9,G,-0.0003400056468005029
OKC_22,OKC,22,1630581,J. Giddey,0.1474742333630233,0.0368861091593569,206.06031861959423,J. Giddey,2022-23,Josh Giddey,76.0,31.1,16.6,6.2,0.239,0.293,-2.2,76.7,36.5,G,-0.0073011156256284696
OKC_22,OKC,22,1630598,A. Wiggins,0.0472070237943758,0.0049446831952334,55.06821904292361,A. Wiggins,2022-23,Aaron Wiggins,70.0,18.5,6.8,1.1,0.143,0.084,1.5,20.9,13.0,G,-0.008420376092752483
OKC_22,OKC,22,1630647,E. Omoruyi,0.0113245960045807,0.0220024588983616,183.4957781174197,E. Omoruyi,,,,,,,,,,,,Forward,0.010835144232010693
OKC_22,OKC,22,1631114,J. Williams,0.1045934597277007,0.0039888148041714,45.68276192069588,J. Williams,2022-23,Jalen Williams,75.0,30.3,14.1,3.3,0.18,0.152,-1.0,46.5,22.2,G-F,-0.022567891207758584
OKC_22,OKC,22,1631114,J. Williams,0.1045934597277007,0.0039888148041714,45.68276192069588,J. Williams,2022-23,Jaylin Williams,49.0,18.7,5.9,1.6,0.133,0.109,-4.6,36.7,20.3,G-F,-0.022567891207758584
OKC_22,OKC,22,1631119,J. Williams,0.0292658098994783,0.1136958515594601,390.49945716867984,J. Williams,2022-23,Jalen Williams,75.0,30.3,14.1,3.3,0.18,0.152,-1.0,46.5,22.2,G-F,0.10201162051892952
OKC_22,OKC,22,1631119,J. Williams,0.0292658098994783,0.1136958515594601,390.49945716867984,J. Williams,2022-23,Jaylin Williams,49.0,18.7,5.9,1.6,0.133,0.109,-4.6,36.7,20.3,G-F,0.10201162051892952
OKC_22,OKC,22,1631172,O. Dieng,0.0237943758747932,0.0118725168423957,87.22620292369916,O. Dieng,2022-23,Ousmane Dieng,39.0,14.6,4.9,1.2,0.154,0.108,2.9,18.8,11.5,F,0.0004692790262322555
OKC_22,OKC,22,203488,M. Muscala,0.0248123170886881,0.0150296378076445,89.97256256085713,M. Muscala,,,,,,,,,,,,Forward-Center,0.00358231833250313
OKC_22,OKC,22,203967,D. Šarić,0.0139966916910548,0.0416547382649807,348.11328163882456,D. Šarić,,,,,,,,,,,,F-C,0.030484201405399137
ORL_22,ORL,22,1628365,M. Fultz,0.1004620462046204,0.0302841639838671,33.96120909696948,M. Fultz,2022-23,Markelle Fultz,60.0,29.6,14.0,5.7,0.208,0.29,-3.7,66.6,22.2,G,0.00507494483793609
ORL_22,ORL,22,1628964,M. Bamba,0.0266666666666666,0.0069279842407991,16.022504921532633,M. Bamba,,,,,,,,,,,,Center,-0.004609266883719283
ORL_22,ORL,22,1628976,W. Carter Jr.,0.0815841584158415,0.0094515507605593,25.7129214900875,W. Carter Jr.,2022-23,Wendell Carter Jr.,57.0,29.6,15.2,2.3,0.204,0.119,-0.8,52.4,32.7,C-F,-0.01038583880539548
ORL_22,ORL,22,1629021,M. Wagner,0.0624422442244224,0.0640872531638022,51.30532873856239,M. Wagner,2022-23,Moritz Wagner,57.0,19.5,10.5,1.5,0.201,0.115,-1.1,35.1,21.6,F-C,0.048381048539388696
ORL_22,ORL,22,1629048,G. Bitadze,0.0073927392739273,0.0040345703726387,13.809587514243004,G. Bitadze,2022-23,Goga Bitadze,38.0,12.0,4.4,1.0,0.147,0.122,3.7,18.2,11.8,C-F,-0.007174947858539176
ORL_22,ORL,22,1629626,B. Bol,0.0636303630363036,0.0100583743936645,22.45478587529148,B. Bol,2022-23,Bol Bol,70.0,21.5,9.1,1.0,0.177,0.069,-4.4,23.4,13.2,C-F,-0.0058656827838874225
ORL_22,ORL,22,1629643,C. Okeke,0.0155775577557755,0.0076859079411195,18.691399884296303,C. Okeke,2022-23,Chuma Okeke,27.0,19.2,4.7,1.4,0.121,0.101,-10.8,24.1,12.7,F,-0.0034986907384764255
ORL_22,ORL,22,1629678,A. Schofield,0.0154455445544554,0.0176963864942961,31.88021861994299,A. Schofield,2022-23,Admiral Schofield,37.0,12.2,4.2,0.8,0.139,0.103,-8.3,19.3,9.6,F,0.006513307875971035
ORL_22,ORL,22,1630175,C. Anthony,0.0852805280528052,0.0264754015676136,29.84224034685296,C. Anthony,2022-23,Cole Anthony,60.0,25.9,13.0,3.9,0.209,0.228,-0.1,52.9,18.9,G,0.005687641071105642
ORL_22,ORL,22,1630181,R. Hampton,0.0154455445544554,0.0150463948872774,27.198889689650773,R. Hampton,,,,,,,,,,,,Guard,0.0038633162689523364
ORL_22,ORL,22,1630284,K. Harris,0.0132013201320132,0.0043054400059986,15.66791185291808,K. Harris,2022-23,Kevon Harris,34.0,13.4,4.1,0.5,0.129,0.049,0.3,13.4,7.9,G,-0.006861439026357703
ORL_22,ORL,22,1630532,F. Wagner,0.1714851485148515,0.0097212229256088,23.3544128446065,F. Wagner,2022-23,Franz Wagner,80.0,32.6,18.6,3.5,0.23,0.167,1.2,52.9,32.0,F,-0.04724194348494049
ORL_22,ORL,22,1630591,J. Suggs,0.0604620462046204,0.0178510334826351,24.90471202967898,J. Suggs,2022-23,Jalen Suggs,53.0,23.5,9.9,2.9,0.196,0.179,-1.3,43.1,18.2,G,0.0024965735578022456
ORL_22,ORL,22,1631094,P. Banchero,0.1729372937293729,0.0142826746748599,24.78541060035823,P. Banchero,2022-23,Paolo Banchero,72.0,33.7,20.0,3.7,0.272,0.171,-4.2,64.8,30.9,F,-0.04352001297331254
ORL_22,ORL,22,1631216,C. Houstan,0.0196699669966996,0.0201950984330292,28.08684939007285,C. Houstan,2022-23,Caleb Houstan,51.0,15.9,3.8,0.6,0.107,0.051,-5.3,13.9,8.5,G,0.008932121893282427
ORL_22,ORL,22,203082,T. Ross,0.0411881188118811,0.0240649743032421,28.659089634263385,T. Ross,,,,,,,,,,,,Guard-Forward,0.011393535153096735
ORL_22,ORL,22,203914,G. Harris,0.039075907590759,0.0095641372781234,18.337408235188587,G. Harris,2022-23,Gary Harris,48.0,24.7,8.3,1.2,0.125,0.067,-2.8,21.5,16.1,G,-0.002894940998763881
PHI_22,PHI,22,1626149,M. Harrell,0.0286611164187252,0.0173304742668962,59.20223930276349,M. Harrell,2022-23,Montrezl Harrell,57.0,11.9,5.6,0.6,0.178,0.073,2.2,17.2,11.4,F-C,0.00568261870611186
PHI_22,PHI,22,1627777,G. Niang,0.0724716800873481,0.0151882092972828,77.12588947731506,G. Niang,2022-23,Georges Niang,78.0,19.4,8.2,1.0,0.162,0.074,1.3,28.8,15.4,F,-0.0025173021150401396
PHI_22,PHI,22,1627788,F. Korkmaz,0.0169237068377234,0.0028470416345057,23.530930591301725,F. Korkmaz,2022-23,Furkan Korkmaz,37.0,9.6,3.8,0.6,0.176,0.091,1.4,14.2,9.2,G-F,-0.008356654738094783
PHI_22,PHI,22,1627863,D. House Jr.,0.0316637095673536,0.0059358447117914,44.652930680894194,D. House Jr.,2022-23,Danuel House Jr.,56.0,14.4,4.8,0.8,0.133,0.074,0.3,16.7,8.9,F-G,-0.005905649643285194
PHI_22,PHI,22,1629001,D. Melton,0.0883035348710249,0.0078407296655607,65.84606403144814,D. Melton,2022-23,De'Anthony Melton,77.0,27.9,10.1,2.6,0.162,0.133,2.7,47.6,23.9,G,-0.013760998319959956
PHI_22,PHI,22,1629003,S. Milton,0.0786133478913607,0.0064547156851055,38.21001429193336,S. Milton,2022-23,Shake Milton,76.0,20.6,8.4,3.2,0.175,0.213,3.9,39.1,17.0,G-F,-0.012654660870767113
PHI_22,PHI,22,1629667,J. McDaniels,0.0162412993039443,0.0049008038646173,30.76799510478932,J. McDaniels,2022-23,Jalen McDaniels,80.0,23.9,9.4,1.6,0.165,0.094,-3.4,35.4,18.8,F-C,-0.006292392358187314
PHI_22,PHI,22,1629680,M. Thybulle,0.0151494472498976,0.006852124582653,41.90227047497682,M. Thybulle,,,,,,,,,,,,Guard-Forward,-0.004327773813922671
PHI_22,PHI,22,1630178,T. Maxey,0.1368909512761021,0.0107804976979823,53.20748783073304,T. Maxey,2022-23,Tyrese Maxey,60.0,33.6,20.3,3.5,0.236,0.167,5.4,68.5,29.9,G,-0.02843740705894317
PHI_22,PHI,22,1630194,P. Reed,0.0234748191620035,0.0153980282444056,55.68650734273514,P. Reed,2022-23,Paul Reed,69.0,10.9,4.2,0.4,0.152,0.051,-0.4,13.7,7.4,F,0.004007856012585128
PHI_22,PHI,22,200782,P. Tucker,0.028797597925481,0.0029639193934073,33.9620476314888,P. Tucker,2022-23,P.J. Tucker,75.0,25.6,3.5,0.8,0.066,0.04,4.0,21.0,10.9,F,-0.0086920307126546
PHI_22,PHI,22,201935,J. Harden,0.1210590964924252,0.0235272367545199,67.15480965677581,J. Harden,2022-23,James Harden,58.0,36.8,21.0,10.7,0.247,0.439,6.1,93.5,34.0,G,-0.009012996321476608
PHI_22,PHI,22,202699,T. Harris,0.113006687593831,0.0067007859826849,38.67973395541527,T. Harris,2022-23,Tobias Harris,74.0,32.9,14.7,2.5,0.18,0.114,5.5,48.6,28.8,F,-0.022790760683185488
PHI_22,PHI,22,203954,J. Embiid,0.2156407806742186,0.2784868386387999,214.41478971255216,J. Embiid,2022-23,Joel Embiid,66.0,34.6,33.1,4.2,0.37,0.233,8.8,71.0,51.4,C-F,0.19258713405285405
PHX_22,PHX,22,101108,C. Paul,0.0911349372384937,0.0358497284977179,277.02263058324223,C. Paul,2022-23,Chris Paul,59.0,32.0,13.9,8.9,0.195,0.389,2.3,74.5,27.1,G,0.013455655051331398
PHX_22,PHX,22,1626164,D. Booker,0.1579497907949791,0.0762407287527856,341.2566039208989,D. Booker,2022-23,Devin Booker,53.0,34.6,27.8,5.5,0.311,0.251,6.2,64.1,36.6,G,0.026735926060119278
PHX_22,PHX,22,1626166,C. Payne,0.0596234309623431,0.0125992148611068,192.06544921168023,C. Payne,2022-23,Cameron Payne,48.0,20.2,10.3,4.5,0.239,0.308,4.1,49.6,17.4,G,-0.002610554751136241
PHX_22,PHX,22,1627814,D. Lee,0.064199790794979,0.0047384557791327,177.22721888618213,D. Lee,2022-23,Damion Lee,74.0,20.4,8.2,1.3,0.155,0.092,2.7,28.6,17.2,G-F,-0.011291820623996583
PHX_22,PHX,22,1628470,T. Craig,0.0549163179916318,0.022309210199049,222.87364295551708,T. Craig,2022-23,Torrey Craig,79.0,24.7,7.4,1.5,0.128,0.08,-3.7,32.5,16.1,F,0.007864385980311122
PHX_22,PHX,22,1628969,M. Bridges,0.1072175732217573,0.0131239010379291,172.4148321654222,M. Bridges,,,,,,,,,,,,Guard-Forward,-0.014320726343688606
PHX_22,PHX,22,1629006,J. Okogie,0.0577928870292887,0.0076860730576281,123.77501117961695,J. Okogie,2022-23,Josh Okogie,72.0,18.8,7.3,1.5,0.174,0.104,4.9,23.7,13.6,G,-0.007216697692605037
PHX_22,PHX,22,1629013,L. Shamet,0.0419717573221757,0.0091726820760322,112.5354190515118,L. Shamet,2022-23,Landry Shamet,40.0,20.2,8.7,2.3,0.186,0.167,2.2,35.4,18.4,G,-0.003581646557382214
PHX_22,PHX,22,1629028,D. Ayton,0.1140167364016736,0.0360622989826506,263.6795967071811,D. Ayton,2022-23,Deandre Ayton,67.0,30.4,18.0,1.7,0.231,0.09,0.0,51.9,27.9,C,0.006201202448582261
PHX_22,PHX,22,1629111,J. Landale,0.0449790794979079,0.0209730170812689,173.7468654894764,J. Landale,2022-23,Jock Landale,69.0,14.2,6.6,1.0,0.182,0.101,7.9,23.6,15.4,C,0.00787997669559146
PHX_22,PHX,22,1629661,C. Johnson,0.0228817991631799,0.0113832839946841,195.21591811795557,C. Johnson,,,,,,,,,,,,Forward,1.637990882870366e-05
PHX_22,PHX,22,1630240,S. Lee,0.0180439330543933,0.0064053739755921,105.06940008829092,S. Lee,2022-23,Saben Lee,25.0,14.9,6.0,2.7,0.184,0.278,-4.4,34.3,11.2,G,-0.004819210125518323
PHX_22,PHX,22,1630613,D. Washington Jr.,0.033342050209205,0.0093098019541097,194.61454561029976,D. Washington Jr.,,,,,,,,,,,,Guard,-0.002654133082790791
PHX_22,PHX,22,1630688,I. Wainright,0.028373430962343,0.0049678543454373,144.52215553545898,I. Wainright,2022-23,Ish Wainright,60.0,15.3,4.2,0.9,0.117,0.075,6.1,15.7,10.2,F,-0.006663159573486468
PHX_22,PHX,22,201142,K. Durant,0.0190899581589958,0.0109183892545642,128.5286601249494,K. Durant,2022-23,Kevin Durant,47.0,35.6,29.1,5.0,0.305,0.228,6.8,66.3,38.8,F,-0.00032979575232931074
PHX_22,PHX,22,202687,B. Biyombo,0.0281119246861924,0.0477535438264352,411.234026196998,B. Biyombo,2022-23,Bismack Biyombo,61.0,14.3,4.3,0.9,0.136,0.089,3.1,23.1,13.4,C,0.03613757931892222
PHX_22,PHX,22,203082,T. Ross,0.0211820083682008,0.004413090128,88.51965219412249,T. Ross,2022-23,Terrence Ross,63.0,21.1,8.3,1.5,0.166,0.101,-2.6,21.8,15.0,G-F,-0.006894165903387278
PHX_22,PHX,22,203933,T. Warren,0.0070606694560669,0.0081250303532237,223.3128155767696,T. Warren,2022-23,T.J. Warren,42.0,16.4,7.5,1.0,0.185,0.081,4.4,21.5,12.1,F,-0.003090612147332047
PHX_22,PHX,22,203967,D. Šarić,0.0247123430962343,0.0011327622345358,45.74782503210115,D. Šarić,,,,,,,,,,,,Forward-Center,-0.010310061974145475
POR_22,POR,22,1626159,J. Winslow,0.0246651637713831,0.003942312582608,25.070254652762788,J. Winslow,2022-23,Justise Winslow,29.0,26.8,6.8,3.4,0.139,0.177,-2.6,52.4,22.8,F-G,-0.007498402789850403
POR_22,POR,22,1628404,J. Hart,0.0571542235777748,0.0153380157827263,47.76932741907804,J. Hart,,,,,,,,,,,,Guard,0.0005395035765658474
POR_22,POR,22,1628995,K. Knox II,0.0204216947354462,0.0023592400895214,18.266996470092984,K. Knox II,2022-23,Kevin Knox II,63.0,15.1,6.6,0.5,0.175,0.053,-11.4,21.5,10.4,F,-0.008924717147075985
POR_22,POR,22,1629014,A. Simons,0.1418909958891393,0.0125772880657508,50.13558715888757,A. Simons,2022-23,Anfernee Simons,62.0,35.0,21.1,4.1,0.247,0.186,-1.6,67.4,32.3,G,-0.028937887730665836
POR_22,POR,22,1629234,D. Eubanks,0.0472085930247977,0.0678085015995417,111.60857278845484,D. Eubanks,2022-23,Drew Eubanks,78.0,20.3,6.6,1.3,0.122,0.092,-4.1,27.9,15.4,F-C,0.054443244392414124
POR_22,POR,22,1629629,C. Reddish,0.0269195066967245,0.0030209271237218,21.618135235722317,C. Reddish,2022-23,Cam Reddish,40.0,24.7,9.7,1.4,0.166,0.085,-9.0,28.5,17.8,F-G,-0.008529549398342207
POR_22,POR,22,1629642,N. Little,0.0399151306192812,0.000784814575221,11.78038728722314,N. Little,2022-23,Nassir Little,54.0,18.1,6.6,0.9,0.158,0.075,-8.8,22.4,12.6,F-G,-0.011756707378908918
POR_22,POR,22,1629680,M. Thybulle,0.0181673518101047,0.0022586621782191,18.223337360291207,M. Thybulle,2022-23,Matisse Thybulle,71.0,16.9,4.1,0.7,0.102,0.059,-0.5,15.8,8.9,G-F,-0.008968500688631562
POR_22,POR,22,1630219,S. Mays,0.0108738894045882,0.0015672951843626,17.23757866435,S. Mays,2022-23,Skylar Mays,6.0,31.5,15.3,8.3,0.182,0.368,-16.3,80.2,27.8,Forward,-0.009602020620847194
POR_22,POR,22,1630553,K. Johnson,0.0281129823630818,0.0056110068418292,28.565626200512984,K. Johnson,2022-23,Keon Johnson,40.0,10.4,4.7,1.5,0.237,0.226,-16.2,21.3,8.8,G,-0.006005018035840524
POR_22,POR,22,1630570,T. Watford,0.0481368518764089,0.0045911694985414,28.681246914094206,T. Watford,2022-23,Trendon Watford,62.0,19.1,7.4,2.1,0.158,0.162,-7.1,35.1,16.0,F,-0.008892724809488613
POR_22,POR,22,1631101,S. Sharpe,0.0835432966450072,0.0050567625610061,27.109266925312102,S. Sharpe,2022-23,Shaedon Sharpe,80.0,22.2,9.9,1.2,0.186,0.079,-7.6,26.1,16.5,G,-0.015278186305764668
POR_22,POR,22,1631133,J. Walker,0.0232064712902798,0.0034570679042448,21.98096779790479,J. Walker,2022-23,Jabari Walker,56.0,11.1,3.9,0.6,0.164,0.08,-9.0,13.4,7.7,F,-0.007922417725669602
POR_22,POR,22,1631219,J. Butler Jr.,0.0070282455907704,0.0039931703495427,24.404174554611696,J. Butler Jr.,2022-23,John Butler Jr.,19.0,11.6,2.4,0.6,0.102,0.066,-16.1,8.3,5.1,F,-0.00722309150204247
POR_22,POR,22,203081,D. Lillard,0.1816735181010476,0.0414825310394552,92.754425258579,D. Lillard,2022-23,Damian Lillard,58.0,36.3,32.2,7.3,0.331,0.338,2.1,88.1,37.4,G,-0.021531706849142497
POR_22,POR,22,203924,J. Grant,0.140432303408036,0.0036311577901742,22.52525574342101,J. Grant,2022-23,Jerami Grant,63.0,35.6,20.5,2.4,0.227,0.103,-1.2,53.3,32.9,F,-0.03720448218044783
POR_22,POR,22,203994,J. Nurkić,0.0731998408699111,0.0262190417202772,63.12587180262621,J. Nurkić,2022-23,Jusuf Nurkić,52.0,26.8,13.3,2.9,0.218,0.16,0.3,53.8,31.6,C,0.008354213759254565
SAC_22,SAC,22,1626158,R. Holmes,0.0097530082330588,0.0017686754430292,14.76266332430785,R. Holmes,2022-23,Richaun Holmes,42.0,8.3,3.1,0.2,0.132,0.04,-9.3,10.1,6.4,F,-0.009408801896822215
SAC_22,SAC,22,1626168,T. Lyles,0.0535782140595313,0.0019995375409861,31.866105115723983,T. Lyles,2022-23,Trey Lyles,74.0,16.9,7.6,0.9,0.174,0.073,4.0,26.6,14.7,F,-0.012242458291060767
SAC_22,SAC,22,1627734,D. Sabonis,0.1371754274857504,0.106834832406642,108.64246063499353,D. Sabonis,2022-23,Domantas Sabonis,79.0,34.6,19.1,7.3,0.213,0.297,3.9,83.5,48.1,F-C,0.06748865032988456
SAC_22,SAC,22,1628368,D. Fox,0.1834072197593413,0.055763550874532,77.20968104425394,D. Fox,2022-23,De'Aaron Fox,73.0,33.4,25.0,6.1,0.288,0.281,3.1,78.2,24.5,G,-0.008317735345303778
SAC_22,SAC,22,1628370,M. Monk,0.1184293856871437,0.0026065167837596,16.966758761176536,M. Monk,2022-23,Malik Monk,77.0,22.3,13.5,3.9,0.247,0.258,1.0,40.4,25.1,G,-0.028912311680742427
SAC_22,SAC,22,1628989,K. Huerter,0.1148828372387587,0.0058300509692583,33.04632289061259,K. Huerter,2022-23,Kevin Huerter,75.0,29.4,15.2,2.9,0.197,0.137,4.5,44.0,30.5,G-F,-0.024350866518194007
SAC_22,SAC,22,1629002,C. Metu,0.0283723875870804,0.0542865351796089,81.09062048890254,C. Metu,2022-23,Chimezie Metu,66.0,10.4,4.9,0.6,0.168,0.08,6.7,15.6,9.2,F-C,0.04265558179716468
SAC_22,SAC,22,1629056,T. Davis,0.04914502849905,0.0055277318509083,29.428937440839054,T. Davis,2022-23,Terence Davis,64.0,13.1,6.7,1.0,0.215,0.11,4.0,20.6,13.9,G,-0.008088543137999633
SAC_22,SAC,22,1630556,K. Edwards,0.0086130462317922,0.0022441294841351,15.794041605559409,K. Edwards,2022-23,Kessler Edwards,36.0,10.7,2.8,0.6,0.119,0.073,2.2,13.1,8.0,F,-0.008946307909984963
SAC_22,SAC,22,1630558,D. Mitchell,0.052691576947435,0.0030697236379317,18.89633857723637,D. Mitchell,2022-23,Davion Mitchell,80.0,18.1,5.6,2.3,0.14,0.173,2.7,35.1,12.7,G,-0.011041442923530275
SAC_22,SAC,22,1631099,K. Murray,0.0976567447751741,0.0147346902729348,54.17520624608288,K. Murray,2022-23,Keegan Murray,80.0,29.8,12.2,1.2,0.156,0.053,1.7,34.9,24.2,F,-0.009594743867067554
SAC_22,SAC,22,203084,H. Barnes,0.1224825839138695,0.0039116270979938,20.91831718646021,H. Barnes,2022-23,Harrison Barnes,82.0,32.5,15.0,1.6,0.168,0.063,4.8,45.9,29.6,F,-0.029191933277818292
SAC_22,SAC,22,203521,M. Dellavedova,0.0065864471184293,0.0010435640625487,10.846142383327804,M. Dellavedova,2022-23,Matthew Dellavedova,32.0,6.6,1.5,1.3,0.122,0.279,-8.8,15.2,5.2,G,-0.010181515676940998
SAS_22,SAS,22,1626169,S. Johnson,0.016979219462747,0.0031646554442406,32.19646985678402,S. Johnson,,,,,,,,,,,,Forward-Guard,-0.00803996915731571
SAS_22,SAS,22,1626196,J. Richardson,0.0504308160162189,0.0055496041018935,51.1268318020841,J. Richardson,,,,,,,,,,,,Center,-0.008240836470962786
SAS_22,SAS,22,1627751,J. Poeltl,0.0491637100861632,0.1200648786761769,149.91982834752673,J. Poeltl,,,,,,,,,,,,Center,0.10644611598097208
SAS_22,SAS,22,1628380,Z. Collins,0.0713380638621388,0.0567117446410272,95.87155863429614,Z. Collins,2022-23,Zach Collins,63.0,22.9,11.6,2.9,0.209,0.18,-7.5,38.3,26.4,F-C,0.039250444874883814
SAS_22,SAS,22,1628966,K. Bates-Diop,0.0612012164216928,0.0035774473063573,42.40687111636612,K. Bates-Diop,2022-23,Keita Bates-Diop,67.0,21.7,9.7,1.5,0.165,0.099,-8.5,25.9,16.6,F,-0.011906653729123652
SAS_22,SAS,22,1628984,D. Graham,0.0268626457171819,0.0071978558170909,48.4714692726399,D. Graham,2022-23,Devonte' Graham,73.0,18.3,7.4,2.7,0.165,0.207,-6.2,34.9,16.6,G,-0.0043496263095530435
SAS_22,SAS,22,1629640,K. Johnson,0.1520527116066903,0.0099543294316193,47.78821070554399,K. Johnson,2022-23,Keldon Johnson,63.0,32.8,22.0,2.9,0.273,0.137,-11.3,57.7,33.9,F-G,-0.03650819772750725
SAS_22,SAS,22,1629641,R. Langford,0.0325646224024328,0.0012438392990089,33.24877284057545,R. Langford,2022-23,Romeo Langford,43.0,19.6,6.9,1.2,0.148,0.08,-8.5,21.9,14.7,G-F,-0.010662113445561082
SAS_22,SAS,22,1629646,C. Bassey,0.0144450076026355,0.0049417854072525,35.27347429145681,C. Bassey,2022-23,Charles Bassey,35.0,14.5,5.7,1.4,0.152,0.131,-2.4,24.9,14.2,C-F,-0.006231821257928302
SAS_22,SAS,22,1629676,I. Roby,0.0210339584389254,0.0058339729312902,40.00576358035871,I. Roby,,,,,,,,,,,,Forward,-0.005468582425222981
SAS_22,SAS,22,1630170,D. Vassell,0.0755195134313228,0.0241303918349634,78.17113899358799,D. Vassell,2022-23,Devin Vassell,38.0,31.0,18.5,3.6,0.24,0.173,-11.7,53.2,32.7,G-F,0.005745253379895704
SAS_22,SAS,22,1630200,T. Jones,0.1055499239736442,0.0144381456607929,62.29956097505679,T. Jones,2022-23,Tre Jones,68.0,29.2,12.9,6.6,0.189,0.306,-7.8,67.1,19.3,G,-0.012439315424369745
SAS_22,SAS,22,1630572,S. Mamukelashvili,0.0206538266599087,0.0047252617925589,43.541234491028185,S. Mamukelashvili,2022-23,Sandro Mamukelashvili,43.0,15.3,6.1,1.4,0.177,0.134,-10.1,27.2,15.0,F-C,-0.006565587147661584
SAS_22,SAS,22,1630577,J. Champagnie,0.0165990876837303,0.0048683243695981,28.445106192640655,J. Champagnie,2022-23,Julian Champagnie,17.0,18.8,9.7,0.6,0.181,0.043,-10.6,23.1,13.5,F,-0.006330167129906594
SAS_22,SAS,22,1631103,M. Branham,0.079954384186518,0.0071151355359774,50.16229949605852,M. Branham,2022-23,Malaki Branham,66.0,23.5,10.2,1.9,0.188,0.112,-11.1,35.5,15.9,F,-0.012318917706032564
SAS_22,SAS,22,1631104,B. Wesley,0.0321844906234161,0.004572724035189,37.26752639878696,B. Wesley,2022-23,Blake Wesley,37.0,18.1,5.0,2.6,0.18,0.201,-13.4,36.2,12.9,G,-0.007305673180715201
SAS_22,SAS,22,1631110,J. Sochan,0.0717181956411556,0.0194079137420976,63.66544481698349,J. Sochan,2022-23,Jeremy Sochan,56.0,26.0,11.0,2.5,0.195,0.132,-7.0,44.3,21.9,F,0.001865241131647953
SAS_22,SAS,22,1631230,D. Barlow,0.0100101368474404,0.0305077415539377,82.24178223594143,D. Barlow,2022-23,Dominick Barlow,28.0,14.6,3.9,0.9,0.107,0.079,-10.7,15.4,9.0,F,0.019332537996611502
SAS_22,SAS,22,203476,G. Dieng,0.0145717181956411,0.0085740039538342,58.08488834238822,G. Dieng,2022-23,Gorgui Dieng,31.0,11.6,3.9,1.7,0.177,0.221,-18.6,21.1,14.5,C,-0.0026006020822769375
SAS_22,SAS,22,203926,D. McDermott,0.0688038520020273,0.0133066667362213,59.98034940204845,D. McDermott,2022-23,Doug McDermott,64.0,20.5,10.2,1.4,0.186,0.098,-9.7,28.2,20.4,F,-0.003625500133249705
TOR_22,TOR,22,1627751,J. Poeltl,0.0281981632389082,0.0111185742514926,38.23275444582165,J. Poeltl,2022-23,Jakob Poeltl,72.0,26.5,12.5,2.7,0.18,0.146,-3.1,52.1,30.0,C,-0.0005023258672446369
TOR_22,TOR,22,1627783,P. Siakam,0.1871685422325701,0.0467195074421624,79.84716744852766,P. Siakam,2022-23,Pascal Siakam,71.0,37.4,24.2,5.8,0.27,0.244,2.4,80.4,41.3,F,-0.019714142767796913
TOR_22,TOR,22,1627823,J. Hernangomez,0.013840382874143,0.0019582658829293,16.081411125599185,J. Hernangomez,2022-23,Juancho Hernangomez,42.0,14.6,2.9,0.6,0.092,0.051,0.5,17.0,9.2,Forward,-0.009211371531212152
TOR_22,TOR,22,1627832,F. VanVleet,0.1499159229077739,0.0441643556278463,90.91144621801293,F. VanVleet,2022-23,Fred VanVleet,69.0,36.7,19.3,7.2,0.225,0.276,3.3,84.6,36.8,G,-0.0012268487479334678
TOR_22,TOR,22,1628384,O. Anunoby,0.1235286508860432,0.0113087530862654,39.12209472395983,O. Anunoby,2022-23,OG Anunoby,67.0,35.6,16.8,2.0,0.192,0.08,3.0,46.8,30.7,F,-0.022213445691067743
TOR_22,TOR,22,1628449,C. Boucher,0.0583365670676497,0.0038065024404299,22.46593167593095,C. Boucher,2022-23,Chris Boucher,76.0,20.0,9.4,0.4,0.175,0.029,-1.3,23.4,12.3,F-C,-0.011186183477459751
TOR_22,TOR,22,1629018,G. Trent Jr.,0.1266330358297762,0.0126643254444449,50.67051831649066,G. Trent Jr.,2022-23,Gary Trent Jr.,66.0,32.1,17.4,1.6,0.209,0.075,-2.1,38.6,29.9,G-F,-0.022123550023059976
TOR_22,TOR,22,1630173,P. Achiuwa,0.05484413400595,0.0039545426821486,23.35958251098721,P. Achiuwa,2022-23,Precious Achiuwa,55.0,20.7,9.2,0.9,0.19,0.063,-1.6,32.3,18.9,F,-0.010479174755014023
TOR_22,TOR,22,1630201,M. Flynn,0.0309145000646746,0.0012833539421346,17.99467606488843,M. Flynn,2022-23,Malachi Flynn,53.0,13.0,4.6,1.3,0.168,0.145,-3.5,26.4,12.0,G,-0.010506771218818968
TOR_22,TOR,22,1630288,J. Dowtin Jr.,0.0078903117319881,0.0010436289780407,21.41813342395787,J. Dowtin Jr.,2022-23,Jeff Dowtin Jr.,25.0,10.3,2.4,1.2,0.106,0.154,-0.6,17.6,8.3,G,-0.010157459000299884
TOR_22,TOR,22,1630567,S. Barnes,0.138274479368775,0.0243865611307642,57.74918902959246,S. Barnes,2022-23,Scottie Barnes,77.0,34.8,15.3,4.8,0.2,0.195,3.2,71.1,34.4,F,-0.015457959585292773
TOR_22,TOR,22,1630625,D. Banton,0.0166860690725649,0.0012071896202203,13.344392042088243,D. Banton,2022-23,Dalano Banton,31.0,9.0,4.6,1.2,0.229,0.202,-6.5,20.6,9.5,F,-0.009992659149560644
TOR_22,TOR,22,1631132,C. Koloko,0.0164273703272539,0.0242636267742227,62.38340618707099,C. Koloko,2022-23,Christian Koloko,58.0,13.8,3.1,0.5,0.1,0.05,9.0,14.7,9.4,C,0.013067734462703678
TOR_22,TOR,22,201152,T. Young,0.0253524770404863,0.0040826588351884,23.23288823817289,T. Young,2022-23,Thaddeus Young,54.0,14.7,4.4,1.4,0.131,0.133,-5.6,26.4,14.4,F,-0.007389573729258469
TOR_22,TOR,22,203115,W. Barton,0.0095718535765101,0.0027524695669647,23.46024834652973,W. Barton,2022-23,Will Barton,56.0,17.7,6.8,2.0,0.182,0.162,-8.4,29.6,16.2,G,-0.008426753265339414
UTA_22,UTA,22,1627736,M. Beasley,0.0846676059946202,0.0126439550633843,76.82493296942734,M. Beasley,,,,,,,,,,,,Guard,-0.007982800616361797
UTA_22,UTA,22,1627739,K. Dunn,0.0308697322915332,0.0017993145883814,29.04788856513956,K. Dunn,2022-23,Kris Dunn,22.0,25.8,13.2,5.6,0.195,0.315,-4.3,65.4,19.5,G,-0.009987805354300331
UTA_22,UTA,22,1628374,L. Markkanen,0.1560138337389522,0.0151271092981873,165.72462934215983,L. Markkanen,2022-23,Lauri Markkanen,66.0,34.4,25.6,1.9,0.259,0.086,3.8,51.5,32.3,F-C,-0.03336507783802245
UTA_22,UTA,22,1628962,U. Azubuike,0.0081977712309465,0.005401838927952,42.438630426189576,U. Azubuike,2022-23,Udoka Azubuike,36.0,10.0,3.5,0.3,0.113,0.043,-11.7,8.6,5.4,C-F,-0.005794487330874363
UTA_22,UTA,22,1629012,C. Sexton,0.0740361214294863,0.0033842792912072,41.79337189932038,C. Sexton,2022-23,Collin Sexton,48.0,23.9,14.3,2.9,0.23,0.178,0.1,45.9,19.3,G,-0.014665886441456359
UTA_22,UTA,22,1629020,J. Vanderbilt,0.0399641347508646,0.0054099554235712,43.32550406751836,J. Vanderbilt,,,,,,,,,,,,Forward,-0.007136459297708312
UTA_22,UTA,22,1629308,J. Toscano-Anderson,0.0103753042141667,0.0016193281743046,24.14783487958233,J. Toscano-Anderson,2022-23,Juan Toscano-Anderson,52.0,13.5,3.0,1.3,0.109,0.122,-9.9,19.7,9.3,F,-0.009553057058796605
UTA_22,UTA,22,1629638,N. Alexander-Walker,0.025361854745741,0.0008074879403965,35.014914098795835,N. Alexander-Walker,,,,,,,,,,,,Guard,-0.01066518645674994
UTA_22,UTA,22,1629659,T. Horton-Tucker,0.090303573715896,0.0009035956901424,22.6820171147088,T. Horton-Tucker,2022-23,Talen Horton-Tucker,65.0,20.2,10.7,3.8,0.25,0.274,0.1,45.4,16.9,G,-0.021254821092485263
UTA_22,UTA,22,1629677,L. Samanic,0.0084539515819136,0.0049592163639671,40.82219834361442,L. Samanic,2022-23,Luka Samanic,7.0,23.0,9.9,2.1,0.193,0.115,-1.7,34.1,19.9,F,-0.00623340340739989
UTA_22,UTA,22,1630534,O. Agbaji,0.0525169719482515,0.002179108884367,28.50206020748293,O. Agbaji,2022-23,Ochai Agbaji,59.0,20.5,7.9,1.1,0.154,0.072,-0.2,22.9,14.2,G,-0.01190662854471238
UTA_22,UTA,22,1630548,J. Juzang,0.0115281157935186,0.0033041378390289,35.73341148466603,J. Juzang,2022-23,Johnny Juzang,18.0,12.9,4.8,0.4,0.187,0.051,-17.7,16.3,10.2,G,-0.007862513923735466
UTA_22,UTA,22,1631117,W. Kessler,0.0439349301908543,0.0559800912101506,203.50547073190228,W. Kessler,2022-23,Walker Kessler,74.0,23.0,9.2,0.9,0.13,0.057,3.0,24.4,15.4,C,0.0430083583572998
UTA_22,UTA,22,1631323,S. Fontecchio,0.0389394133469962,0.0004484436276306,19.29444898476153,S. Fontecchio,2022-23,Simone Fontecchio,52.0,14.7,6.3,0.8,0.192,0.079,-13.1,18.7,12.0,F,-0.011997466496278971
UTA_22,UTA,22,200752,R. Gay,0.036505700012809,0.014660476113211,76.40630804725501,R. Gay,2022-23,Rudy Gay,56.0,14.6,5.2,1.0,0.173,0.095,2.9,23.6,11.5,F-G,0.0024380471830762595
UTA_22,UTA,22,201144,M. Conley,0.0525169719482515,0.0029998754438073,39.19292055871376,M. Conley,,,,,,,,,,,,Guard,-0.011085861985272082
UTA_22,UTA,22,203482,K. Olynyk,0.0869732291533239,0.0018178388665615,29.892521735966746,K. Olynyk,2022-23,Kelly Olynyk,68.0,28.6,12.5,3.7,0.176,0.173,0.4,56.1,28.4,F-C,-0.019421623065499216
UTA_22,UTA,22,203903,J. Clarkson,0.1369283975919047,0.0059370843711271,45.24551751262288,J. Clarkson,2022-23,Jordan Clarkson,61.0,32.6,20.8,4.4,0.273,0.209,0.8,56.1,31.7,G,-0.0332976891264246
WAS_22,WAS,22,1626153,D. Wright,0.0374002876945207,0.0023889443047507,30.25994032885596,D. Wright,2022-23,Delon Wright,50.0,24.4,7.4,3.9,0.125,0.209,3.2,47.5,18.7,G,-0.00991314281320052
WAS_22,WAS,22,1628398,K. Kuzma,0.1646397279979077,0.0077360108912724,32.568835822767056,K. Kuzma,2022-23,Kyle Kuzma,64.0,35.0,21.2,3.7,0.273,0.164,0.3,59.3,33.6,F,-0.045372339954168006
WAS_22,WAS,22,1628420,M. Morris,0.0697005361579704,0.0092779227662781,36.16102692412396,M. Morris,2022-23,Monte Morris,62.0,27.4,10.3,5.3,0.155,0.249,0.1,57.9,22.5,G,-0.007838813330818253
WAS_22,WAS,22,1629060,R. Hachimura,0.043808029292533,0.0010549660554195,15.501252686137558,R. Hachimura,,,,,,,,,,,,Forward,-0.011902292336400009
WAS_22,WAS,22,1629134,K. Nunn,0.0264155878122139,0.0012666971296012,13.32867857636382,K. Nunn,2022-23,Kendrick Nunn,70.0,13.8,7.1,1.3,0.227,0.137,-2.3,20.4,11.2,G,-0.010257649467798264
WAS_22,WAS,22,1629655,D. Gafford,0.0502157708905453,0.4108602821575936,212.05807091253385,D. Gafford,2022-23,Daniel Gafford,78.0,20.6,9.0,1.1,0.146,0.074,-2.5,29.2,16.3,F-C,0.3970993866892927
WAS_22,WAS,22,1630166,D. Avdija,0.0860468157447365,0.0056160566434669,28.39647108750931,D. Avdija,2022-23,Deni Avdija,76.0,26.6,9.2,2.8,0.165,0.142,-0.8,44.8,21.6,F,-0.015374906138567852
WAS_22,WAS,22,1630264,A. Gill,0.0171309010069308,0.0015999856624817,23.55570947751023,A. Gill,2022-23,Anthony Gill,59.0,10.6,3.3,0.6,0.116,0.074,-0.8,11.1,7.3,F,-0.009607232032014463
WAS_22,WAS,22,1630557,C. Kispert,0.0806852360402772,0.0042279473722844,27.537368275024875,C. Kispert,2022-23,Corey Kispert,74.0,28.3,11.1,1.2,0.139,0.056,-3.2,32.6,20.1,F,-0.01538578921031843
WAS_22,WAS,22,1630692,J. Goodwin,0.0442003400026154,0.002515920703895,21.90343095317364,J. Goodwin,2022-23,Jordan Goodwin,62.0,17.8,6.6,2.7,0.165,0.22,-4.5,37.9,15.1,G,-0.010486273343843902
WAS_22,WAS,22,1631098,J. Davis,0.0245848044984961,0.0015206062259865,16.659276374485405,J. Davis,2022-23,Johnny Davis,28.0,15.1,5.8,1.0,0.192,0.1,-6.2,20.0,12.8,G,-0.009916535752067624
WAS_22,WAS,22,201959,T. Gibson,0.0167385902968484,0.0012016793548396,12.892411273871152,T. Gibson,2022-23,Taj Gibson,49.0,9.8,3.4,0.7,0.151,0.094,-1.1,15.0,9.2,F,-0.009999002210360566
WAS_22,WAS,22,203078,B. Beal,0.1294625343271871,0.0122072406000588,46.67921839681625,B. Beal,2022-23,Bradley Beal,50.0,33.5,23.2,5.4,0.288,0.26,0.7,67.9,39.2,G,-0.023764594003877627
WAS_22,WAS,22,203115,W. Barton,0.0392310710082385,0.0020732835935423,17.049102484147635,W. Barton,,,,,,,,,,,,Guard,-0.010400845745247495
WAS_22,WAS,22,204001,K. Porziņģis,0.1506473126716359,0.0734533684241733,98.75707713383228,K. Porziņģis,2022-23,Kristaps Porziņģis,65.0,32.6,23.2,2.7,0.272,0.125,1.4,60.2,40.0,F-C,0.02769732519061991
ATL_23,ATL,23,1627749,D. Murray,0.1928050185635642,0.0237951646310498,123.51555809875433,D. Murray,2023-24,Dejounte Murray,78.0,35.7,22.5,6.4,0.259,0.274,-2.7,81.3,32.1,G,-0.0462593551720568
ATL_23,ATL,23,1628981,B. Fernando,0.0248367686595826,0.0049280488469576,56.59713501753824,B. Fernando,2023-24,Bruno Fernando,45.0,15.2,6.3,1.0,0.172,0.1,-6.4,19.8,14.5,F-C,-0.006520375577897369
ATL_23,ATL,23,1629027,T. Young,0.1669440532582256,0.0483586349785966,165.5866354050358,T. Young,2023-24,Trae Young,54.0,36.0,25.7,10.8,0.289,0.435,-2.5,85.5,27.6,G,-0.006028416354823457
ATL_23,ATL,23,1629631,D. Hunter,0.0942260914095506,0.0091682826354393,68.38284529773156,D. Hunter,2023-24,De'Andre Hunter,57.0,29.5,15.6,1.5,0.204,0.073,-1.3,43.5,25.2,F-G,-0.014123924862210103
ATL_23,ATL,23,1629726,G. Mathews,0.028549481500448,0.0015656296966758,44.18748046504587,G. Mathews,2023-24,Garrison Mathews,66.0,15.0,4.9,0.6,0.11,0.049,-4.0,14.0,9.2,G,-0.010075655015948783
ATL_23,ATL,23,1630168,O. Okongwu,0.0444245295096658,0.0260755087341916,115.04491918638304,O. Okongwu,2023-24,Onyeka Okongwu,55.0,25.5,10.2,1.3,0.134,0.071,-0.9,28.5,19.4,F-C,0.013047385917055173
ATL_23,ATL,23,1630180,S. Bey,0.0857764690820637,0.0014155103425155,33.206579498874994,S. Bey,2023-24,Saddiq Bey,63.0,32.7,13.7,1.5,0.163,0.058,-0.5,40.0,23.1,G-F,-0.01950352017367624
ATL_23,ATL,23,1630235,T. Forrest,0.0117782614261938,0.0030483271788823,43.57070293098925,T. Forrest,2023-24,Trent Forrest,38.0,10.9,2.2,2.4,0.122,0.311,-11.0,22.7,7.7,G,-0.008117714981409407
ATL_23,ATL,23,1630249,V. Krejčí,0.0136986301369863,0.0014467860793639,35.17563750708371,V. Krejčí,2023-24,Vít Krejčí,22.0,24.6,6.1,2.3,0.098,0.114,-0.3,28.8,17.0,G,-0.009722112036941828
ATL_23,ATL,23,1630552,J. Johnson,0.0930738701830751,0.0044534834781057,58.27200115660333,J. Johnson,2023-24,Jalen Johnson,56.0,33.7,16.0,3.6,0.184,0.154,-1.9,69.7,31.5,F,-0.01849990733307904
ATL_23,ATL,23,1631100,A. Griffin,0.0078094994238893,0.0011966820406915,24.87269844090428,A. Griffin,2023-24,AJ Griffin,20.0,8.5,2.4,0.3,0.167,0.041,-14.0,8.5,5.4,F,-0.01000571423094523
ATL_23,ATL,23,1641723,K. Bufkin,0.0103699910382793,0.0027305680028623,42.83318711578578,K. Bufkin,2023-24,Kobe Bufkin,17.0,11.5,4.8,1.6,0.221,0.233,-7.9,24.4,9.7,G,-0.00844185478004065
ATL_23,ATL,23,201988,P. Mills,0.0066572781974139,0.0028330091998579,39.20340109833263,P. Mills,,,,,,,,,,,,Guard,-0.008390609311228673
ATL_23,ATL,23,202083,W. Matthews,0.0124183843297913,0.0025072417431237,40.53804882744413,W. Matthews,2023-24,Wesley Matthews,36.0,11.5,3.1,0.6,0.118,0.078,-5.6,14.3,7.6,G,-0.008658270760835583
ATL_23,ATL,23,203991,C. Capela,0.0579951350659326,0.0398446073769163,164.66937590182798,C. Capela,2023-24,Clint Capela,73.0,25.8,11.5,1.2,0.167,0.067,-0.1,30.9,21.9,C,0.0249085131854858
ATL_23,ATL,23,203992,B. Bogdanović,0.1418512354372039,0.0090429638299154,99.80722725303298,B. Bogdanović,2023-24,Bogdan Bogdanović,79.0,30.4,16.9,3.1,0.218,0.147,1.9,47.6,29.1,G,-0.03245358745294094
BKN_23,BKN,23,1626220,R. O'Neale,0.0431959719093679,0.0017492858675249,33.74247813546795,R. O'Neale,,,,,,,,,,,,Forward,-0.011138978270408006
BKN_23,BKN,23,1627732,B. Simmons,0.0094077116735126,0.0021225544790653,38.86671335343674,B. Simmons,2023-24,Ben Simmons,15.0,23.9,6.1,5.7,0.126,0.306,-3.4,58.7,18.0,G-F,-0.009058352391825645
BKN_23,BKN,23,1627827,D. Finney-Smith,0.0634689280508811,0.0104050366460266,80.36435749637948,D. Finney-Smith,2023-24,Dorian Finney-Smith,68.0,28.4,8.5,1.6,0.132,0.077,-2.2,37.7,21.8,F,-0.005489120282023006
BKN_23,BKN,23,1628372,D. Smith Jr.,0.0457135285543924,0.0024488752990884,39.60316736376102,D. Smith Jr.,2023-24,Dennis Smith Jr.,56.0,18.9,6.6,3.6,0.174,0.276,-0.1,38.4,14.9,G,-0.010731853865540663
BKN_23,BKN,23,1628969,M. Bridges,0.1925268318537167,0.0224947896043082,105.33328361759476,M. Bridges,2023-24,Mikal Bridges,82.0,34.8,19.6,3.6,0.238,0.163,-3.3,57.7,36.9,G-F,-0.04737832825519589
BKN_23,BKN,23,1629022,L. Walker IV,0.0654564727706373,0.0016426072548613,38.98315123811949,L. Walker IV,2023-24,Lonnie Walker IV,58.0,17.4,9.7,1.3,0.235,0.113,-0.6,24.0,14.3,G-F,-0.014626235523483723
BKN_23,BKN,23,1629651,N. Claxton,0.0763217172386378,0.0689299074424872,274.6835351848232,N. Claxton,2023-24,Nic Claxton,71.0,29.8,11.8,2.1,0.156,0.107,-5.6,45.1,27.5,C,0.05036030413185193
BKN_23,BKN,23,1629661,C. Johnson,0.0848019080429309,0.0014092972449616,54.73538205156043,C. Johnson,2023-24,Cameron Johnson,58.0,27.6,13.4,2.4,0.19,0.129,-3.4,38.5,25.5,F,-0.019252621219386885
BKN_23,BKN,23,1630549,D. Sharpe,0.0254405724128792,0.0014203425366297,25.89111652631566,D. Sharpe,2023-24,Day'Ron Sharpe,61.0,15.1,6.8,1.4,0.185,0.137,4.8,26.2,15.3,C,-0.010056053198693762
BKN_23,BKN,23,1630560,C. Thomas,0.1739764144693255,0.0307741646683823,122.47990695890869,C. Thomas,2023-24,Cam Thomas,66.0,31.4,22.5,2.9,0.296,0.151,-5.2,54.5,30.9,G,-0.02763394479188617
BKN_23,BKN,23,1630570,T. Watford,0.0457135285543924,0.0018819439502225,31.039455425663448,T. Watford,2023-24,Trendon Watford,63.0,13.6,6.9,1.3,0.203,0.148,-3.8,27.9,11.9,F,-0.011298785214406562
BKN_23,BKN,23,1630592,J. Wilson,0.0226580098052206,0.004575244619647,46.55850077386385,J. Wilson,2023-24,Jalen Wilson,43.0,15.5,5.0,1.0,0.138,0.095,-1.6,15.7,10.5,F,-0.006783209192065885
BKN_23,BKN,23,1641730,N. Clowney,0.0124552802438054,0.0015810669350749,32.591386592277686,N. Clowney,2023-24,Noah Clowney,23.0,16.1,5.8,0.8,0.137,0.074,-6.9,19.4,11.8,F,-0.009584460201330141
BKN_23,BKN,23,203471,D. Schröder,0.0526036835828806,0.0010746421472856,50.79862607737764,D. Schröder,2023-24,Dennis Schröder,80.0,31.1,14.0,6.1,0.202,0.281,-2.8,75.1,30.2,G,-0.013023710016491092
BKN_23,BKN,23,203915,S. Dinwiddie,0.0681065323969789,0.0016399582041992,67.68347249649663,S. Dinwiddie,,,,,,,,,,,,Guard,-0.01515068528529397
BOS_23,BOS,23,1627759,J. Brown,0.1862396204033214,0.0149091890295485,79.28327719862861,J. Brown,2023-24,Jaylen Brown,70.0,33.5,23.0,3.6,0.283,0.165,8.7,53.0,27.5,G-F,-0.050938748480069455
BOS_23,BOS,23,1628369,J. Tatum,0.2083827599841834,0.037312352665073,110.33547444302266,J. Tatum,2023-24,Jayson Tatum,74.0,35.7,26.9,4.9,0.296,0.211,11.2,75.8,38.7,F-G,-0.04334677304803119
BOS_23,BOS,23,1628401,D. White,0.1166468960063266,0.0031465637162603,55.6448047710773,D. White,2023-24,Derrick White,73.0,32.6,15.2,5.2,0.183,0.209,12.5,62.0,22.1,G,-0.027694147843754575
BOS_23,BOS,23,1628436,L. Kornet,0.0201660735468564,0.0878452754763997,175.35285403379157,L. Kornet,2023-24,Luke Kornet,63.0,15.6,5.3,1.1,0.107,0.089,12.1,16.9,11.5,C-F,0.07656868189472558
BOS_23,BOS,23,1629004,S. Mykhailiuk,0.0176617899037827,0.0019857930694359,25.569692805916123,S. Mykhailiuk,2023-24,Svi Mykhailiuk,41.0,10.1,4.0,0.9,0.156,0.104,18.5,12.3,7.4,G-F,-0.009231155655268181
BOS_23,BOS,23,1629052,O. Brissett,0.0206932911559246,0.003578274719768,34.16873427617501,O. Brissett,2023-24,Oshae Brissett,55.0,11.5,3.7,0.8,0.136,0.089,10.8,15.6,7.1,F-G,-0.0077137652498518745
BOS_23,BOS,23,1629674,N. Queta,0.0108079609858969,0.0136065103870571,67.53471981781068,N. Queta,2023-24,Neemias Queta,28.0,11.9,5.5,0.7,0.16,0.078,20.4,13.9,8.9,C,0.0024368402789771964
BOS_23,BOS,23,1630202,P. Pritchard,0.0753921180967444,0.0046360484995072,44.919338055681656,P. Pritchard,2023-24,Payton Pritchard,82.0,22.3,9.6,3.4,0.168,0.208,13.6,41.5,16.6,G,-0.013720009811062549
BOS_23,BOS,23,1630214,X. Tillman,0.0084354817450902,0.0033985474889779,30.34358427630311,X. Tillman,2023-24,Xavier Tillman,54.0,18.0,5.3,1.4,0.146,0.116,-2.9,27.6,15.5,F,-0.007794331571286322
BOS_23,BOS,23,1630573,S. Hauser,0.0678792671675233,0.0243089921977074,82.03296364827298,S. Hauser,2023-24,Sam Hauser,79.0,22.0,9.0,1.0,0.146,0.062,14.2,26.2,14.8,F,0.007564093060376507
BOS_23,BOS,23,1630625,D. Banton,0.0065902201133517,0.001353754155992,38.303906013150886,D. Banton,,,,,,,,,,,,Forward,-0.009871247290075888
BOS_23,BOS,23,201143,A. Horford,0.0514037168841439,0.0061711970684836,41.71746876285879,A. Horford,2023-24,Al Horford,65.0,26.8,8.6,2.6,0.119,0.124,11.4,33.2,18.6,C-F,-0.007755000147336227
BOS_23,BOS,23,201950,J. Holiday,0.0875181231053117,0.001633119246251,24.29113653273788,J. Holiday,2023-24,Jrue Holiday,69.0,32.8,12.5,4.8,0.161,0.196,9.7,53.8,20.9,G,-0.019753953318685
BOS_23,BOS,23,204001,K. Porziņģis,0.1082114142612363,0.0379890503908946,101.83701459208166,K. Porziņģis,2023-24,Kristaps Porziņģis,57.0,29.6,20.1,2.0,0.247,0.098,11.2,46.9,31.7,F-C,0.010201636188679822
CHA_23,CHA,23,1626179,T. Rozier,0.0767772511848341,0.0038687423656929,77.6742243428616,T. Rozier,,,,,,,,,,,,Guard,-0.01480664574233443
CHA_23,CHA,23,1628970,M. Bridges,0.1788761002031144,0.0091037604668456,62.67455595618463,M. Bridges,2023-24,Miles Bridges,69.0,37.4,21.0,3.3,0.242,0.146,-12.1,65.5,37.5,F,-0.05221165593374946
CHA_23,CHA,23,1628998,C. Martin,0.0284360189573459,0.0024966937265479,31.718649369336188,C. Martin,2023-24,Cody Martin,28.0,26.9,7.5,3.7,0.157,0.192,-10.5,43.1,21.4,F,-0.009137958738926524
CHA_23,CHA,23,1629023,P. Washington,0.0723087339201083,0.0042566341919042,42.7102037793762,P. Washington,,,,,,,,,,,,Forward,-0.013413488243561322
CHA_23,CHA,23,1629684,G. Williams,0.0407582938388625,0.0034563540777613,38.53711056181901,G. Williams,2023-24,Grant Williams,76.0,28.0,10.3,2.3,0.157,0.114,-5.7,37.8,23.1,F,-0.009170563255187763
CHA_23,CHA,23,1630163,L. Ball,0.0564658090724441,0.0037151974589578,69.31910490350148,L. Ball,2023-24,LaMelo Ball,22.0,32.3,23.9,8.0,0.315,0.395,-8.4,83.8,29.2,G,-0.010972586304482133
CHA_23,CHA,23,1630177,T. Maledon,0.0098849018280297,0.0044232908448772,36.965862351737954,T. Maledon,,,,,,,,,,,,Guard,-0.006752990299722146
CHA_23,CHA,23,1630197,A. Pokusevski,0.0163845633039945,0.0077161747050328,53.1707378823542,A. Pokusevski,2023-24,Aleksej Pokusevski,28.0,14.5,5.2,1.3,0.172,0.132,-9.7,22.8,13.1,F,-0.003479086263593177
CHA_23,CHA,23,1630208,N. Richards,0.0472579553148273,0.0658941908592143,219.19247416813764,N. Richards,2023-24,Nick Richards,67.0,26.2,9.7,0.8,0.131,0.046,-11.9,28.0,14.0,C,0.05252270328931956
CHA_23,CHA,23,1630544,T. Mann,0.0392687880839539,0.0012337364197669,57.05359790797311,T. Mann,2023-24,Tre Mann,41.0,24.1,9.3,4.0,0.183,0.249,-7.0,44.1,16.7,G,-0.011244064679148215
CHA_23,CHA,23,1630550,J. Thor,0.0218009478672985,0.0046018441221258,42.86765180153371,J. Thor,2023-24,JT Thor,63.0,12.4,3.2,0.5,0.113,0.052,-3.2,16.4,8.5,F,-0.0067259218832198785
CHA_23,CHA,23,1631109,M. Williams,0.0144888287068381,0.0207900288729162,114.66216476016264,M. Williams,2023-24,Mark Williams,19.0,26.8,12.7,1.2,0.162,0.059,-1.2,33.2,17.6,C,0.009616083156169585
CHA_23,CHA,23,1631121,B. McGowens,0.0324983073798239,0.0044924555262344,46.19199779017229,B. McGowens,2023-24,Bryce McGowens,59.0,14.9,5.1,0.9,0.147,0.086,-13.0,16.7,11.2,G,-0.007408652456596685
CHA_23,CHA,23,1641706,B. Miller,0.1581584292484766,0.0105882399913156,79.30426180276854,B. Miller,2023-24,Brandon Miller,74.0,32.2,17.3,2.4,0.235,0.114,-10.2,54.4,32.1,F,-0.03902650142741634
CHA_23,CHA,23,1641733,N. Smith Jr.,0.0398104265402843,0.0040248284462126,59.54433590362834,N. Smith Jr.,2023-24,Nick Smith Jr.,51.0,14.3,5.9,1.2,0.202,0.134,-12.4,23.4,12.2,G,-0.008506268533695675
CHA_23,CHA,23,202330,G. Hayward,0.0444143534190927,0.0040269420642046,35.32938438108045,G. Hayward,,,,,,,,,,,,Forward,-0.008999999893797008
CHA_23,CHA,23,202397,I. Smith,0.0232904536222071,0.0044741507904766,48.02223497723928,I. Smith,2023-24,Ish Smith,43.0,17.2,3.2,3.4,0.119,0.268,-17.5,33.8,10.7,Guard,-0.00690865133231566
CHA_23,CHA,23,202722,D. Bertans,0.0262694651320243,0.0140524780924479,76.74421197448729,D. Bertans,2023-24,Davis Bertans,43.0,15.7,6.7,0.8,0.169,0.076,-7.2,16.3,11.2,F,0.002535536728193611
CHA_23,CHA,23,203552,S. Curry,0.0082599864590385,0.0063861062551539,73.96565872638881,S. Curry,2023-24,Seth Curry,44.0,14.0,5.1,1.0,0.159,0.1,3.1,19.8,11.0,G,-0.004809298039126914
CHA_23,CHA,23,203995,V. Micić,0.0429248476641841,0.0049726533623611,50.0943050984974,V. Micić,,,,,,,,,,,,?,-0.007885481174413855
CHI_23,CHI,23,1627936,A. Caruso,0.0749185667752443,0.0152814490918721,58.985313564625805,A. Caruso,2023-24,Alex Caruso,71.0,28.7,10.1,3.5,0.146,0.167,0.3,52.7,23.3,G,-0.002967027607560794
CHI_23,CHI,23,1628470,T. Craig,0.0333876221498371,0.0076294349143036,37.60052354166779,T. Craig,2023-24,Torrey Craig,53.0,19.8,5.7,1.1,0.121,0.074,-7.3,27.7,13.8,F,-0.004337966787563375
CHI_23,CHI,23,1628975,J. Carter,0.0487242128121606,0.0092398504006766,41.40398744263973,J. Carter,2023-24,Jevon Carter,72.0,13.9,5.0,1.3,0.168,0.129,1.4,21.9,12.2,G,-0.004320721656721803
CHI_23,CHI,23,1629632,C. White,0.1731813246471227,0.0308774068183185,76.20884322963963,C. White,2023-24,Coby White,79.0,36.5,19.1,5.1,0.224,0.204,-0.7,73.3,30.8,G,-0.027067109513808134
CHI_23,CHI,23,1629750,J. Green,0.009500542888165,0.005758150413296,32.68921415346612,J. Green,2023-24,Javonte Green,9.0,25.6,12.2,0.6,0.159,0.027,5.0,38.9,16.8,G,-0.005421792073387312
CHI_23,CHI,23,1630172,P. Williams,0.0468241042345276,0.005422941357822,32.559528809287336,P. Williams,2023-24,Patrick Williams,43.0,27.3,10.0,1.5,0.163,0.077,-1.2,38.3,20.5,F,-0.007894088393114233
CHI_23,CHI,23,1630245,A. Dosunmu,0.1030130293159609,0.0127290892057836,59.991222312577406,A. Dosunmu,2023-24,Ayo Dosunmu,76.0,29.1,12.2,3.2,0.168,0.157,-3.3,46.6,23.7,G,-0.013304860324563102
CHI_23,CHI,23,1631207,D. Terry,0.02171552660152,0.0036653338079503,26.63935618268812,D. Terry,2023-24,Dalen Terry,59.0,11.5,3.1,1.4,0.127,0.151,2.2,18.3,8.4,F,-0.007659519173487641
CHI_23,CHI,23,1641763,J. Phillips,0.0107220412595005,0.0064933770932772,34.937807589877536,J. Phillips,2023-24,Julian Phillips,40.0,8.1,2.2,0.3,0.121,0.052,0.4,8.1,4.9,F,-0.004676778339912053
CHI_23,CHI,23,1641931,O. Bitim,0.011400651465798,0.0095759515210963,46.71526377242734,O. Bitim,2023-24,Onuralp Bitim,23.0,11.7,3.5,0.6,0.149,0.069,-8.5,14.1,8.9,F,-0.0015910978908896221
CHI_23,CHI,23,201942,D. DeRozan,0.2029044516829533,0.0868560284636067,142.4442235617994,D. DeRozan,2023-24,DeMar DeRozan,79.0,37.8,24.0,5.3,0.252,0.22,-1.0,64.4,34.1,G-F,0.010026311597842216
CHI_23,CHI,23,202696,N. Vučević,0.1574375678610206,0.0576029641308831,111.4031606650588,N. Vučević,2023-24,Nikola Vučević,76.0,34.3,18.0,3.3,0.233,0.153,-3.1,63.9,46.9,C,0.008367401623667753
CHI_23,CHI,23,203083,A. Drummond,0.0449239956568946,0.1276007283284282,148.48511168690837,A. Drummond,2023-24,Andre Drummond,79.0,17.1,8.4,0.5,0.201,0.041,0.8,21.0,12.8,C,0.11451418599182238
CHI_23,CHI,23,203897,Z. LaVine,0.0532030401737242,0.0037868410322503,26.453517096467586,Z. LaVine,2023-24,Zach LaVine,25.0,34.9,19.5,3.9,0.238,0.172,-5.4,63.0,28.7,G,-0.010399448445728236
CLE_23,CLE,23,1627745,D. Jones,0.0099861303744798,0.0047596324604745,58.82162517580361,D. Jones,2023-24,Damian Jones,39.0,6.9,2.7,0.4,0.149,0.097,-18.7,9.2,5.3,C,-0.006415773267464167
CLE_23,CLE,23,1627747,C. LeVert,0.119001386962552,0.005218743492642,77.65946972404122,C. LeVert,2023-24,Caris LeVert,68.0,28.8,14.0,5.1,0.224,0.258,2.8,53.2,30.8,G,-0.026520127711003795
CLE_23,CLE,23,1627777,G. Niang,0.0891816920943134,0.0073511839955193,102.62041286706204,G. Niang,2023-24,Georges Niang,82.0,22.3,9.4,1.2,0.173,0.075,0.6,36.3,19.3,F,-0.01449318821519699
CLE_23,CLE,23,1628378,D. Mitchell,0.1585298196948682,0.0120297329721795,127.9234600237632,D. Mitchell,2023-24,Donovan Mitchell,55.0,35.3,26.6,6.1,0.301,0.268,7.3,79.1,33.1,G,-0.03778109621913564
CLE_23,CLE,23,1628386,J. Allen,0.1015256588072122,0.1004599739289604,329.8267041390926,J. Allen,2023-24,Jarrett Allen,77.0,31.7,16.5,2.7,0.191,0.128,4.8,50.0,33.8,C,0.07490975000428603
CLE_23,CLE,23,1629622,M. Strus,0.0976421636615811,0.0178767706372425,142.72571679867903,M. Strus,2023-24,Max Strus,70.0,32.0,12.2,4.0,0.167,0.166,5.6,55.1,34.1,G-F,-0.0064481649822879655
CLE_23,CLE,23,1629636,D. Garland,0.1203883495145631,0.0067195124863864,83.68025572337376,D. Garland,2023-24,Darius Garland,57.0,33.3,18.0,6.5,0.249,0.295,2.1,75.3,30.7,G,-0.025557820512844664
CLE_23,CLE,23,1629731,D. Wade,0.0292649098474341,0.0058760909302009,75.40138752915136,D. Wade,2023-24,Dean Wade,54.0,20.5,5.4,0.8,0.101,0.052,8.3,26.2,14.0,F-C,-0.00580808498496311
CLE_23,CLE,23,1630171,I. Okoro,0.0733703190013869,0.003692824468627,98.19953021527093,I. Okoro,2023-24,Isaac Okoro,69.0,27.3,9.4,1.9,0.136,0.095,2.4,30.7,19.8,F-G,-0.014209579904669024
CLE_23,CLE,23,1630241,S. Merrill,0.0515950069348127,0.0149465240292284,170.05845147627875,S. Merrill,2023-24,Sam Merrill,61.0,17.5,8.0,1.8,0.17,0.149,-0.3,25.2,18.3,G,0.0009932319548544774
CLE_23,CLE,23,1630596,E. Mobley,0.0818307905686546,0.0082936972131612,77.82567320649673,E. Mobley,2023-24,Evan Mobley,50.0,30.6,15.7,3.2,0.2,0.155,1.2,59.4,32.0,C,-0.011605565534409803
CLE_23,CLE,23,1641854,C. Porter Jr.,0.0366158113730929,0.0034153304638346,47.398841650464334,C. Porter Jr.,2023-24,Craig Porter Jr.,51.0,12.7,5.6,2.3,0.201,0.265,-1.6,29.8,11.5,G,-0.008816747116259451
CLE_23,CLE,23,202684,T. Thompson,0.0113730929264909,0.0011030401394958,29.440246606822203,T. Thompson,2023-24,Tristan Thompson,49.0,11.2,3.3,1.0,0.132,0.134,-0.5,15.8,10.4,C-F,-0.010064102970528267
CLE_23,CLE,23,202694,M. Morris Sr.,0.0087378640776699,0.0032619182291402,50.56655496351711,M. Morris Sr.,2023-24,Marcus Morris Sr.,49.0,16.7,6.4,0.7,0.162,0.066,-3.9,20.8,12.7,F,-0.007926871047969221
DAL_23,DAL,23,1627884,D. Jones Jr.,0.0671373384840815,0.0143802939740729,104.92128853557612,D. Jones Jr.,2023-24,Derrick Jones Jr.,76.0,23.5,8.6,1.0,0.146,0.055,1.7,26.1,14.1,F,-0.002216568477613144
DAL_23,DAL,23,1628467,M. Kleber,0.0210470227787398,0.0088174815183335,86.85820891391687,M. Kleber,2023-24,Maxi Kleber,43.0,20.3,4.4,1.6,0.096,0.099,6.6,23.8,14.5,F,-0.0024854854505612783
DAL_23,DAL,23,1629023,P. Washington,0.0402291194884774,0.0049958077979773,61.9553141168275,P. Washington,2023-24,P.J. Washington,73.0,30.4,12.9,1.9,0.185,0.087,-2.8,46.0,23.9,F,-0.0075772144776038025
DAL_23,DAL,23,1629029,L. Dončić,0.2327161316104968,0.0931119654768862,288.75565509152227,L. Dončić,2023-24,Luka Dončić,70.0,37.5,33.9,9.8,0.355,0.428,5.8,91.8,35.8,F-G,-0.005868024733391625
DAL_23,DAL,23,1629655,D. Gafford,0.0245104569068869,0.0067441585794207,81.45943315157831,D. Gafford,2023-24,Daniel Gafford,74.0,24.5,11.0,1.6,0.145,0.083,-2.2,37.3,20.0,F-C,-0.004689698125238101
DAL_23,DAL,23,1629684,G. Williams,0.0398294924736912,0.0053734419709819,69.80165917492722,G. Williams,,,,,,,,,,,,Forward,-0.007159550377120166
DAL_23,DAL,23,1630182,J. Green,0.0546156920207806,0.0064130727145769,71.4340771075138,J. Green,2023-24,Josh Green,57.0,26.4,8.2,2.3,0.129,0.111,-2.1,32.8,15.4,G,-0.00798561904900558
DAL_23,DAL,23,1630314,B. Williams,0.0073264952710803,0.0042208368281648,87.62637393294527,B. Williams,2023-24,Brandon Williams,17.0,6.6,3.2,1.0,0.239,0.258,-21.7,13.6,5.4,G,-0.00698987128549501
DAL_23,DAL,23,1630639,A. Lawson,0.0145197815372319,0.0056865633969345,68.09640453800608,A. Lawson,2023-24,A.J. Lawson,42.0,7.4,3.2,0.5,0.18,0.089,1.2,10.2,5.2,G,-0.005487625991724661
DAL_23,DAL,23,1630702,J. Hardy,0.0631410683362195,0.0037049737533388,67.41667302263309,J. Hardy,2023-24,Jaden Hardy,73.0,13.6,7.3,1.5,0.238,0.17,-6.5,23.9,9.8,G,-0.012128748529585348
DAL_23,DAL,23,1641726,D. Lively II,0.0362328493406154,0.0063235127433524,77.4702431165169,D. Lively II,2023-24,Dereck Lively II,55.0,23.5,8.8,1.1,0.124,0.06,5.0,34.7,17.0,C,-0.005875196210056976
DAL_23,DAL,23,1641765,O. Prosper,0.0149194085520181,0.0018647243349158,40.29040011960919,O. Prosper,2023-24,Olivier-Maxence Prosper,40.0,8.4,3.0,0.6,0.153,0.095,-13.2,10.2,5.0,F,-0.009312922159018374
DAL_23,DAL,23,202681,K. Irving,0.1567869988011189,0.0085289447390012,85.37393748035876,K. Irving,2023-24,Kyrie Irving,58.0,35.0,25.6,5.2,0.274,0.225,6.9,70.7,30.4,G,-0.04036602626028392
DAL_23,DAL,23,202693,M. Morris,0.0087917943252963,0.007665439267315,105.53011513283865,M. Morris,2023-24,Markieff Morris,26.0,8.3,2.5,0.6,0.153,0.106,-15.3,11.6,6.8,F,-0.00352265533373527
DAL_23,DAL,23,203501,T. Hardaway Jr.,0.1305448248301585,0.0152271952464904,144.2358300318929,T. Hardaway Jr.,2023-24,Tim Hardaway Jr.,79.0,26.8,14.4,1.8,0.22,0.094,-0.1,39.0,21.0,G-F,-0.021205161097597288
DAL_23,DAL,23,203552,S. Curry,0.0181164246703077,0.0041318436161518,57.469977477846776,S. Curry,,,,,,,,,,,,Guard,-0.007094248482077394
DAL_23,DAL,23,203939,D. Powell,0.0143865725323031,0.003283414921561,58.08220060859605,D. Powell,2023-24,Dwight Powell,63.0,13.3,3.3,1.3,0.087,0.128,0.3,18.3,10.7,F-C,-0.007889750424365101
DAL_23,DAL,23,203957,D. Exum,0.0438257626215532,0.0069822620377744,84.03413019159005,D. Exum,2023-24,Dante Exum,55.0,19.8,7.8,2.9,0.148,0.181,10.3,34.5,12.7,G,-0.005977015537736695
DEN_23,DEN,23,1627750,J. Murray,0.1357744220232527,0.0211521385604454,55.903987539151785,J. Murray,2023-24,Jamal Murray,59.0,31.5,21.2,6.5,0.273,0.296,8.2,69.5,31.6,G,-0.017565123805113027
DEN_23,DEN,23,1629008,M. Porter Jr.,0.1371107844447414,0.0411162770199599,74.67068534235766,M. Porter Jr.,2023-24,Michael Porter Jr.,81.0,31.7,16.7,1.5,0.202,0.064,8.1,41.6,26.3,F,0.0017992697725459847
DEN_23,DEN,23,1630192,Z. Nnaji,0.0136308966991848,0.0050125624136616,27.497536991020112,Z. Nnaji,2023-24,Zeke Nnaji,58.0,9.9,3.2,0.6,0.15,0.08,-11.9,11.2,7.9,F-C,-0.006156008098781435
DEN_23,DEN,23,1631124,J. Strawther,0.0302017907256447,0.0075611301165811,33.42494177394096,J. Strawther,2023-24,Julian Strawther,50.0,10.9,4.5,0.9,0.193,0.123,-9.8,16.0,11.0,G,-0.0041820122118954965
DEN_23,DEN,23,1631128,C. Braun,0.0685553922223707,0.0107964044233369,38.51301471388423,C. Braun,2023-24,Christian Braun,82.0,20.2,7.3,1.6,0.152,0.109,0.7,28.9,15.4,G,-0.006085135061648192
DEN_23,DEN,23,1631212,P. Watson,0.0626753975678204,0.0079753133029915,33.661293434500855,P. Watson,2023-24,Peyton Watson,80.0,18.6,6.7,1.1,0.16,0.081,-0.7,26.7,12.8,G,-0.0077732395932218045
DEN_23,DEN,23,1631221,C. Gillespie,0.0098890819190164,0.0085313996603301,38.4748401447844,C. Gillespie,2023-24,Collin Gillespie,24.0,9.4,3.6,1.1,0.166,0.164,2.5,20.3,9.2,G,-0.0026448446017312277
DEN_23,DEN,23,201599,D. Jordan,0.0101563544033141,0.0395699943973223,73.94500848281999,D. Jordan,2023-24,DeAndre Jordan,36.0,11.0,3.9,0.7,0.147,0.098,-10.7,13.5,8.8,C,0.02839597721234246
DEN_23,DEN,23,202704,R. Jackson,0.1063744487505011,0.0283098567744403,62.32793890690731,R. Jackson,2023-24,Reggie Jackson,82.0,22.2,10.2,3.8,0.209,0.24,1.4,46.1,19.8,G,0.0011532322577205295
DEN_23,DEN,23,203200,J. Holiday,0.0240545235867967,0.0174103066846456,50.38925535038379,J. Holiday,2023-24,Justin Holiday,58.0,14.9,4.0,1.2,0.104,0.098,3.7,15.0,9.9,F-G,0.005996159660846942
DEN_23,DEN,23,203484,K. Caldwell-Pope,0.0904717359347855,0.0783233073139474,105.2010943789012,K. Caldwell-Pope,2023-24,Kentavious Caldwell-Pope,76.0,31.6,10.1,2.4,0.126,0.09,11.3,36.3,24.6,G,0.05611742523292318
DEN_23,DEN,23,203932,A. Gordon,0.0922090070827208,0.02161179796282,58.04361429486112,A. Gordon,2023-24,Aaron Gordon,73.0,31.5,13.9,3.5,0.174,0.147,8.7,42.3,23.3,F,-0.0010904292962637084
DEN_23,DEN,23,203999,N. Jokić,0.2056661766671121,0.071071544011149,103.42225714617008,N. Jokić,2023-24,Nikola Jokić,79.0,34.6,26.4,9.0,0.288,0.391,11.8,101.1,55.4,C,-0.0076750905182841195
DET_23,DET,23,1628963,M. Bagley III,0.0222955145118733,0.0027255573648684,36.09617393133124,M. Bagley III,,,,,,,,,,,,Forward,-0.008619592879408153
DET_23,DET,23,1628972,T. Brown Jr.,0.0153034300791556,0.001848316644026,43.75628063067308,T. Brown Jr.,2023-24,Troy Brown Jr.,59.0,14.0,4.2,1.0,0.139,0.102,-7.7,16.7,9.8,G-F,-0.009333196035509616
DET_23,DET,23,1628995,K. Knox II,0.025065963060686,0.0013487363086291,34.0684703338431,K. Knox II,,,,,,,,,,,,Forward,-0.010110150357774473
DET_23,DET,23,1629002,C. Metu,0.0166226912928759,0.0006189572469992,26.492167954640827,C. Metu,2023-24,Chimezie Metu,51.0,16.8,6.5,0.9,0.162,0.08,-6.6,21.9,12.0,F-C,-0.010579899862072004
DET_23,DET,23,1630164,J. Wiseman,0.0394459102902374,0.0130775377441849,90.73051422106862,J. Wiseman,2023-24,James Wiseman,63.0,17.3,7.1,0.9,0.158,0.077,-13.4,29.0,13.4,C,0.0005824249877385036
DET_23,DET,23,1630165,K. Hayes,0.0430079155672823,0.0040254269075845,32.89631917201929,K. Hayes,2023-24,Killian Hayes,42.0,24.0,6.9,4.9,0.147,0.268,-11.1,48.5,18.6,Guard,-0.008841910588818704
DET_23,DET,23,1630191,I. Stewart,0.0492084432717678,0.0044270223982589,32.42007861751224,I. Stewart,2023-24,Isaiah Stewart,46.0,30.9,10.9,1.6,0.143,0.069,-4.2,36.5,21.7,F-C,-0.00919770225504743
DET_23,DET,23,1630201,M. Flynn,0.0220316622691292,0.0008130069011039,23.932966862004672,M. Flynn,2023-24,Malachi Flynn,69.0,12.7,5.5,1.9,0.199,0.231,-9.8,28.8,12.0,G,-0.01052275876065209
DET_23,DET,23,1630587,I. Livers,0.0154353562005277,0.0059870843885279,63.20668875281121,I. Livers,2023-24,Isaiah Livers,23.0,20.4,5.0,1.1,0.122,0.071,-19.3,19.9,11.8,Forward,-0.005195879535719142
DET_23,DET,23,1630595,C. Cunningham,0.1624010554089709,0.0115427190095198,69.12338970566122,C. Cunningham,2023-24,Cade Cunningham,62.0,33.5,22.7,7.5,0.298,0.359,-7.9,80.1,29.9,G,-0.040341750249445474
DET_23,DET,23,1630649,S. Umude,0.012532981530343,0.0015044695918995,28.86743182758041,S. Umude,2023-24,Stanley Umude,24.0,12.8,5.3,0.5,0.15,0.053,-9.7,11.0,7.0,G,-0.009661104458458998
DET_23,DET,23,1631093,J. Ivey,0.145910290237467,0.0045595756013092,57.61348187640268,J. Ivey,2023-24,Jaden Ivey,77.0,28.8,15.4,3.8,0.244,0.196,-7.7,46.6,26.4,G,-0.038867806104177276
DET_23,DET,23,1631105,J. Duren,0.0782321899736147,0.0173340494176917,138.1162251445184,J. Duren,2023-24,Jalen Duren,61.0,29.1,13.8,2.4,0.181,0.123,-7.6,57.6,27.5,C,-0.0016842322417230833
DET_23,DET,23,1631197,J. Rhoden,0.0091029023746701,0.0004563587016637,14.797477970326836,J. Rhoden,2023-24,Jared Rhoden,17.0,14.4,4.9,0.8,0.135,0.085,-9.4,17.9,9.6,G,-0.010727933835796219
DET_23,DET,23,1631204,M. Sasser,0.0695250659630606,0.001339902683079,51.159998940325806,M. Sasser,2023-24,Marcus Sasser,71.0,19.0,8.3,3.3,0.195,0.263,-8.7,38.4,16.0,G,-0.015740486659721144
DET_23,DET,23,1631323,S. Fontecchio,0.0254617414248021,0.0010789930033082,34.188519317233585,S. Fontecchio,2023-24,Simone Fontecchio,66.0,24.9,10.5,1.5,0.159,0.084,-1.5,31.0,19.0,F,-0.010398407309336296
DET_23,DET,23,1641709,A. Thompson,0.0600263852242744,0.0014215666033127,20.434694515363425,A. Thompson,2023-24,Ausar Thompson,63.0,25.1,8.8,1.9,0.161,0.108,-5.3,30.9,17.1,G-F,-0.013857409253404401
DET_23,DET,23,1641787,T. Evbuomwan,0.00844327176781,0.0005649489044332,21.27599194108804,T. Evbuomwan,2023-24,Tosan Evbuomwan,17.0,21.6,5.9,0.9,0.108,0.063,-15.6,19.7,12.8,F,-0.010627820645143641
DET_23,DET,23,202692,A. Burks,0.0558047493403693,0.0050564163868926,67.75453781724326,A. Burks,,,,,,,,,,,,Guard,-0.009526651670434056
DET_23,DET,23,202711,B. Bogdanović,0.0617414248021108,0.0058816739266093,60.75363674790161,B. Bogdanović,,,,,,,,,,,,Guard,-0.009698422359348802
DET_23,DET,23,203095,E. Fournier,0.0278364116094986,0.0018935891180553,24.724143804809128,E. Fournier,2023-24,Evan Fournier,32.0,18.1,6.9,1.5,0.187,0.131,-12.1,27.5,17.5,G-F,-0.009706787398204313
GSW_23,GSW,23,101108,C. Paul,0.055920189025991,0.0302576874250324,96.50866420502663,C. Paul,2023-24,Chris Paul,58.0,26.4,9.2,6.8,0.154,0.342,2.8,58.8,25.3,G,0.015656446926058512
GSW_23,GSW,23,1626172,K. Looney,0.0271724862168548,0.0065473984185474,49.545044412969965,K. Looney,2023-24,Kevon Looney,74.0,16.1,4.5,1.8,0.11,0.148,1.4,28.8,18.0,F,-0.005016542146316927
GSW_23,GSW,23,1627780,G. Payton II,0.0217904961932265,0.0058972687618507,44.54648296355492,G. Payton II,2023-24,Gary Payton II,44.0,15.5,5.5,1.1,0.13,0.094,5.8,20.8,12.0,G,-0.005430139405352659
GSW_23,GSW,23,1630228,J. Kuminga,0.1243108427408768,0.0085906292347414,58.26004031396514,J. Kuminga,2023-24,Jonathan Kuminga,74.0,26.3,16.1,2.2,0.237,0.123,2.9,46.0,24.1,F,-0.02524718997454916
GSW_23,GSW,23,1630541,M. Moody,0.0532948280388553,0.0018426153473583,23.981944186319332,M. Moody,2023-24,Moses Moody,66.0,17.5,8.1,0.9,0.176,0.07,3.1,20.2,13.9,G,-0.012357255896537118
GSW_23,GSW,23,1630611,G. Santos,0.0068259385665529,0.0070768696476182,71.82970094331952,G. Santos,2023-24,Gui Santos,23.0,8.4,3.6,0.6,0.142,0.097,3.4,11.2,6.9,F,-0.0041433424679702055
GSW_23,GSW,23,1631218,T. Jackson-Davis,0.0433184562877395,0.0396574152451192,183.04289203363817,T. Jackson-Davis,2023-24,Trayce Jackson-Davis,68.0,16.6,7.9,1.2,0.157,0.103,1.1,27.3,16.8,F,0.026755452452363573
GSW_23,GSW,23,1631311,L. Quinones,0.0170648464163822,0.0019306551582203,27.778138229174527,L. Quinones,2023-24,Lester Quinones,37.0,10.7,4.4,1.0,0.171,0.126,0.6,17.9,9.7,G,-0.009275423064971313
GSW_23,GSW,23,1641764,B. Podziemski,0.0787608296140719,0.0091289363195126,54.56689216754444,B. Podziemski,2023-24,Brandin Podziemski,74.0,26.6,9.2,3.7,0.149,0.176,5.9,46.2,23.2,G,-0.010015828610123722
GSW_23,GSW,23,201939,S. Curry,0.1951955893935416,0.0510036826365546,134.00463281657906,S. Curry,2023-24,Stephen Curry,74.0,32.7,26.4,5.1,0.302,0.241,2.7,68.4,27.1,G,-0.020621231841500713
GSW_23,GSW,23,202691,K. Thompson,0.1508269887109477,0.0114975408474787,82.5045836029238,K. Thompson,2023-24,Klay Thompson,77.0,29.7,17.9,2.3,0.234,0.11,-0.3,39.0,28.5,G,-0.034348426066990685
GSW_23,GSW,23,202709,C. Joseph,0.0077448149120504,0.0035546557531814,48.67292877705069,C. Joseph,2023-24,Cory Joseph,26.0,11.4,2.4,1.6,0.108,0.174,-3.0,22.6,9.5,Guard,-0.007648804729625048
GSW_23,GSW,23,203110,D. Green,0.0534260960882121,0.0055036384444704,55.49689447124257,D. Green,2023-24,Draymond Green,55.0,27.1,8.6,6.0,0.148,0.276,4.9,60.5,32.3,F,-0.008715709348850405
GSW_23,GSW,23,203952,A. Wiggins,0.1058020477815699,0.0039178689057817,39.84010811113228,A. Wiggins,2023-24,Andrew Wiggins,71.0,27.0,13.2,1.7,0.206,0.087,-1.3,36.9,22.5,F,-0.023044694067983713
GSW_23,GSW,23,203967,D. Šarić,0.0531635599894985,0.0025147420059961,30.25083066437522,D. Šarić,,,,,,,,,,,,F-C,-0.011665714995140092
HOU_23,HOU,23,1627832,F. VanVleet,0.131979046888974,0.0656759772388013,85.85236561140158,F. VanVleet,2023-24,Fred VanVleet,73.0,36.8,17.4,8.1,0.194,0.312,3.0,80.1,31.1,G,0.028626824636574844
HOU_23,HOU,23,1628415,D. Brooks,0.1038712150249137,0.0143682622855801,37.051573537354194,D. Brooks,2023-24,Dillon Brooks,72.0,30.9,12.7,1.7,0.176,0.074,0.0,33.5,21.0,G-F,-0.011948427378139002
HOU_23,HOU,23,1628988,A. Holiday,0.0498275201226523,0.0048601547320924,23.854595767888856,A. Holiday,2023-24,Aaron Holiday,78.0,16.3,6.6,1.8,0.158,0.157,2.9,25.9,10.3,G,-0.008847822340716616
HOU_23,HOU,23,1629111,J. Landale,0.0240194199565606,0.0033881814764658,20.82064817188905,J. Landale,2023-24,Jock Landale,56.0,13.6,4.9,1.2,0.139,0.113,9.6,17.5,11.6,C,-0.008024479205732767
HOU_23,HOU,23,1630224,J. Green,0.1929219368851411,0.0195984310920611,43.10843335566112,J. Green,2023-24,Jalen Green,82.0,31.7,19.6,3.5,0.27,0.17,0.0,59.8,25.2,F,-0.050532413149644344
HOU_23,HOU,23,1630224,J. Green,0.1929219368851411,0.0195984310920611,43.10843335566112,J. Green,2023-24,Jeff Green,78.0,16.8,6.5,0.9,0.152,0.079,-2.9,18.6,12.5,F,-0.050532413149644344
HOU_23,HOU,23,1630256,J. Tate,0.0281078318640603,0.0025905484989833,15.748949868464337,J. Tate,2023-24,Jae'Sean Tate,65.0,15.9,4.1,1.0,0.115,0.085,5.1,18.0,8.8,F,-0.009025182436248561
HOU_23,HOU,23,1630578,A. Sengun,0.1441165197393637,0.1357078293061855,111.35648375140563,A. Sengun,2023-24,Alperen Sengun,63.0,32.5,21.1,5.0,0.27,0.248,0.8,61.4,45.2,C,0.09314106327661226
HOU_23,HOU,23,1631095,J. Smith Jr.,0.106426472467101,0.0191770510612148,42.25272443728471,J. Smith Jr.,2023-24,Jabari Smith Jr.,76.0,31.9,13.7,1.6,0.174,0.071,-1.9,45.6,20.9,F,-0.007997269827424824
HOU_23,HOU,23,1631106,T. Eason,0.0219752140028107,0.0028556062261753,17.468136198941632,T. Eason,2023-24,Tari Eason,22.0,21.8,9.8,1.2,0.188,0.087,9.4,31.7,14.0,F,-0.008478184396521277
HOU_23,HOU,23,1641708,A. Thompson,0.058132106809761,0.0379385413288708,59.31567978904385,A. Thompson,2023-24,Amen Thompson,62.0,22.4,9.5,2.6,0.173,0.165,2.1,40.3,16.7,G-F,0.022979794954911585
HOU_23,HOU,23,1641715,C. Whitmore,0.0610706528682764,0.011474896486832,33.894071810322515,C. Whitmore,2023-24,Cam Whitmore,47.0,18.7,12.3,0.7,0.255,0.058,-1.0,24.6,13.2,F,-0.0039861616890496075
HOU_23,HOU,23,201145,J. Green,0.0530215919253864,0.0081854227346869,28.73310228146105,J. Green,2023-24,Jalen Green,82.0,31.7,19.6,3.5,0.27,0.17,0.0,59.8,25.2,F,-0.005974107647940442
HOU_23,HOU,23,201145,J. Green,0.0530215919253864,0.0081854227346869,28.73310228146105,J. Green,2023-24,Jeff Green,78.0,16.8,6.5,0.9,0.152,0.079,-2.9,18.6,12.5,F,-0.005974107647940442
HOU_23,HOU,23,203493,R. Bullock Jr.,0.0102210297687492,0.0019064786518426,23.07231707927819,R. Bullock Jr.,2023-24,Reggie Bullock Jr.,44.0,9.5,2.2,0.3,0.091,0.047,-5.2,10.7,5.5,G-F,-0.009267038433219726
IND_23,IND,23,1626167,M. Turner,0.1218195836545875,0.012771923292564,38.52946205771181,M. Turner,2023-24,Myles Turner,77.0,27.0,17.1,1.3,0.234,0.065,5.1,36.8,27.4,C-F,-0.020068351468885796
IND_23,IND,23,1627741,B. Hield,0.0642508352608584,0.0074881126617311,39.83307991614203,B. Hield,,,,,,,,,,,,Guard,-0.008551742672958112
IND_23,IND,23,1627783,P. Siakam,0.0824980724749421,0.0191090496133599,48.457346735678,P. Siakam,2023-24,Pascal Siakam,80.0,33.2,21.7,4.3,0.25,0.189,2.2,58.3,35.6,F,-0.0009587182548094798
IND_23,IND,23,1628971,B. Brown,0.0452325880236443,0.0043557274709694,24.123635105039867,B. Brown,,,,,,,,,,,,Forward,-0.008767359870839608
IND_23,IND,23,1629614,A. Nembhard,0.0654073502955538,0.0025369756449196,16.457320221361766,A. Nembhard,2023-24,Andrew Nembhard,68.0,25.0,9.2,4.1,0.161,0.208,2.2,46.5,22.6,G-F,-0.013722434561504987
IND_23,IND,23,1629670,J. Nwora,0.0098946286301721,0.0014707721376319,13.303811548145912,J. Nwora,,,,,,,,,,,,Forward,-0.009705423281222215
IND_23,IND,23,1630167,O. Toppin,0.0754304805962477,0.0232377997340472,63.70066815626565,O. Toppin,2023-24,Obi Toppin,82.0,21.1,10.3,1.6,0.16,0.091,3.6,32.4,18.6,F,0.004872990707806297
IND_23,IND,23,1630169,T. Haliburton,0.1423798509380621,0.0269581596406087,58.25611849184425,T. Haliburton,2023-24,Tyrese Haliburton,69.0,32.2,20.1,10.9,0.239,0.444,6.2,90.9,30.5,G,-0.014786471890880705
IND_23,IND,23,1630174,A. Nesmith,0.0853251092264199,0.015801760552304,48.96457834048738,A. Nesmith,2023-24,Aaron Nesmith,72.0,27.7,12.2,1.5,0.158,0.067,4.3,39.3,22.6,G-F,-0.004997763700244278
IND_23,IND,23,1630188,J. Smith,0.045361089694166,0.0112913594453994,38.62500919121471,J. Smith,2023-24,Jalen Smith,61.0,17.2,9.9,1.0,0.187,0.078,1.0,25.0,15.7,F-C,-0.00184704723536183
IND_23,IND,23,1630543,I. Jackson,0.0260858391159085,0.0441343468488242,71.52544749750956,I. Jackson,2023-24,Isaiah Jackson,60.0,12.8,6.4,0.8,0.165,0.085,2.7,15.9,10.3,F,0.03262660184677199
IND_23,IND,23,1631097,B. Mathurin,0.0961192495502441,0.0043400647844563,21.635965643903887,B. Mathurin,2023-24,Bennedict Mathurin,59.0,26.1,14.5,2.0,0.226,0.105,-2.9,41.9,27.1,G-F,-0.019519259308268932
IND_23,IND,23,1641716,J. Walker,0.0141351837573888,0.0034273458495959,19.354929548797816,J. Walker,2023-24,Jarace Walker,33.0,10.3,3.6,1.2,0.155,0.138,2.7,16.6,9.7,F,-0.007744061747006042
IND_23,IND,23,1641767,B. Sheppard,0.0280133641737342,0.0091606859147898,38.00521519801944,B. Sheppard,2023-24,Ben Sheppard,57.0,14.3,4.4,0.9,0.125,0.072,4.7,20.8,12.4,G,-0.002449670699994482
IND_23,IND,23,203926,D. McDermott,0.0082241069133898,0.0016372558056898,14.70839524382213,D. McDermott,2023-24,Doug McDermott,64.0,14.1,5.5,1.1,0.144,0.097,-9.3,17.5,12.8,F,-0.009558678477539892
IND_23,IND,23,204456,T. McConnell,0.083012079157029,0.0562713920754125,81.8911798681881,T. McConnell,2023-24,T.J. McConnell,71.0,18.2,10.2,5.5,0.229,0.406,3.7,52.4,18.8,G,0.03607272708719532
LAC_23,LAC,23,1626181,N. Powell,0.1117720293263245,0.0057312392468316,52.88707231217997,N. Powell,2023-24,Norman Powell,76.0,26.2,13.9,1.1,0.193,0.059,5.1,27.3,17.5,G,-0.023313589588098874
LAC_23,LAC,23,1627826,I. Zubac,0.0680592059759302,0.0310186668266509,100.80657746218267,I. Zubac,2023-24,Ivica Zubac,68.0,26.4,11.7,1.4,0.165,0.075,4.7,42.8,20.4,C,0.014237564680145164
LAC_23,LAC,23,1628464,D. Theis,0.0344445981463549,0.0051201295912168,31.978802369448765,D. Theis,2023-24,Daniel Theis,60.0,16.9,6.3,1.0,0.15,0.081,2.4,22.3,11.7,F-C,-0.006929783372250858
LAC_23,LAC,23,1629599,A. Coffey,0.0520127265181906,0.0034378061994181,36.41579313864291,A. Coffey,2023-24,Amir Coffey,70.0,20.9,6.6,1.1,0.119,0.068,-3.4,20.3,12.0,G-F,-0.010575112780656254
LAC_23,LAC,23,1629611,T. Mann,0.0630792640752524,0.0090236849321575,42.113154800682864,T. Mann,2023-24,Terance Mann,75.0,25.0,8.8,1.6,0.135,0.086,1.9,29.2,15.8,G-F,-0.006798688462263365
LAC_23,LAC,23,1630527,B. Boston,0.0219947433946603,0.0040386584060652,27.674348954311565,B. Boston,2023-24,Brandon Boston,32.0,10.8,5.2,0.4,0.24,0.06,-15.7,16.5,9.7,G,-0.007295814216837441
LAC_23,LAC,23,1630538,B. Hyland,0.034997925024208,0.0022135151134576,20.79924741328813,B. Hyland,2023-24,Bones Hyland,37.0,14.6,6.9,2.5,0.241,0.269,-6.0,31.7,12.9,G,-0.009881203417798697
LAC_23,LAC,23,1641738,K. Brown,0.0112048692765251,0.0032754732024113,25.46202353799314,K. Brown,2023-24,Kobe Brown,44.0,9.0,2.0,0.6,0.104,0.085,-10.5,12.1,5.8,F,-0.007892301407136157
LAC_23,LAC,23,201566,R. Westbrook,0.0936505740766357,0.0052501544078283,31.960722954689658,R. Westbrook,2023-24,Russell Westbrook,68.0,22.5,11.1,4.5,0.239,0.285,3.7,44.7,17.1,G,-0.017872219139534882
LAC_23,LAC,23,201935,J. Harden,0.1222852400055332,0.0201795411658844,78.13623466572426,J. Harden,2023-24,James Harden,72.0,34.3,16.6,8.5,0.202,0.338,5.6,75.6,26.7,G,-0.012845485359204857
LAC_23,LAC,23,202331,P. George,0.1744362982431871,0.0146326344890787,64.56254374400687,P. George,2023-24,Paul George,74.0,33.8,22.6,3.5,0.264,0.157,9.1,56.8,30.0,F,-0.044044662908204704
LAC_23,LAC,23,202695,K. Leonard,0.1697330197814358,0.0130483865384777,56.43111674437735,K. Leonard,2023-24,Kawhi Leonard,68.0,34.3,23.7,3.6,0.261,0.165,8.2,53.7,34.3,F,-0.04291198108233199
LAC_23,LAC,23,203486,M. Plumlee,0.0240697191866094,0.0144943091304948,63.72123666878777,M. Plumlee,2023-24,Mason Plumlee,46.0,14.7,5.3,1.2,0.147,0.107,0.3,24.8,12.1,F-C,0.0030795173198046363
LAL_23,LAL,23,1626156,D. Russell,0.1415601023017902,0.0117326779554159,49.13102994035263,D. Russell,2023-24,D'Angelo Russell,76.0,32.7,18.0,6.3,0.222,0.261,2.6,67.1,28.5,G,-0.0296276754776422
LAL_23,LAL,23,1626174,C. Wood,0.0355498721227621,0.0017610317306679,14.699957225003969,C. Wood,2023-24,Christian Wood,50.0,17.4,6.9,1.0,0.173,0.079,0.0,24.3,12.2,F,-0.010379483585933817
LAL_23,LAL,23,1627752,T. Prince,0.079156010230179,0.0051986157458624,37.28960659605347,T. Prince,2023-24,Taurean Prince,78.0,27.0,8.9,1.5,0.134,0.073,-2.6,25.3,15.4,F,-0.01404136084699157
LAL_23,LAL,23,1629020,J. Vanderbilt,0.0149616368286445,0.0033068006413975,18.69395922601656,J. Vanderbilt,2023-24,Jarred Vanderbilt,29.0,20.0,5.2,1.2,0.111,0.077,4.2,17.7,8.1,F,-0.007871244896326984
LAL_23,LAL,23,1629060,R. Hachimura,0.089002557544757,0.0031973945075659,22.453238774872787,R. Hachimura,2023-24,Rui Hachimura,68.0,26.8,13.6,1.2,0.182,0.061,2.5,32.3,18.6,F,-0.018597254522878186
LAL_23,LAL,23,1629629,C. Reddish,0.0319693094629156,0.0014244972756713,13.91434873889392,C. Reddish,2023-24,Cam Reddish,48.0,20.5,5.4,1.0,0.123,0.062,-2.8,16.9,10.0,F-G,-0.010438533183354748
LAL_23,LAL,23,1629637,J. Hayes,0.0257033248081841,0.0536697905335109,82.01186558709783,J. Hayes,2023-24,Jaxson Hayes,70.0,12.5,4.3,0.5,0.121,0.051,-4.7,16.1,7.7,C-F,0.04218081109762653
LAL_23,LAL,23,1630559,A. Reaves,0.1361892583120204,0.01070263509836,43.84706784299231,A. Reaves,2023-24,Austin Reaves,82.0,32.1,15.9,5.5,0.198,0.237,-1.0,61.4,25.4,G,-0.02820011012217181
LAL_23,LAL,23,1631108,M. Christie,0.0327365728900255,0.0015642070535909,17.936769545598526,M. Christie,2023-24,Max Christie,67.0,14.1,4.2,0.9,0.132,0.084,-1.1,17.6,7.9,G,-0.010354381910684187
LAL_23,LAL,23,203076,A. Davis,0.1827365728900255,0.1683706523607973,125.5942089484584,A. Davis,2023-24,Anthony Davis,76.0,35.5,24.7,3.5,0.261,0.151,2.6,73.4,41.4,F-C,0.10470342081624709
LAL_23,LAL,23,203915,S. Dinwiddie,0.0182864450127877,0.0013292569555676,16.279874404026817,S. Dinwiddie,2023-24,Spencer Dinwiddie,76.0,28.3,10.5,4.7,0.161,0.217,1.6,47.4,18.3,G,-0.009900446513376028
LAL_23,LAL,23,2544,L. James,0.188235294117647,0.0133151492637531,38.98939198519027,L. James,2023-24,LeBron James,71.0,35.3,25.7,8.3,0.285,0.358,3.8,76.9,35.2,F,-0.05379496849983796
MEM_23,MEM,23,1628379,L. Kennard,0.0443971819752758,0.0149849157095967,26.935969328928824,L. Kennard,2023-24,Luke Kennard,39.0,25.6,11.0,3.5,0.166,0.212,-8.8,42.4,27.1,G,0.0019599655201006892
MEM_23,MEM,23,1628991,J. Jackson Jr.,0.1805130931809118,0.0294614954362475,43.44386427403597,J. Jackson Jr.,2023-24,Jaren Jackson Jr.,66.0,32.2,22.5,2.3,0.302,0.133,-7.3,54.8,33.4,F-C,-0.03284460291027268
MEM_23,MEM,23,1629630,J. Morant,0.0252558819619832,0.0025796840863054,11.089660161178433,J. Morant,2023-24,Ja Morant,9.0,35.3,25.1,8.1,0.296,0.384,-0.2,78.9,28.8,G,-0.008888015886207138
MEM_23,MEM,23,1629634,B. Clarke,0.0069121361159112,0.0017627088870074,9.79172337893322,B. Clarke,2023-24,Brandon Clarke,6.0,22.4,11.3,1.5,0.188,0.111,-3.9,32.2,23.3,F,-0.009455802033366401
MEM_23,MEM,23,1629669,J. Nowell,0.0071779875049847,0.0016950488637347,8.803877782032068,J. Nowell,,,,,,,,,,,,Guard,-0.009518384423386995
MEM_23,MEM,23,1629723,J. Konchar,0.0239266250166157,0.0014364719162216,10.433888673206742,J. Konchar,2023-24,John Konchar,55.0,21.3,4.3,2.0,0.096,0.13,-5.9,34.7,17.1,G,-0.009972281143115722
MEM_23,MEM,23,1630205,L. Stevens,0.0252558819619832,0.0044607923046235,14.217197331650418,L. Stevens,2023-24,Lamar Stevens,38.0,14.7,7.2,0.7,0.213,0.085,1.3,22.9,11.9,F,-0.007006907667889037
MEM_23,MEM,23,1630214,X. Tillman,0.0291107271035491,0.006676249092263,18.967664450501527,X. Tillman,,,,,,,,,,,,Forward,-0.0049985268431704845
MEM_23,MEM,23,1630217,D. Bane,0.1074039611856972,0.0236964285559864,32.56605184032733,D. Bane,2023-24,Desmond Bane,42.0,34.4,23.7,5.5,0.273,0.272,-7.2,77.2,37.9,G,-0.0038122140103511275
MEM_23,MEM,23,1630285,Z. Simpson,0.0069121361159112,0.0017271476838514,9.035752081479242,Z. Simpson,,,,,,,,,,,,Guard,-0.009491363236522402
MEM_23,MEM,23,1630533,Z. Williams,0.0483849528113784,0.0029897970743222,11.893752925203414,Z. Williams,2023-24,Ziaire Williams,51.0,20.3,8.2,1.5,0.192,0.118,-9.9,27.4,16.4,F,-0.010526333696232733
MEM_23,MEM,23,1630583,S. Aldama,0.0743054632460454,0.0032525444828315,12.476240580542896,S. Aldama,2023-24,Santi Aldama,61.0,26.5,10.7,2.3,0.177,0.134,-8.3,44.2,25.4,F-C,-0.014857851583638199
MEM_23,MEM,23,1630590,S. Pippen Jr.,0.0309716868270636,0.0027131063799876,11.798148832069106,S. Pippen Jr.,2023-24,Scotty Pippen Jr.,21.0,25.1,12.9,4.7,0.227,0.31,-7.5,54.9,23.6,G,-0.009080868215403399
MEM_23,MEM,23,1630610,D. Jarreau,0.0067792104213744,0.0014617619771909,9.530801748763844,D. Jarreau,2023-24,DeJon Jarreau,9.0,16.6,4.8,2.9,0.171,0.257,-4.6,37.9,16.3,Guard,-0.009759383595126498
MEM_23,MEM,23,1630692,J. Goodwin,0.0215339625149541,0.0045843478540131,14.781992167721866,J. Goodwin,2023-24,Jordan Goodwin,57.0,18.5,6.5,2.7,0.182,0.219,-4.1,39.3,16.6,G,-0.00673440109495566
MEM_23,MEM,23,1631222,J. LaRavia,0.0438654791971288,0.0030172825005008,15.641776774023487,J. LaRavia,2023-24,Jake LaRavia,35.0,23.0,10.8,1.7,0.201,0.116,-6.7,34.9,22.2,F,-0.009946521479249197
MEM_23,MEM,23,1631223,D. Roddy,0.051841020869334,0.004547979083843,16.95670796324705,D. Roddy,,,,,,,,,,,,Forward,-0.009440353597742722
MEM_23,MEM,23,1631246,V. Williams Jr.,0.0558287917054366,0.0022894169121988,10.965016710235323,V. Williams Jr.,2023-24,Vince Williams Jr.,52.0,27.6,10.0,3.4,0.155,0.177,-3.0,45.9,24.3,G,-0.012297431906091356
MEM_23,MEM,23,1631367,J. Gilyard,0.0175461916788515,0.0069800824899087,17.86621826692425,J. Gilyard,,,,,,,,,,,,Center,-0.004234660560865292
MEM_23,MEM,23,1641713,G. Jackson,0.0788249368602951,0.0033520624860846,13.96788800608511,G. Jackson,2023-24,GG Jackson,48.0,25.7,14.6,1.2,0.238,0.082,-7.1,39.7,22.8,F,-0.015808109559437636
MEM_23,MEM,23,1641998,T. Jemison III,0.0147547520935796,0.014973316290463,30.942371355376714,T. Jemison III,2023-24,Trey Jemison III,25.0,23.0,6.8,1.1,0.132,0.069,-7.3,27.8,18.6,C,0.0037971641600633398
MEM_23,MEM,23,201565,D. Rose,0.0244583277947627,0.0029485458728439,11.590764563765497,D. Rose,2023-24,Derrick Rose,24.0,16.6,8.0,3.3,0.222,0.31,-3.8,34.3,12.3,G,-0.008483019269223183
MEM_23,MEM,23,202687,B. Biyombo,0.0162169347334839,0.026751696249188,43.02812373779446,B. Biyombo,,,,,,,,,,,,Center,0.015558843788806846
MEM_23,MEM,23,203935,M. Smart,0.0330984979396517,0.003212257908869,13.363459375586766,M. Smart,2023-24,Marcus Smart,20.0,30.2,14.5,4.3,0.225,0.211,-0.8,52.4,23.8,G,-0.008733277377279951
MIA_23,MIA,23,1626153,D. Wright,0.0088306127910088,0.0017445976023472,20.31199686425857,D. Wright,2023-24,Delon Wright,47.0,15.8,4.5,2.5,0.127,0.213,1.0,28.4,11.6,G,-0.00944300348693434
MIA_23,MIA,23,1626179,T. Rozier,0.0602087235750602,0.0047626021320829,53.40264663422062,T. Rozier,2023-24,Terry Rozier,61.0,33.4,19.8,5.6,0.253,0.268,-7.0,75.1,32.9,G,-0.010547882762769837
MIA_23,MIA,23,1626196,J. Richardson,0.0468290072250468,0.0041741116205841,37.01137800733247,J. Richardson,2023-24,Josh Richardson,43.0,25.6,9.9,2.4,0.159,0.144,-5.0,42.2,20.2,G,-0.009143529760766003
MIA_23,MIA,23,1628389,B. Adebayo,0.1486486486486486,0.2112227535412442,225.57282141174423,B. Adebayo,2023-24,Bam Adebayo,71.0,34.0,19.3,3.9,0.247,0.193,0.8,63.0,36.8,C-F,0.16645912379110822
MIA_23,MIA,23,1628418,T. Bryant,0.0192667915440192,0.0044888549018502,39.13350785834881,T. Bryant,2023-24,Thomas Bryant,38.0,11.6,5.7,0.6,0.187,0.079,2.1,17.3,9.6,C-F,-0.006763710857400054
MIA_23,MIA,23,1628997,C. Martin,0.0715814824725715,0.0058231055459044,60.21964583015541,C. Martin,2023-24,Caleb Martin,64.0,27.4,10.0,2.2,0.168,0.118,1.9,39.0,19.6,F,-0.011690241417555251
MIA_23,MIA,23,1629130,D. Robinson,0.0967353492105967,0.0082644025868797,76.32275463733535,D. Robinson,2023-24,Duncan Robinson,68.0,28.0,12.9,2.8,0.184,0.151,0.5,38.2,28.2,F,-0.015782276023090194
MIA_23,MIA,23,1629312,H. Highsmith,0.0417447150120417,0.0070787780181741,50.20635630905455,H. Highsmith,2023-24,Haywood Highsmith,66.0,20.7,6.1,1.1,0.121,0.074,1.1,24.0,13.3,F,-0.00565130670789798
MIA_23,MIA,23,1629639,T. Herro,0.1056997591651057,0.0070025390096682,52.34554785471764,T. Herro,2023-24,Tyler Herro,42.0,33.5,20.8,4.5,0.268,0.218,1.0,65.1,33.7,G,-0.019925469747570573
MIA_23,MIA,23,1631107,N. Jović,0.0398715547230398,0.0112008170749817,51.33524794736567,N. Jović,2023-24,Nikola Jović,46.0,19.5,7.7,2.0,0.171,0.14,7.8,31.4,16.3,F,-0.0013363613823138398
MIA_23,MIA,23,1631115,O. Robinson,0.0101685844260101,0.0050350445487343,37.30472749345783,O. Robinson,2023-24,Orlando Robinson,36.0,8.4,2.8,0.9,0.143,0.161,3.5,13.5,8.2,C,-0.0061388769084053975
MIA_23,MIA,23,1631170,J. Jaquez Jr.,0.1024886272411024,0.0041044108980862,43.55963751448863,J. Jaquez Jr.,2023-24,Jaime Jaquez Jr.,75.0,28.2,11.9,2.6,0.181,0.137,2.8,41.9,21.5,G,-0.021758078559303888
MIA_23,MIA,23,1631288,J. Cain,0.0101685844260101,0.0014564891532679,17.81168946788688,J. Cain,2023-24,Jamal Cain,26.0,10.0,3.7,0.4,0.158,0.056,-3.4,11.3,6.0,F,-0.009717432303871797
MIA_23,MIA,23,200768,K. Lowry,0.0342520738560342,0.0043507797311354,40.54515063794687,K. Lowry,,,,,,,,,,,,Guard,-0.007683803216057493
MIA_23,MIA,23,201567,K. Love,0.0470966015520471,0.0050314936736557,64.70437503335536,K. Love,2023-24,Kevin Love,55.0,16.8,8.8,2.1,0.21,0.189,6.5,36.8,19.5,F-C,-0.008319660969945544
MIA_23,MIA,23,201988,P. Mills,0.0111051645705111,0.0010461719654105,16.11231218293923,P. Mills,2023-24,Patty Mills,32.0,13.0,4.0,1.1,0.152,0.108,0.3,16.1,10.8,G,-0.010122025225527102
MIA_23,MIA,23,202710,J. Butler III,0.1325929890286326,0.0095674403369115,56.29638702030175,J. Butler III,2023-24,Jimmy Butler III,60.0,34.0,20.8,5.0,0.235,0.228,5.5,61.0,36.8,F,-0.027748015376230048
MIL_23,MIL,23,1626166,C. Payne,0.0326352306308621,0.0034464097553916,31.73718135925641,C. Payne,,,,,,,,,,,,Guard,-0.008464718877788553
MIL_23,MIL,23,1626171,B. Portis,0.1135808814081973,0.0349075032994752,92.64093616867636,B. Portis,2023-24,Bobby Portis,82.0,24.5,13.8,1.3,0.224,0.078,-0.1,41.8,21.6,F,0.005206326927657604
MIL_23,MIL,23,1626192,P. Connaughton,0.0453552614673005,0.004669188393593,41.87151114070838,P. Connaughton,2023-24,Pat Connaughton,76.0,22.1,5.6,2.1,0.106,0.123,-0.8,31.6,16.3,G,-0.008468522181916838
MIL_23,MIL,23,1627736,M. Beasley,0.0889117306951047,0.0133778662239703,77.94756258649667,M. Beasley,2023-24,Malik Beasley,79.0,29.6,11.3,1.4,0.142,0.059,5.8,31.2,18.6,G,-0.008391615920965302
MIL_23,MIL,23,1630699,M. Beauchamp,0.02171399203392,0.001789608802738,23.47151107338212,M. Beauchamp,2023-24,MarJon Beauchamp,48.0,12.7,4.4,0.6,0.141,0.067,-1.0,12.7,7.7,F,-0.009535192088345135
MIL_23,MIL,23,1631260,A. Green,0.0262109726326609,0.0083456878767899,49.00575119961739,A. Green,2023-24,AJ Green,56.0,11.0,4.5,0.5,0.15,0.068,3.5,12.4,7.7,G,-0.003168310831756966
MIL_23,MIL,23,1641748,A. Jackson Jr.,0.0123345753565463,0.0016388588049194,35.67165296042592,A. Jackson Jr.,2023-24,Andre Jackson Jr.,57.0,10.0,2.2,0.9,0.097,0.113,-7.3,11.6,5.2,G,-0.009526638750977073
MIL_23,MIL,23,201572,B. Lopez,0.0977772067326223,0.0141801176110128,65.94108636900646,B. Lopez,2023-24,Brook Lopez,79.0,30.5,12.5,1.6,0.156,0.071,5.2,31.3,21.6,C,-0.010186510493787758
MIL_23,MIL,23,201976,P. Beverley,0.0195297443145316,0.0014086472087628,23.09731048799764,P. Beverley,2023-24,Patrick Beverley,73.0,20.0,6.2,2.9,0.141,0.205,-1.6,40.5,17.3,G,-0.009850641843829595
MIL_23,MIL,23,203081,D. Lillard,0.1819349865090582,0.0524424357990633,111.81548709116493,D. Lillard,2023-24,Damian Lillard,73.0,35.3,24.3,7.0,0.274,0.284,6.9,78.9,28.0,G,-0.010732033145209013
MIL_23,MIL,23,203109,J. Crowder,0.0336631119105743,0.0040240167903484,32.52446907008233,J. Crowder,2023-24,Jae Crowder,50.0,23.1,6.2,1.3,0.113,0.076,-2.6,28.6,14.7,F,-0.007964501374375675
MIL_23,MIL,23,203114,K. Middleton,0.0874983939355004,0.0038701802174463,32.24380104673149,K. Middleton,2023-24,Khris Middleton,55.0,27.0,15.1,5.3,0.23,0.272,3.4,50.3,26.0,F,-0.017511529024328325
MIL_23,MIL,23,203507,G. Antetokounmpo,0.2208659899781575,0.2538618894199487,233.23254450958467,G. Antetokounmpo,2023-24,Giannis Antetokounmpo,73.0,35.2,30.4,6.5,0.32,0.314,6.6,79.7,39.9,F,0.164071448375682
MIN_23,MIN,23,1626157,K. Towns,0.1488415948275862,0.0082996797516048,81.15929475008215,K. Towns,2023-24,Karl-Anthony Towns,62.0,32.7,21.8,3.0,0.268,0.147,7.2,53.2,36.2,C-F,-0.0365591252887411
MIN_23,MIN,23,1628420,M. Morris,0.0158943965517241,0.0005972949053592,44.08411108074905,M. Morris,2023-24,Monte Morris,33.0,14.4,5.0,2.1,0.151,0.199,9.4,28.3,12.2,G,-0.010591209118516614
MIN_23,MIN,23,1628972,T. Brown Jr.,0.0175107758620689,0.0019156481011346,32.775235649181106,T. Brown Jr.,,,,,,,,,,,,Guard-Forward,-0.009298428866968638
MIN_23,MIN,23,1629003,S. Milton,0.0245150862068965,0.0059921833273863,57.91022052296228,S. Milton,,,,,,,,,,,,Forward,-0.005441877353396643
MIN_23,MIN,23,1629162,J. McLaughlin,0.0183189655172413,0.0022399231396248,37.95580186034452,J. McLaughlin,2023-24,Jordan McLaughlin,56.0,11.2,3.5,2.0,0.119,0.229,11.0,23.7,10.2,G,-0.008990482999832225
MIN_23,MIN,23,1629638,N. Alexander-Walker,0.0755657327586206,0.0011668785101632,30.13499887640454,N. Alexander-Walker,2023-24,Nickeil Alexander-Walker,82.0,23.4,8.0,2.5,0.143,0.145,7.6,39.1,16.9,G,-0.017228824797418635
MIN_23,MIN,23,1629675,N. Reid,0.1225754310344827,0.0079503393914502,89.51958964408851,N. Reid,2023-24,Naz Reid,81.0,24.2,13.5,1.3,0.223,0.085,5.7,39.7,23.0,C-F,-0.025190218604672812
MIN_23,MIN,23,1630162,A. Edwards,0.2153825431034483,0.0650164511441465,188.44503927260763,A. Edwards,2023-24,Anthony Edwards,79.0,35.1,25.9,5.1,0.314,0.241,7.3,70.1,37.8,G,-0.020693527607747925
MIN_23,MIN,23,1630183,J. McDaniels,0.0862068965517241,0.0018561530142261,41.79566466941403,J. McDaniels,2023-24,Jaden McDaniels,72.0,29.2,10.5,1.4,0.156,0.067,3.8,33.1,20.9,F,-0.019177527710331058
MIN_23,MIN,23,1630568,L. Garza,0.0091594827586206,0.0160137836876335,98.26829703509128,L. Garza,2023-24,Luka Garza,25.0,4.9,4.0,0.2,0.278,0.05,-0.6,8.5,5.5,C,0.004830145008740119
MIN_23,MIN,23,201144,M. Conley,0.0929418103448275,0.0037389452367292,73.6911050639606,M. Conley,2023-24,Mike Conley,76.0,28.9,11.4,5.9,0.157,0.29,5.7,66.5,29.2,G,-0.019175919319221243
MIN_23,MIN,23,203497,R. Gobert,0.0870150862068965,0.6197062463896956,492.0609833868267,R. Gobert,2023-24,Rudy Gobert,76.0,34.1,14.0,1.3,0.152,0.057,8.0,45.9,24.8,C,0.598455483536847
MIN_23,MIN,23,203937,K. Anderson,0.068426724137931,0.0106550821245499,77.34312603430973,K. Anderson,2023-24,Kyle Anderson,79.0,22.6,6.4,4.2,0.14,0.264,5.1,39.7,22.9,F-G,-0.006200327049421509
NOP_23,NOP,23,1626204,L. Nance Jr.,0.0312091930007834,0.0089263325193128,57.16953109819788,L. Nance Jr.,2023-24,Larry Nance Jr.,61.0,19.9,5.7,1.9,0.112,0.129,3.3,29.7,18.4,F-C,-0.0028837559610553204
NOP_23,NOP,23,1627742,B. Ingram,0.1461217027944633,0.0190551297421014,107.07360666614665,B. Ingram,2023-24,Brandon Ingram,64.0,32.9,20.8,5.7,0.269,0.259,4.0,64.6,37.5,F,-0.02447444996276159
NOP_23,NOP,23,1629627,Z. Williamson,0.1765474014102899,0.0845662694168258,179.0008411179354,Z. Williamson,2023-24,Zion Williamson,70.0,31.5,22.9,5.0,0.285,0.256,2.9,62.9,35.3,F,0.024643448006962602
NOP_23,NOP,23,1630184,K. Lewis Jr.,0.0080961086445547,0.0009254919643616,27.862700071642056,K. Lewis Jr.,,,,,,,,,,,,Guard,-0.010272370948449943
NOP_23,NOP,23,1630230,N. Marshall,0.0518412118046487,0.001640174155762,30.46803427411259,N. Marshall,2023-24,Naji Marshall,66.0,19.0,7.1,1.9,0.158,0.139,8.7,32.4,15.5,F,-0.012348185806384785
NOP_23,NOP,23,1630346,M. Ryan,0.0143640637242099,0.002873421359401,30.862579480222973,M. Ryan,2023-24,Matt Ryan,28.0,13.9,5.4,0.6,0.144,0.064,1.4,16.8,10.8,F,-0.008299577287220819
NOP_23,NOP,23,1630526,J. Robinson-Earl,0.0113606685818751,0.0009149498229716,18.66093908307783,J. Robinson-Earl,2023-24,Jeremiah Robinson-Earl,39.0,8.6,2.9,0.5,0.144,0.091,-1.9,12.1,6.8,F,-0.010252236427494718
NOP_23,NOP,23,1630529,H. Jones,0.0829198224079394,0.0069449891869983,61.8525580858725,H. Jones,2023-24,Herbert Jones,76.0,30.5,11.0,2.6,0.141,0.112,5.5,43.1,23.0,F,-0.013230111319442642
NOP_23,NOP,23,1630530,T. Murphy III,0.0873596239226952,0.0102352848173269,74.7095166490597,T. Murphy III,2023-24,Trey Murphy III,57.0,29.7,14.8,2.2,0.182,0.104,7.0,41.3,26.2,F,-0.011108739925516397
NOP_23,NOP,23,1630631,J. Alvarado,0.0450509271350222,0.0037908252454066,40.75483026544608,J. Alvarado,2023-24,Jose Alvarado,56.0,18.4,7.1,2.1,0.168,0.154,12.0,35.0,15.3,G,-0.009310707244053903
NOP_23,NOP,23,1630700,D. Daniels,0.0438756855575868,0.0019181762105798,41.55462876010037,D. Daniels,2023-24,Dyson Daniels,61.0,22.3,5.8,2.7,0.123,0.157,3.3,39.9,17.2,G,-0.011046791885153992
NOP_23,NOP,23,1641722,J. Hawkins,0.0607208148341603,0.0045317403118405,59.89731355892315,J. Hawkins,2023-24,Jordan Hawkins,67.0,17.3,7.8,1.0,0.188,0.084,-0.9,22.9,15.7,G,-0.010867879607511333
NOP_23,NOP,23,202685,J. Valančiūnas,0.0887960302951162,0.0353551804150548,116.28875575724427,J. Valančiūnas,2023-24,Jonas Valančiūnas,82.0,23.5,12.2,2.1,0.207,0.128,3.9,48.4,28.9,C,0.013617714076856222
NOP_23,NOP,23,203468,C. McCollum,0.1420736484721859,0.009649611931412,65.55213411708169,C. McCollum,2023-24,CJ McCollum,66.0,32.7,20.0,4.6,0.244,0.209,3.7,67.0,30.0,G,-0.0319511950794281
NYK_23,NYK,23,1628384,O. Anunoby,0.0362963977537323,0.0014741468843658,11.2913956319206,O. Anunoby,2023-24,OG Anunoby,50.0,34.0,14.7,2.1,0.173,0.084,10.9,40.9,29.5,F-G,-0.010730062534058999
NYK_23,NYK,23,1628392,I. Hartenstein,0.0464319956170387,0.0468282906051973,70.85803665604895,I. Hartenstein,2023-24,Isaiah Hartenstein,75.0,25.3,7.8,2.5,0.116,0.127,10.0,41.0,22.4,C-F,0.0335598935458647
NYK_23,NYK,23,1628404,J. Hart,0.099712368168744,0.0032614277770532,16.69375543184374,J. Hart,2023-24,Josh Hart,81.0,33.4,9.4,4.1,0.133,0.164,6.6,55.5,28.8,G,-0.021709894833340005
NYK_23,NYK,23,1628973,J. Brunson,0.2394192576359402,0.0460759680507079,67.36584137615345,J. Brunson,2023-24,Jalen Brunson,77.0,35.4,28.7,6.7,0.311,0.315,8.6,88.0,34.3,G,-0.05832700860943877
NYK_23,NYK,23,1628978,D. DiVincenzo,0.1313518696069031,0.0258972900823399,46.904312388805984,D. DiVincenzo,2023-24,Donte DiVincenzo,81.0,29.1,15.5,2.7,0.209,0.133,3.7,48.2,30.3,G,-0.010881225854755854
NYK_23,NYK,23,1629011,M. Robinson,0.0073962470894398,0.0133580484848244,35.82253479292181,M. Robinson,2023-24,Mitchell Robinson,31.0,24.8,5.6,0.6,0.099,0.031,1.1,26.1,13.7,C-F,0.0021485928190737094
NYK_23,NYK,23,1629628,R. Barrett,0.061087522257225,0.0021060710218331,13.418256557761431,R. Barrett,,,,,,,,,,,,Forward-Guard,-0.013357960925931684
NYK_23,NYK,23,1629656,Q. Grimes,0.036159430215039,0.0061795264467109,23.095750818136967,Q. Grimes,,,,,,,,,,,,Guard,-0.006012845857990959
NYK_23,NYK,23,1630173,P. Achiuwa,0.0335570469798657,0.0019562109610947,16.763547001801545,P. Achiuwa,2023-24,Precious Achiuwa,74.0,21.9,7.6,1.3,0.158,0.088,-1.0,32.9,19.6,F,-0.010024144771277653
NYK_23,NYK,23,1630193,I. Quickley,0.0502670867004519,0.0041442479933112,20.40243107139377,I. Quickley,,,,,,,,,,,,Guard,-0.00962368257695419
NYK_23,NYK,23,1630540,M. McBride,0.0569784960964251,0.0025014520685109,15.481851932766276,M. McBride,2023-24,Miles McBride,68.0,19.5,8.3,1.7,0.164,0.131,0.0,32.7,15.2,G,-0.012268632261827724
NYK_23,NYK,23,202692,A. Burks,0.0217778386522394,0.0015436770992314,12.054203821123696,A. Burks,2023-24,Alec Burks,66.0,18.4,10.4,1.3,0.234,0.115,-10.7,30.0,18.2,G,-0.009783298235518448
NYK_23,NYK,23,202711,B. Bogdanović,0.0375291056019723,0.000638087888691,8.695109376971137,B. Bogdanović,,,,,,,,,,,,Guard,-0.011675708113652355
NYK_23,NYK,23,203944,J. Randle,0.1198465963566634,0.0082922586567139,26.584338339870264,J. Randle,2023-24,Julius Randle,46.0,35.4,24.0,5.0,0.287,0.217,6.0,72.5,48.6,F-C,-0.02377392114577459
OKC_23,OKC,23,1628983,S. Gilgeous-Alexander,0.2242058283013914,0.3080798315504934,190.20708589977716,S. Gilgeous-Alexander,2023-24,Shai Gilgeous-Alexander,75.0,34.0,30.1,6.2,0.317,0.287,11.3,71.0,23.1,G,0.2157507997423015
OKC_23,OKC,23,1629026,K. Williams,0.0308479915988448,0.0024416699024462,23.58707075780077,K. Williams,2023-24,Kenrich Williams,69.0,14.9,4.7,1.3,0.132,0.12,8.4,19.4,11.3,G-F,-0.009343993222284304
OKC_23,OKC,23,1629652,L. Dort,0.0892622735626148,0.0091250053158198,56.62728995679692,L. Dort,2023-24,Luguentz Dort,79.0,28.4,10.9,1.4,0.152,0.061,7.8,27.5,17.3,G,-0.012741772091750744
OKC_23,OKC,23,1630198,I. Joe,0.0611709110002625,0.008025873969007,47.00733908531232,I. Joe,2023-24,Isaiah Joe,78.0,18.5,8.2,1.3,0.157,0.093,9.1,24.7,15.7,G,-0.007452873039518066
OKC_23,OKC,23,1630322,L. Waters III,0.0129955368863218,0.0014435416948928,15.15000083947746,L. Waters III,2023-24,Lindy Waters III,38.0,7.4,3.6,0.6,0.167,0.132,-7.7,11.1,6.6,F,-0.009722763438208888
OKC_23,OKC,23,1630581,J. Giddey,0.118666316618535,0.0049045854273025,26.150322778506936,J. Giddey,2023-24,Josh Giddey,80.0,25.1,12.3,4.8,0.223,0.252,8.2,56.5,27.7,G,-0.02670524428796249
OKC_23,OKC,23,1630598,A. Wiggins,0.0511945392491467,0.0022777940383547,17.541723115130186,A. Wiggins,2023-24,Aaron Wiggins,78.0,15.7,6.9,1.1,0.163,0.096,5.7,19.8,10.9,G,-0.011618926121332546
OKC_23,OKC,23,1631096,C. Holmgren,0.131005513258073,0.0060235654390348,41.66897854218104,C. Holmgren,2023-24,Chet Holmgren,82.0,29.4,16.5,2.4,0.21,0.112,9.0,55.4,29.2,C-F,-0.030606102016378412
OKC_23,OKC,23,1631114,J. Williams,0.1334996061958519,0.006606263148607,44.83454462469181,J. Williams,2023-24,Jalen Williams,71.0,31.3,19.1,4.5,0.232,0.202,8.8,57.1,25.1,G-F,-0.03110493856679068
OKC_23,OKC,23,1631114,J. Williams,0.1334996061958519,0.006606263148607,44.83454462469181,J. Williams,2023-24,Jaylin Williams,69.0,13.0,4.0,1.6,0.133,0.162,6.8,27.1,14.7,G-F,-0.03110493856679068
OKC_23,OKC,23,1631119,J. Williams,0.0269099501181412,0.0036082582872988,33.06695644933384,J. Williams,2023-24,Jalen Williams,71.0,31.3,19.1,4.5,0.232,0.202,8.8,57.1,25.1,G-F,-0.007941714151845657
OKC_23,OKC,23,1631119,J. Williams,0.0269099501181412,0.0036082582872988,33.06695644933384,J. Williams,2023-24,Jaylin Williams,69.0,13.0,4.0,1.6,0.133,0.162,6.8,27.1,14.7,G-F,-0.007941714151845657
OKC_23,OKC,23,1631172,O. Dieng,0.0149645576266736,0.0033542092857149,21.891040103075905,O. Dieng,2023-24,Ousmane Dieng,33.0,11.1,4.0,1.1,0.167,0.144,1.1,14.8,10.2,F,-0.007823864091039266
OKC_23,OKC,23,1641717,C. Wallace,0.0561827251247046,0.0041499416313485,35.44802685257496,C. Wallace,2023-24,Cason Wallace,82.0,20.6,6.8,1.5,0.127,0.092,3.9,20.7,11.9,G,-0.010492806539788803
OKC_23,OKC,23,202330,G. Hayward,0.0156208978734576,0.0019505550884686,16.323152106628505,G. Hayward,2023-24,Gordon Hayward,51.0,24.4,9.8,3.1,0.175,0.17,-6.0,37.0,24.9,F,-0.009234556369477818
OKC_23,OKC,23,203995,V. Micić,0.013520609083749,0.0009795383746039,21.37652387989842,V. Micić,,,,,,,,,,,,?,-0.010188534210149557
ORL_23,ORL,23,1628365,M. Fultz,0.0451734337187416,0.0043274359391048,29.27207555658172,M. Fultz,2023-24,Markelle Fultz,43.0,21.2,7.8,2.8,0.182,0.194,0.6,39.8,16.3,G,-0.00878861938602049
ORL_23,ORL,23,1628371,J. Isaac,0.0345522990051089,0.0068777850864162,36.91623088070469,J. Isaac,2023-24,Jonathan Isaac,58.0,15.8,6.8,0.5,0.16,0.047,10.9,21.7,9.9,F,-0.005180762167956415
ORL_23,ORL,23,1628976,W. Carter Jr.,0.0586179080397956,0.0065780195435818,40.49425140760077,W. Carter Jr.,2023-24,Wendell Carter Jr.,55.0,25.6,11.0,1.7,0.172,0.1,1.1,37.3,23.4,C-F,-0.008461614896868674
ORL_23,ORL,23,1629021,M. Wagner,0.0822801828448507,0.0313430185669679,77.09336919239317,M. Wagner,2023-24,Moritz Wagner,80.0,17.7,10.9,1.2,0.22,0.109,3.1,28.6,19.7,F-C,0.011330450229073225
ORL_23,ORL,23,1629048,G. Bitadze,0.0228556063457918,0.0104766269711588,46.33583191676394,G. Bitadze,2023-24,Goga Bitadze,62.0,15.4,5.0,1.3,0.129,0.117,1.8,22.3,14.1,C-F,-0.0008892787180730319
ORL_23,ORL,23,1629643,C. Okeke,0.0142511427803172,0.0057220842869485,42.007423183276096,C. Okeke,2023-24,Chuma Okeke,47.0,9.2,2.3,0.4,0.131,0.076,-7.3,12.1,6.6,F,-0.0054501057205411565
ORL_23,ORL,23,1630175,C. Anthony,0.1102446894326431,0.011161803952837,47.68659433912888,C. Anthony,2023-24,Cole Anthony,81.0,22.4,11.6,2.9,0.232,0.2,2.6,45.9,19.0,G,-0.01733803731626763
ORL_23,ORL,23,1630532,F. Wagner,0.167921484269965,0.011051484996885,70.08518304501823,F. Wagner,2023-24,Franz Wagner,72.0,32.5,19.7,3.7,0.25,0.183,4.3,57.3,32.2,F,-0.04388375504452607
ORL_23,ORL,23,1630591,J. Suggs,0.1033880075289056,0.0096820843263776,43.883402062115614,J. Suggs,2023-24,Jalen Suggs,75.0,27.0,12.6,2.7,0.191,0.147,1.0,45.8,21.3,G,-0.016475078931117236
ORL_23,ORL,23,1631094,P. Banchero,0.2134982522183382,0.0736794362028289,132.50853150979356,P. Banchero,2023-24,Paolo Banchero,80.0,35.0,22.6,5.4,0.292,0.254,0.0,76.4,37.3,F,-0.010653462548905868
ORL_23,ORL,23,1631216,C. Houstan,0.0258133906964237,0.0255180987792474,69.6970507565827,C. Houstan,2023-24,Caleb Houstan,59.0,13.8,4.3,0.5,0.122,0.051,-1.8,11.7,8.3,G,0.014023773894939978
ORL_23,ORL,23,1641710,A. Black,0.036837859639688,0.0024209896790932,22.876157138554564,A. Black,2023-24,Anthony Black,69.0,16.9,4.6,1.3,0.123,0.108,-1.0,26.4,12.4,G,-0.009830678512957578
ORL_23,ORL,23,203914,G. Harris,0.0414089809088464,0.0078431147370501,43.13477112154164,G. Harris,2023-24,Gary Harris,54.0,24.0,6.9,1.6,0.114,0.09,3.3,20.3,15.0,G,-0.00485146141424319
ORL_23,ORL,23,204060,J. Ingles,0.0298467329927399,0.004783512075258,31.39822158581072,J. Ingles,2023-24,Joe Ingles,68.0,17.2,4.4,3.0,0.111,0.217,5.8,29.8,17.1,F-G,-0.0069369097610994645
PHI_23,PHI,23,1626162,K. Oubre Jr.,0.1228537202182883,0.0108706995796248,33.57008224760405,K. Oubre Jr.,2023-24,Kelly Oubre Jr.,68.0,30.2,15.4,1.5,0.22,0.072,0.1,40.0,24.6,F-G,-0.02238093752071361
PHI_23,PHI,23,1626166,C. Payne,0.036337015839212,0.0018025375673762,11.60595113993251,C. Payne,2023-24,Cameron Payne,78.0,16.7,7.4,2.6,0.185,0.222,-0.8,36.2,14.1,G,-0.010405195219482369
PHI_23,PHI,23,1627741,B. Hield,0.0431252495674164,0.0037392136584686,17.21373533103258,B. Hield,2023-24,Buddy Hield,84.0,25.7,12.1,2.8,0.186,0.143,1.1,49.7,28.5,G,-0.009141165595505478
PHI_23,PHI,23,1627788,F. Korkmaz,0.0109144150139757,0.0012449397544882,10.03762734043588,F. Korkmaz,2023-24,Furkan Korkmaz,35.0,8.6,2.5,0.7,0.126,0.108,6.4,12.8,5.8,Guard-Forward,-0.009924166063619547
PHI_23,PHI,23,1627863,D. House Jr.,0.0165047251430853,0.0050931838367243,19.520604601882283,D. House Jr.,2023-24,Danuel House Jr.,34.0,15.0,4.2,0.8,0.116,0.075,2.3,18.5,8.7,Forward-Guard,-0.006103866153711722
PHI_23,PHI,23,1628964,M. Bamba,0.0216957274058298,0.0053720996771502,20.602319381394956,M. Bamba,2023-24,Mo Bamba,57.0,13.0,4.4,0.7,0.149,0.083,-3.0,19.8,11.4,C,-0.005952081881387724
PHI_23,PHI,23,1629001,D. Melton,0.048316251830161,0.008097643108668,28.660197888071227,D. Melton,2023-24,De'Anthony Melton,38.0,26.9,11.1,3.0,0.177,0.144,10.0,48.9,21.0,G,-0.005409538864434115
PHI_23,PHI,23,1630178,T. Maxey,0.2011180620258219,0.0334004127024659,60.04806547272042,T. Maxey,2023-24,Tyrese Maxey,70.0,37.5,25.9,6.2,0.273,0.257,5.2,87.4,35.5,G,-0.04220405734879521
PHI_23,PHI,23,1630194,P. Reed,0.0545720750698788,0.0030691571515654,16.830102123491145,P. Reed,2023-24,Paul Reed,82.0,19.4,7.3,1.3,0.156,0.095,4.2,28.0,16.5,F,-0.01132286853384791
PHI_23,PHI,23,1630231,K. Martin,0.0187674697191534,0.0483994153562495,59.55401763175858,K. Martin,2023-24,KJ Martin,60.0,12.4,3.7,0.9,0.127,0.094,0.2,14.7,8.4,F,0.037158928336800075
PHI_23,PHI,23,1630531,J. Springer,0.015839212032477,0.0018872684269247,13.40337804749896,J. Springer,,,,,,,,,,,,Guard,-0.009300529288961445
PHI_23,PHI,23,1641741,R. Council IV,0.0167709303873286,0.0015191646900257,10.690025414626518,R. Council IV,2023-24,Ricky Council IV,32.0,9.0,5.4,0.5,0.208,0.08,2.7,11.4,6.9,G,-0.009682034633058115
PHI_23,PHI,23,200768,K. Lowry,0.0202315985624916,0.0013087397793176,10.596423666823329,K. Lowry,2023-24,Kyle Lowry,60.0,28.2,8.1,4.2,0.128,0.212,-0.3,56.2,25.2,G,-0.009969718855235425
PHI_23,PHI,23,201587,N. Batum,0.0283508585119126,0.0131723448015964,32.899656749045995,N. Batum,2023-24,Nicolas Batum,60.0,25.5,5.3,2.1,0.085,0.105,5.6,31.6,18.5,G-F,0.001542639654333839
PHI_23,PHI,23,201976,P. Beverley,0.0335418607746572,0.0017983794470647,15.385683425070662,P. Beverley,,,,,,,,,,,,Guard,-0.010180810930506393
PHI_23,PHI,23,202694,M. Morris Sr.,0.0276853454013044,0.0021045760697325,13.656889540371717,M. Morris Sr.,,,,,,,,,,,,Forward,-0.00948736992321011
PHI_23,PHI,23,202699,T. Harris,0.1288433382137628,0.0110606879469019,42.816902853780405,T. Harris,2023-24,Tobias Harris,70.0,33.8,17.2,3.1,0.203,0.136,4.6,53.8,29.6,F,-0.02464957940387884
PHI_23,PHI,23,203496,R. Covington,0.0114468255024623,0.005043002627712,21.29619651669145,R. Covington,2023-24,Robert Covington,29.0,16.8,4.4,0.8,0.104,0.064,12.1,21.7,9.9,F,-0.006123895949438992
PHI_23,PHI,23,203954,J. Embiid,0.129908159190736,0.1895600469060848,122.01083357554852,J. Embiid,2023-24,Joel Embiid,39.0,33.6,34.7,5.6,0.387,0.315,10.3,74.6,53.8,C-F,0.15339910892735995
PHX_23,PHX,23,1626164,D. Booker,0.1952488989723742,0.0746648393183542,130.0860852426143,D. Booker,2023-24,Devin Booker,68.0,36.0,27.1,6.9,0.289,0.299,5.8,73.4,34.9,G,0.0030046695942395757
PHX_23,PHX,23,1626220,R. O'Neale,0.0282930735352996,0.0023222914700614,33.18667959541681,R. O'Neale,2023-24,Royce O'Neale,79.0,24.7,7.7,2.8,0.134,0.149,3.2,43.8,21.3,F,-0.009304071645665235
PHX_23,PHX,23,1628960,G. Allen,0.0910182837314827,0.0193166254570892,75.99876933783526,G. Allen,2023-24,Grayson Allen,75.0,33.5,13.5,3.0,0.143,0.117,5.1,48.8,23.1,G,-0.0030442308813619263
PHX_23,PHX,23,1628966,K. Bates-Diop,0.019484852529027,0.0038767653974458,29.366275487850015,K. Bates-Diop,,,,,,,,,,,,Forward,-0.007381358143726593
PHX_23,PHX,23,1629002,C. Metu,0.0200186841051648,0.0035600440787358,28.76470088820024,C. Metu,,,,,,,,,,,,Forward-Center,-0.0077124110608653455
PHX_23,PHX,23,1629006,J. Okogie,0.0305618577338849,0.0056185983570853,38.04192191127912,J. Okogie,2023-24,Josh Okogie,60.0,16.0,4.6,1.1,0.125,0.091,1.3,18.4,10.1,G,-0.006148050546143092
PHX_23,PHX,23,1629139,Y. Watanabe,0.0114773788869611,0.0029818141740942,25.71861597754288,Y. Watanabe,,,,,,,,,,,,Guard-Forward,-0.008184988833912438
PHX_23,PHX,23,1629234,D. Eubanks,0.0359001734952622,0.0723371474336652,135.95260080693478,D. Eubanks,2023-24,Drew Eubanks,75.0,15.6,5.1,0.8,0.129,0.079,-4.1,21.1,12.1,F-C,0.06016699509261141
PHX_23,PHX,23,1629626,B. Bol,0.018550647270786,0.0013108124519055,17.061180989868905,B. Bol,2023-24,Bol Bol,43.0,10.9,5.2,0.4,0.156,0.054,0.1,12.6,7.1,C-F,-0.009924710301165391
PHX_23,PHX,23,1629642,N. Little,0.0186841051648205,0.0026317541095596,24.61708070469404,N. Little,2023-24,Nassir Little,45.0,10.2,3.4,0.5,0.132,0.068,-9.5,12.3,6.8,F-G,-0.008606804119020692
PHX_23,PHX,23,1630240,S. Lee,0.0081409315361003,0.001794379117527,27.795145344494077,S. Lee,2023-24,Saben Lee,24.0,7.7,3.0,1.3,0.186,0.248,4.1,15.1,6.0,G,-0.009402801680551002
PHX_23,PHX,23,1630692,J. Goodwin,0.0220205525156813,0.0022152645420064,25.447103627751037,J. Goodwin,,,,,,,,,,,,Guard,-0.009120111495694931
PHX_23,PHX,23,201142,K. Durant,0.2091285199519551,0.0246630824006234,73.64096392480242,K. Durant,2023-24,Kevin Durant,75.0,37.2,27.1,5.0,0.283,0.213,4.8,71.0,42.7,F,-0.056525731133770754
PHX_23,PHX,23,201569,E. Gordon,0.0842119311357266,0.0148621402273289,62.86705372761106,E. Gordon,2023-24,Eric Gordon,68.0,27.8,11.0,2.0,0.162,0.1,3.5,35.6,18.7,G,-0.0056457973087980454
PHX_23,PHX,23,203078,B. Beal,0.1044975310289603,0.0065404249893258,40.59218089990343,B. Beal,2023-24,Bradley Beal,53.0,33.3,18.2,5.0,0.224,0.215,3.0,66.3,29.4,G,-0.019984293374273578
PHX_23,PHX,23,203994,J. Nurkić,0.091418657413586,0.0070386885118218,44.4832292570972,J. Nurkić,2023-24,Jusuf Nurkić,76.0,27.3,10.9,4.0,0.187,0.186,9.2,55.5,30.6,C,-0.015436379679933223
POR_23,POR,23,1627763,M. Brogdon,0.0697419000549148,0.0128802761219376,55.3826559281009,M. Brogdon,2023-24,Malcolm Brogdon,39.0,28.7,15.7,5.5,0.226,0.301,-3.7,59.3,25.1,G,-0.004245044275018104
POR_23,POR,23,1629014,A. Simons,0.1182042833607907,0.0188477190300603,65.98066204439571,A. Simons,2023-24,Anfernee Simons,46.0,34.4,22.6,5.5,0.276,0.268,-10.6,73.3,31.0,G,-0.012584839390596639
POR_23,POR,23,1629028,D. Ayton,0.0900604063701263,0.3268336894676507,257.89008615760457,D. Ayton,2023-24,Deandre Ayton,55.0,32.4,16.7,1.6,0.211,0.086,-8.7,54.5,30.1,C,0.3047437280202838
POR_23,POR,23,1629650,M. Brown,0.0068643602416254,0.0024624909708044,23.902734530090093,M. Brown,2023-24,Moses Brown,22.0,9.1,3.4,0.3,0.176,0.057,-14.4,14.7,7.5,C,-0.00875695953570922
POR_23,POR,23,1629680,M. Thybulle,0.0406370126304228,0.0112809774349011,52.65090507608774,M. Thybulle,2023-24,Matisse Thybulle,65.0,22.9,5.4,1.4,0.105,0.083,-7.4,26.8,14.7,G-F,-0.0013334982775398182
POR_23,POR,23,1630204,A. Hagans,0.0112575507962657,0.0253390580991563,80.15754522072902,A. Hagans,2023-24,Ashton Hagans,19.0,16.6,4.2,2.8,0.144,0.244,-1.1,38.1,17.6,G-F,0.0141714922571328
POR_23,POR,23,1630219,S. Mays,0.0183964854475562,0.0058265695029255,36.64206640760791,S. Mays,,,,,,,,,,,,Forward,-0.005405527032008875
POR_23,POR,23,1630625,D. Banton,0.0612300933552992,0.0129579389535918,54.49334872771427,D. Banton,2023-24,Dalano Banton,54.0,19.4,10.3,2.4,0.25,0.2,-10.2,40.2,18.0,F,-0.0025312668291981536
POR_23,POR,23,1630703,S. Henderson,0.1149093904448105,0.0216584083788557,70.29810792607807,S. Henderson,2023-24,Scoot Henderson,62.0,28.5,14.0,5.4,0.26,0.3,-13.0,67.7,26.4,G,-0.008532357138742116
POR_23,POR,23,1631101,S. Sharpe,0.0620538165842943,0.0124415008072035,61.70039832603096,S. Sharpe,2023-24,Shaedon Sharpe,32.0,33.1,15.9,2.9,0.22,0.138,-10.3,48.8,26.4,G,-0.003194589165409132
POR_23,POR,23,1631133,J. Walker,0.0632894014277869,0.0223171359149978,72.22291740643591,J. Walker,2023-24,Jabari Walker,72.0,23.6,8.9,1.0,0.159,0.062,-9.5,29.1,16.4,F,0.006456119419140285
POR_23,POR,23,1631200,K. Murray,0.0481878088962108,0.0204300133619883,68.49395063897927,K. Murray,2023-24,Kris Murray,62.0,21.7,6.1,1.3,0.136,0.083,-6.0,25.1,15.0,F,0.006939516225377222
POR_23,POR,23,1631303,J. Minaya,0.008099945085118,0.0130252270688275,55.01709179876668,J. Minaya,2023-24,Justin Minaya,34.0,11.2,1.8,0.6,0.093,0.08,-8.6,12.9,7.9,F,0.0018274228232517294
POR_23,POR,23,1641712,R. Rupert,0.0232015376166941,0.0135380708691981,56.64755556789442,R. Rupert,2023-24,Rayan Rupert,39.0,16.2,4.0,1.6,0.131,0.131,-9.8,23.5,13.9,G-F,0.0021587792787344726
POR_23,POR,23,1641739,T. Camara,0.0550521691378363,0.0294745447017948,84.34745452604899,T. Camara,2023-24,Toumani Camara,70.0,24.8,7.5,1.2,0.134,0.072,-4.6,31.0,16.7,F,0.015008766287990069
POR_23,POR,23,1641871,D. Reath,0.0650741350906095,0.0111060906815873,51.020660290781045,D. Reath,2023-24,Duop Reath,68.0,17.9,9.1,1.0,0.202,0.088,-7.1,28.9,18.5,C,-0.005089565371654371
POR_23,POR,23,203924,J. Grant,0.1316584294343767,0.0107157370108771,51.08153746586677,J. Grant,2023-24,Jerami Grant,54.0,33.9,21.0,2.8,0.255,0.138,-9.6,52.5,34.6,F,-0.026194886516797126
SAC_23,SAC,23,1626168,T. Lyles,0.040397437573539,0.0073221958150454,35.35400716366242,T. Lyles,2023-24,Trey Lyles,58.0,20.0,7.2,1.2,0.139,0.079,7.7,29.4,16.2,F,-0.005267859415599814
SAC_23,SAC,23,1627734,D. Sabonis,0.1587135573277552,0.0756295036805867,112.19007600920888,D. Sabonis,2023-24,Domantas Sabonis,82.0,35.7,19.4,8.2,0.22,0.334,0.8,91.5,54.3,F-C,0.025721479769862943
SAC_23,SAC,23,1628368,D. Fox,0.2072166296247875,0.0674235561519073,102.7882611177446,D. Fox,2023-24,De'Aaron Fox,74.0,35.9,26.6,5.6,0.3,0.244,4.3,81.4,29.5,G,-0.012411337864504504
SAC_23,SAC,23,1628370,M. Monk,0.1274676428291279,0.0044032700913352,28.07676317377112,M. Monk,2023-24,Malik Monk,72.0,26.0,15.4,5.1,0.247,0.29,0.1,52.8,30.6,G,-0.030730823398787344
SAC_23,SAC,23,1628426,A. Vezenkov,0.0217021832919335,0.0085788692870325,37.72164022893084,A. Vezenkov,,,,,,,,,,,,?,-0.002745531045352122
SAC_23,SAC,23,1628989,K. Huerter,0.0747810171264217,0.0056882846392491,31.23334386798151,K. Huerter,2023-24,Kevin Huerter,64.0,24.4,10.2,2.6,0.173,0.138,2.5,36.8,25.2,G-F,-0.012529095436872653
SAC_23,SAC,23,1630537,C. Duarte,0.0251013204340436,0.0041354498097634,31.472714914131725,C. Duarte,2023-24,Chris Duarte,59.0,12.2,3.9,0.7,0.146,0.082,-3.1,16.3,10.6,G,-0.007325067757549047
SAC_23,SAC,23,1630556,K. Edwards,0.0090207870309844,0.0029225811785518,25.038419204311083,K. Edwards,2023-24,Kessler Edwards,54.0,5.1,1.7,0.3,0.134,0.084,-6.3,6.8,4.0,F,-0.008262680897362106
SAC_23,SAC,23,1630558,D. Mitchell,0.0418355340567394,0.0045464742005583,28.07499003459064,D. Mitchell,2023-24,Davion Mitchell,72.0,15.3,5.3,1.9,0.147,0.168,-2.6,28.4,12.2,G,-0.008193285947539083
SAC_23,SAC,23,1631099,K. Murray,0.123284089423454,0.0099797279248483,41.8712595899006,K. Murray,2023-24,Keegan Murray,77.0,33.6,15.2,1.7,0.178,0.068,2.7,43.2,30.7,F,-0.02344424240461328
SAC_23,SAC,23,1631165,K. Ellis,0.0302000261472087,0.0077179357938942,34.72843452030046,K. Ellis,2023-24,Keon Ellis,57.0,17.2,5.4,1.5,0.123,0.115,5.5,26.7,13.4,G,-0.004025092490379308
SAC_23,SAC,23,1641732,C. Jones,0.0090207870309844,0.0030128966100568,21.67627596140959,C. Jones,2023-24,Colby Jones,30.0,6.4,2.1,0.7,0.178,0.159,1.5,11.4,6.2,G,-0.008172365465857107
SAC_23,SAC,23,201580,J. McGee,0.0150346450516407,0.0084307332416776,46.32144377155616,J. McGee,2023-24,JaVale McGee,46.0,7.4,4.0,0.4,0.214,0.076,-1.9,11.6,7.2,C-F,-0.0027480174112139797
SAC_23,SAC,23,203084,H. Barnes,0.1010589619558112,0.0056798740778106,38.19415580912445,H. Barnes,2023-24,Harrison Barnes,82.0,29.0,12.2,1.2,0.154,0.056,-1.7,35.3,22.6,F,-0.019720218538276855
SAC_23,SAC,23,203458,A. Len,0.0101974114263302,0.0067750103148603,36.0370769122076,A. Len,2023-24,Alex Len,48.0,9.3,2.5,1.0,0.114,0.142,15.4,14.4,9.3,C,-0.004398687645011009
SAS_23,SAS,23,1626224,C. Osman,0.0514639494389268,0.0048110041885485,15.787973542015973,C. Osman,2023-24,Cedi Osman,72.0,17.6,6.8,1.7,0.146,0.131,-13.2,22.8,13.2,F,-0.009123710263205891
SAS_23,SAS,23,1628380,Z. Collins,0.0861601960531407,0.0065956195148044,19.36540167739063,Z. Collins,2023-24,Zach Collins,69.0,22.1,11.2,2.8,0.224,0.196,-11.4,39.8,27.2,F-C,-0.01442558949814201
SAS_23,SAS,23,1628984,D. Graham,0.0145750032245582,0.006898580185662,17.250507329827965,D. Graham,2023-24,Devonte' Graham,23.0,13.6,5.0,2.1,0.175,0.219,3.3,27.1,13.3,G,-0.004276052531654349
SAS_23,SAS,23,1629640,K. Johnson,0.1150522378434154,0.0128883301443525,26.99525518295567,K. Johnson,2023-24,Keldon Johnson,69.0,29.5,15.7,2.8,0.212,0.142,-7.7,49.8,25.7,F-G,-0.017355458242730708
SAS_23,SAS,23,1630170,D. Vassell,0.1416225977041145,0.0236302097710887,34.022281722786964,D. Vassell,2023-24,Devin Vassell,68.0,33.1,19.5,4.1,0.229,0.192,-6.0,56.6,38.6,G-F,-0.017759354416125306
SAS_23,SAS,23,1630200,T. Jones,0.0824197084999355,0.0236035317383731,36.42067990530031,T. Jones,2023-24,Tre Jones,77.0,27.8,10.0,6.2,0.149,0.298,-0.9,63.0,19.0,G,0.003555636141289731
SAS_23,SAS,23,1630572,S. Mamukelashvili,0.0203792080484973,0.0017766953916651,11.297015615115123,S. Mamukelashvili,2023-24,Sandro Mamukelashvili,46.0,9.8,4.1,1.1,0.169,0.158,4.1,16.8,8.9,F-C,-0.009506021563365805
SAS_23,SAS,23,1630577,J. Champagnie,0.0573971365922868,0.0083233023386525,22.652417223483766,J. Champagnie,2023-24,Julian Champagnie,74.0,19.8,6.8,1.4,0.14,0.093,-4.5,25.5,14.0,F,-0.006514690371981324
SAS_23,SAS,23,1631103,M. Branham,0.0829356378176189,0.0071680027139721,17.64336522848692,M. Branham,2023-24,Malaki Branham,75.0,21.3,9.2,2.1,0.192,0.142,-11.1,34.2,18.2,F,-0.013011135223758394
SAS_23,SAS,23,1631104,B. Wesley,0.0328904940023216,0.0071777379896392,17.84486450668611,B. Wesley,2023-24,Blake Wesley,61.0,14.4,4.4,2.7,0.144,0.257,-7.8,27.8,10.9,G,-0.004752252943861941
SAS_23,SAS,23,1631110,J. Sochan,0.0989294466658067,0.0024927888998367,13.732158832689722,J. Sochan,2023-24,Jeremy Sochan,74.0,29.6,11.6,3.4,0.187,0.161,-7.0,50.9,25.0,F,-0.022232257340893017
SAS_23,SAS,23,1631230,D. Barlow,0.0122533212949825,0.0044046172768155,19.107934835381545,D. Barlow,2023-24,Dominick Barlow,33.0,12.7,4.4,1.1,0.139,0.114,-4.5,17.3,10.1,F,-0.006760890035012513
SAS_23,SAS,23,1641705,V. Wembanyama,0.161872823423191,0.0838056802942821,60.672464978633336,V. Wembanyama,2023-24,Victor Wembanyama,71.0,29.7,21.4,3.9,0.312,0.213,-3.2,59.2,39.3,F-C,0.032207352851351304
SAS_23,SAS,23,203926,D. McDermott,0.0263123952018573,0.0034930479767558,13.002207687539627,D. McDermott,,,,,,,,,,,,Forward,-0.008026060996453057
TOR_23,TOR,23,1627751,J. Poeltl,0.0507198520670981,0.217306701201067,112.6764810204399,J. Poeltl,2023-24,Jakob Poeltl,50.0,26.4,11.1,2.5,0.16,0.131,-0.6,48.0,25.8,C,0.20347628647754842
TOR_23,TOR,23,1627783,P. Siakam,0.0908730682868841,0.0194445865031712,34.77314917815526,P. Siakam,,,,,,,,,,,,Forward,-0.0028749884619488873
TOR_23,TOR,23,1628384,O. Anunoby,0.0450402852991678,0.0055378802573005,23.606828381375177,O. Anunoby,,,,,,,,,,,,Forward-Guard,-0.007562393232066191
TOR_23,TOR,23,1628449,C. Boucher,0.0249636771892748,0.0032154783261668,15.568916450043504,C. Boucher,2023-24,Chris Boucher,50.0,14.1,6.4,0.5,0.167,0.044,2.4,16.0,9.1,F,-0.008238715736790626
TOR_23,TOR,23,1628971,B. Brown,0.040153216219786,0.0009020272756197,7.506142842768883,B. Brown,2023-24,Bruce Brown,67.0,27.8,10.8,2.9,0.161,0.132,-5.8,43.2,22.1,G-F,-0.011663347480111249
TOR_23,TOR,23,1629007,J. Porter,0.0113591335358605,0.0027470746959342,14.05201254102484,J. Porter,,,,,,,,,,,,Center-Forward,-0.008420116923338394
TOR_23,TOR,23,1629018,G. Trent Jr.,0.1129309206181482,0.0074188880238739,31.841808764120252,G. Trent Jr.,2023-24,Gary Trent Jr.,71.0,28.1,13.7,1.7,0.195,0.084,-4.6,31.4,24.0,G,-0.02204508626845675
TOR_23,TOR,23,1629628,R. Barrett,0.0738343679830933,0.0025152052473442,19.06233052641158,R. Barrett,2023-24,RJ Barrett,58.0,31.7,20.2,3.3,0.257,0.159,-3.3,53.0,32.3,F-G,-0.015490016128947518
TOR_23,TOR,23,1629667,J. McDaniels,0.0252278430854576,0.0012836714929662,9.606288707279418,J. McDaniels,2023-24,Jalen McDaniels,50.0,10.8,3.4,0.7,0.179,0.105,-14.1,16.5,9.4,F,-0.010182719111672987
TOR_23,TOR,23,1629670,J. Nwora,0.0301149121648395,0.0031854614412561,14.669732587838862,J. Nwora,2023-24,Jordan Nwora,52.0,13.7,7.0,1.2,0.213,0.134,-13.7,22.0,13.0,F,-0.008552079319546246
TOR_23,TOR,23,1630173,P. Achiuwa,0.0215295205388984,0.0019700967949274,11.788095888996953,P. Achiuwa,,,,,,,,,,,,Forward,-0.009348504312318776
TOR_23,TOR,23,1630193,I. Quickley,0.0800422665433892,0.0077045069848913,23.297557933748514,I. Quickley,2023-24,Immanuel Quickley,68.0,29.2,17.0,4.9,0.233,0.245,-1.0,60.0,24.8,G,-0.011751050385434024
TOR_23,TOR,23,1630201,M. Flynn,0.0175670320961563,0.0061561422581234,22.197547714462075,M. Flynn,,,,,,,,,,,,Guard,-0.005058994868267435
TOR_23,TOR,23,1630534,O. Agbaji,0.0245674283450006,0.0081542831710054,26.38942620675608,O. Agbaji,2023-24,Ochai Agbaji,78.0,21.0,5.8,1.1,0.131,0.068,-7.1,23.3,13.8,G,-0.003282089199336353
TOR_23,TOR,23,1630567,S. Barnes,0.1277242108043851,0.0118032854061268,35.22972527514158,S. Barnes,2023-24,Scottie Barnes,60.0,34.9,19.9,6.1,0.24,0.253,-3.2,75.1,38.7,F-G,-0.023437745717408608
TOR_23,TOR,23,1631241,J. Freeman-Liberty,0.0170387003037907,0.002133467853255,11.91276859245494,J. Freeman-Liberty,2023-24,Javon Freeman-Liberty,22.0,18.3,7.0,1.8,0.17,0.143,-18.2,38.6,14.3,G,-0.009072163696178324
TOR_23,TOR,23,1641711,G. Dick,0.0563994188350284,0.0016482649716185,16.0830226489739,G. Dick,2023-24,Gradey Dick,60.0,21.1,8.5,1.1,0.167,0.078,-13.9,21.5,16.3,G-F,-0.013028930813783767
TOR_23,TOR,23,201152,T. Young,0.0093778893144894,0.001692449366123,12.50731836465147,T. Young,,,,,,,,,,,,Forward,-0.00948877392979085
TOR_23,TOR,23,202066,G. Temple,0.0091137234183066,0.0026478607971233,12.721144960704397,G. Temple,2023-24,Garrett Temple,27.0,10.7,3.3,1.0,0.147,0.14,-13.1,17.1,8.4,G-F,-0.00853630579413185
TOR_23,TOR,23,203471,D. Schröder,0.0759476951525558,0.0035131363942971,28.361885122889497,D. Schröder,,,,,,,,,,,,Guard,-0.014970171885961675
TOR_23,TOR,23,203482,K. Olynyk,0.0351340641923127,0.0037160154201599,15.840631524253652,K. Olynyk,2023-24,Kelly Olynyk,78.0,22.5,9.8,4.4,0.171,0.275,-7.3,47.4,27.3,F-C,-0.008389896661729034
UTA_23,UTA,23,1627739,K. Dunn,0.0426280797809933,0.0053138727187134,49.11361120272242,K. Dunn,2023-24,Kris Dunn,66.0,18.9,5.4,3.8,0.132,0.25,0.4,40.3,15.6,G,-0.0075115871783886234
UTA_23,UTA,23,1628374,L. Markkanen,0.1213661843305957,0.0079938019686744,85.14682381220327,L. Markkanen,2023-24,Lauri Markkanen,55.0,33.1,23.2,2.0,0.241,0.09,0.6,50.7,31.0,F-C,-0.02466733744461213
UTA_23,UTA,23,1628381,J. Collins,0.0981619084865076,0.0027015159426728,64.97302278138524,J. Collins,2023-24,John Collins,68.0,28.0,15.1,1.1,0.199,0.06,-7.5,44.9,23.9,F-C,-0.021784244445699256
UTA_23,UTA,23,1629012,C. Sexton,0.1509581540868205,0.0165616464475822,89.50769760867011,C. Sexton,2023-24,Collin Sexton,78.0,26.6,18.7,4.9,0.267,0.283,-3.4,52.1,26.5,G,-0.029350039401510708
UTA_23,UTA,23,1629659,T. Horton-Tucker,0.0624429670186416,0.0194531549107398,72.93634986806191,T. Horton-Tucker,2023-24,Talen Horton-Tucker,51.0,19.8,10.1,3.5,0.234,0.265,-5.4,45.8,19.0,G,0.0037468193069937344
UTA_23,UTA,23,1629677,L. Samanic,0.0242471646460696,0.0011092514305205,18.946661140836856,L. Samanic,2023-24,Luka Samanic,43.0,9.4,4.1,0.4,0.21,0.071,-5.5,13.3,7.4,F,-0.010313131631654876
UTA_23,UTA,23,1630209,O. Yurtseven,0.0202059705383913,0.019411528256073,73.24423518341304,O. Yurtseven,2023-24,Omer Yurtseven,48.0,11.4,4.6,0.6,0.173,0.084,-12.8,19.3,10.8,C,0.008133800926180766
UTA_23,UTA,23,1630534,O. Agbaji,0.031938469560683,0.0009213031279146,52.3309277957916,O. Agbaji,,,,,,,,,,,,Guard,-0.010939538675036494
UTA_23,UTA,23,1630548,J. Juzang,0.0143397210272454,0.0114472948822372,98.6645203752528,J. Juzang,2023-24,Johnny Juzang,20.0,18.6,7.2,1.2,0.147,0.086,-1.8,18.8,13.3,G,0.0002744744546723174
UTA_23,UTA,23,1631117,W. Kessler,0.0397601355755442,0.2391867716151694,274.53109400859057,W. Kessler,2023-24,Walker Kessler,64.0,23.3,8.1,0.9,0.127,0.058,-4.5,32.1,16.3,C,0.22666066781654637
UTA_23,UTA,23,1631323,S. Fontecchio,0.0465389127884239,0.0034071044643387,32.70592328871315,S. Fontecchio,,,,,,,,,,,,Forward,-0.009874498256688577
UTA_23,UTA,23,1641707,T. Hendricks,0.0285490809542432,0.0057622961115247,78.23560206016549,T. Hendricks,2023-24,Taylor Hendricks,40.0,21.4,7.3,0.8,0.135,0.051,-8.1,21.6,11.7,F,-0.005878965106022188
UTA_23,UTA,23,1641718,K. George,0.1158910181201929,0.0061567264856352,104.23098311822136,K. George,2023-24,Keyonte George,75.0,27.0,13.0,4.4,0.224,0.244,-9.3,63.0,24.3,G,-0.024399893509884453
UTA_23,UTA,23,1641729,B. Sensabaugh,0.0292008864554816,0.0049910884783587,67.90259434187139,B. Sensabaugh,2023-24,Brice Sensabaugh,32.0,18.3,7.5,1.7,0.201,0.134,-14.2,23.9,13.9,F,-0.006689173719683792
UTA_23,UTA,23,203482,K. Olynyk,0.0380654412723243,0.0027581732294861,73.48419033356481,K. Olynyk,,,,,,,,,,,,Forward-Center,-0.009605017901482516
UTA_23,UTA,23,203903,J. Clarkson,0.1128927128144961,0.0119125323450073,117.8422653269346,J. Clarkson,2023-24,Jordan Clarkson,55.0,30.6,17.1,5.0,0.255,0.247,-5.7,50.6,34.0,G,-0.017537545611856935
WAS_23,WAS,23,1626145,T. Jones,0.0858223062381852,0.1174596951236596,585.7622558743827,T. Jones,2023-24,Tyus Jones,66.0,29.3,12.0,7.3,0.161,0.331,-11.9,68.2,26.7,G,0.09652848712925866
WAS_23,WAS,23,1626153,D. Wright,0.0156269691241335,0.0304195353655643,343.26559355682025,D. Wright,,,,,,,,,,,,Guard,0.01923435153328598
WAS_23,WAS,23,1626158,R. Holmes,0.0097038437303087,0.0035344567154058,120.24043766773916,R. Holmes,2023-24,Richaun Holmes,40.0,13.9,5.0,0.6,0.141,0.062,-7.7,18.3,11.0,F,-0.007643482610499561
WAS_23,WAS,23,1628398,K. Kuzma,0.1823566477630749,0.1630704994556505,585.4483363253995,K. Kuzma,2023-24,Kyle Kuzma,70.0,32.6,22.2,4.2,0.295,0.201,-11.0,57.9,35.0,F,0.09963711053100156
WAS_23,WAS,23,1628963,M. Bagley III,0.024700693131695,0.001963675259788,67.27018842509139,M. Bagley III,2023-24,Marvin Bagley III,50.0,21.1,11.7,1.1,0.204,0.079,-6.0,33.1,19.0,F,-0.009478627466794336
WAS_23,WAS,23,1629013,L. Shamet,0.0374291115311909,0.0495956752681946,438.37949167980025,L. Shamet,2023-24,Landry Shamet,46.0,15.8,7.1,1.2,0.181,0.104,-9.9,21.9,13.1,G,0.03729097342282605
WAS_23,WAS,23,1629655,D. Gafford,0.0355387523629489,0.3351193936567961,787.181842921722,D. Gafford,,,,,,,,,,,,Forward,0.32297981185438907
WAS_23,WAS,23,1629673,J. Poole,0.1575299306868305,0.1024566734475079,581.5245308000658,J. Poole,2023-24,Jordan Poole,78.0,30.1,17.4,4.4,0.256,0.212,-11.1,53.7,25.2,G,0.053172632299321454
WAS_23,WAS,23,1630166,D. Avdija,0.1165721487082545,0.0904979106418266,474.191682361044,D. Avdija,2023-24,Deni Avdija,75.0,30.1,14.7,3.8,0.196,0.174,-6.5,55.5,24.5,F,0.05968538439317766
WAS_23,WAS,23,1630215,J. Butler,0.027977315689981,0.0202395404639189,204.16482955858768,J. Butler,2023-24,Jared Butler,40.0,14.1,6.3,3.2,0.194,0.321,-3.8,28.6,10.2,G,0.008631226161564726
WAS_23,WAS,23,1630264,A. Gill,0.0186515437933207,0.0250053409912618,323.26018228126065,A. Gill,2023-24,Anthony Gill,50.0,9.3,3.8,0.7,0.177,0.098,1.2,11.9,7.4,F,0.013767529304861222
WAS_23,WAS,23,1630551,J. Champagnie,0.0094517958412098,0.1652426656757857,567.7237861769743,J. Champagnie,2023-24,Justin Champagnie,15.0,15.7,5.9,1.3,0.162,0.112,-11.1,23.5,10.8,G-F,0.15406222066189487
WAS_23,WAS,23,1630557,C. Kispert,0.1087586641461877,0.0039145204448984,227.83234678252663,C. Kispert,2023-24,Corey Kispert,80.0,25.8,13.4,2.0,0.191,0.111,-10.7,35.5,22.7,F,-0.02406317108122512
WAS_23,WAS,23,1630647,E. Omoruyi,0.0194076874606175,0.0107055797373645,162.93098641235568,E. Omoruyi,2023-24,Eugene Omoruyi,43.0,9.1,4.8,0.8,0.208,0.141,-14.1,14.5,8.2,F,-0.000550557419438373
WAS_23,WAS,23,1631098,J. Davis,0.0194076874606175,0.0455193528785964,426.9990503686964,J. Davis,2023-24,Johnny Davis,50.0,12.3,3.0,0.6,0.117,0.068,-10.3,11.8,6.8,G,0.03426321572179353
WAS_23,WAS,23,1631116,P. Baldwin Jr.,0.0214240705734089,0.0171439523269295,267.6967675179487,P. Baldwin Jr.,2023-24,Patrick Baldwin Jr.,38.0,13.0,4.4,0.8,0.153,0.078,-2.5,18.3,9.2,F,0.005828839946726897
WAS_23,WAS,23,1631262,J. Bernard,0.0078134845620667,0.0881467725886714,444.4396056920959,J. Bernard,2023-24,Jules Bernard,19.0,7.9,3.9,0.8,0.189,0.142,6.3,11.9,5.8,G,0.07694444138709744
WAS_23,WAS,23,1641731,B. Coulibaly,0.0607435412728418,0.0270803180742836,393.8760973085298,B. Coulibaly,2023-24,Bilal Coulibaly,63.0,27.2,8.4,1.7,0.139,0.086,-11.0,32.9,19.1,G,0.011676720397644868
WAS_23,WAS,23,1641774,T. Vukcevic,0.0091997479521109,0.0284848434856372,306.03155288575545,T. Vukcevic,2023-24,Tristan Vukcevic,10.0,15.3,8.5,1.3,0.233,0.12,10.4,23.0,14.1,F,0.017301663072344414
WAS_23,WAS,23,201568,D. Gallinari,0.0171392564587271,0.0096915345593007,163.8156383930532,D. Gallinari,,,,,,,,,,,,Forward,-0.0015158283945413617
WAS_23,WAS,23,203488,M. Muscala,0.0099558916194076,0.0077647321131567,138.14407852123728,M. Muscala,,,,,,,,,,,,Forward-Center,-0.0034109312361797284
ATL_24,ATL,24,1626204,L. Nance Jr.,0.0201228276492878,0.003759131708367,70.13684549038396,L. Nance Jr.,2024-25,Larry Nance Jr.,24.0,19.3,8.5,1.6,0.155,0.125,-9.0,26.9,17.4,F-C,-0.007516239460257023
ATL_24,ATL,24,1627747,C. LeVert,0.038938978178492,0.008272750441657,87.20387360520537,C. LeVert,2024-25,Caris LeVert,64.0,24.9,12.1,3.4,0.191,0.178,7.2,37.1,21.3,G,-0.004173117807513999
ATL_24,ATL,24,1627777,G. Niang,0.0363256239383248,0.0072687958836245,86.73016515940792,G. Niang,2024-25,Georges Niang,79.0,21.5,9.9,1.4,0.177,0.087,4.7,32.5,16.3,F,-0.004937948124140936
ATL_24,ATL,24,1629027,T. Young,0.2039722984450542,0.3802506243943347,474.4013197411852,T. Young,2024-25,Trae Young,76.0,36.0,24.2,11.6,0.285,0.452,0.6,91.0,29.7,G,0.302682983632742
ATL_24,ATL,24,1629611,T. Mann,0.0240428590095387,0.0057423912773661,70.35306018154225,T. Mann,2024-25,Terance Mann,67.0,21.1,7.7,1.8,0.145,0.118,-2.3,27.6,15.3,G-F,-0.005671261356016812
ATL_24,ATL,24,1629631,D. Hunter,0.0697765582124657,0.0021771731640115,55.57999921290154,D. Hunter,,,,,,,,,,,,Forward-Guard,-0.014955344646107288
ATL_24,ATL,24,1629726,G. Mathews,0.0348882791062328,0.0032687248485658,94.0823457058956,G. Mathews,2024-25,Garrison Mathews,47.0,17.6,7.5,1.3,0.153,0.102,-3.5,21.2,13.8,G,-0.00881702716676217
ATL_24,ATL,24,1630168,O. Okongwu,0.0876780347576113,0.0238716876537238,139.95278232599622,O. Okongwu,2024-25,Onyeka Okongwu,74.0,27.9,13.4,2.3,0.169,0.113,1.1,40.3,25.5,F-C,0.0024410915883949225
ATL_24,ATL,24,1630249,V. Krejčí,0.0394616490265255,0.0017390070949495,39.82274798523452,V. Krejčí,2024-25,Vít Krejčí,57.0,20.2,7.2,2.6,0.131,0.175,-1.9,32.1,17.1,G,-0.01075764942969387
ATL_24,ATL,24,1630552,J. Johnson,0.0680778779563569,0.002355592034411,41.55401273833132,J. Johnson,2024-25,Jalen Johnson,36.0,35.7,18.9,5.0,0.214,0.203,1.6,87.6,38.2,F,-0.014429273548794837
ATL_24,ATL,24,1630700,D. Daniels,0.123219652423886,0.0067772212166101,113.87979629703062,D. Daniels,2024-25,Dyson Daniels,76.0,33.8,14.1,4.4,0.178,0.174,-0.9,61.9,30.3,G,-0.026620903901310423
ATL_24,ATL,24,1630811,K. Wallace,0.0203841630733045,0.0033622873821474,78.85776043621189,K. Wallace,2024-25,Keaton Wallace,31.0,16.2,5.4,2.6,0.164,0.224,-2.2,34.5,13.7,G,-0.007920573884932315
ATL_24,ATL,24,1631223,D. Roddy,0.0139814451848948,0.0032504661442968,51.36721787482874,D. Roddy,,,,,,,,,,,,Forward,-0.007919979094175227
ATL_24,ATL,24,1631230,D. Barlow,0.0141121128969031,0.0034543261976835,64.65994377724758,D. Barlow,2024-25,Dominick Barlow,35.0,10.7,4.2,0.5,0.141,0.07,-1.6,13.3,7.4,F,-0.007716931531858364
ATL_24,ATL,24,1631243,M. Gueye,0.0198614922252711,0.0157220421107681,108.1046922820527,M. Gueye,2024-25,Mouhamed Gueye,33.0,16.1,6.0,0.8,0.155,0.064,8.8,19.7,11.3,F,0.0044539140883338366
ATL_24,ATL,24,1641723,K. Bufkin,0.0071867241604599,0.0091658003620613,84.2698347262376,K. Bufkin,2024-25,Kobe Bufkin,10.0,12.4,5.3,1.7,0.203,0.213,-8.0,26.7,9.9,G,-0.0020474703963948
ATL_24,ATL,24,1642258,Z. Risacher,0.1012674768064811,0.0043571746789935,60.89409939741034,Z. Risacher,2024-25,Zaccharie Risacher,75.0,24.6,12.6,1.2,0.203,0.068,-2.7,32.3,20.1,F,-0.021109897569400578
ATL_24,ATL,24,203991,C. Capela,0.0425976741147262,0.0491439060143463,210.7925958197724,C. Capela,2024-25,Clint Capela,55.0,21.4,8.9,1.1,0.16,0.073,-2.7,28.3,17.6,C,0.03632177584652996
ATL_24,ATL,24,203992,B. Bogdanović,0.0294002352018816,0.0091039754622189,103.74788882093252,B. Bogdanović,,,,,,,,,,,,Guard,-0.0025885215954359365
BKN_24,BKN,24,1626156,D. Russell,0.0470836261419536,0.0048900647202247,55.847525303754594,D. Russell,2024-25,D'Angelo Russell,58.0,25.5,12.6,5.1,0.228,0.302,-1.5,63.5,27.4,G,-0.008459458922121535
BKN_24,BKN,24,1627732,B. Simmons,0.0255797610681658,0.0085303698325369,89.3042270886473,B. Simmons,,,,,,,,,,,,Guard-Forward,-0.002952660811843564
BKN_24,BKN,24,1627827,D. Finney-Smith,0.0222066057624736,0.0034772103373148,47.42271864603436,D. Finney-Smith,,,,,,,,,,,,Forward,-0.00786474951812376
BKN_24,BKN,24,1629003,S. Milton,0.0227687983134223,0.0013311737507791,28.46415946769394,S. Milton,,,,,,,,,,,,Forward,-0.010031440794974162
BKN_24,BKN,24,1629651,N. Claxton,0.0801124385101897,0.0761356226573988,288.2026443342868,N. Claxton,2024-25,Nic Claxton,70.0,26.9,10.3,2.2,0.166,0.14,-12.6,47.5,31.1,C,0.05666287470133918
BKN_24,BKN,24,1629661,C. Johnson,0.1089248067463106,0.0024400152244123,43.476797864100725,C. Johnson,2024-25,Cameron Johnson,57.0,31.6,18.8,3.4,0.224,0.179,-5.8,50.5,35.8,F,-0.02559565792727453
BKN_24,BKN,24,1630533,Z. Williams,0.0657765284609979,0.0142407874949928,92.44812658840668,Z. Williams,2024-25,Ziaire Williams,63.0,24.5,10.0,1.3,0.179,0.086,-9.7,33.5,19.2,F,-0.0020897264838231674
BKN_24,BKN,24,1630549,D. Sharpe,0.0306394940267041,0.0134520104074272,100.886001333593,D. Sharpe,2024-25,Day'Ron Sharpe,50.0,18.1,7.9,1.8,0.186,0.158,2.1,33.2,22.5,C,0.0016802316678922163
BKN_24,BKN,24,1630553,K. Johnson,0.1083626141953619,0.0072643006097595,79.50530320222663,K. Johnson,2024-25,Keon Johnson,79.0,24.4,10.6,2.2,0.212,0.148,-10.3,40.9,20.4,G,-0.020575577140880628
BKN_24,BKN,24,1630560,C. Thomas,0.0723822909346451,0.0432179761776209,159.6176230893368,C. Thomas,2024-25,Cam Thomas,25.0,31.2,24.0,3.8,0.328,0.217,-5.7,59.9,39.0,G,0.0255318903691896
BKN_24,BKN,24,1630570,T. Watford,0.0572030920590302,0.0081148136229551,73.84702775750746,T. Watford,2024-25,Trendon Watford,44.0,20.7,10.2,2.6,0.226,0.211,-4.4,46.1,22.4,G-F,-0.006691624003555167
BKN_24,BKN,24,1630592,J. Wilson,0.0895291637385804,0.0049707232934127,57.85460443871581,J. Wilson,2024-25,Jalen Wilson,79.0,25.7,9.5,1.8,0.161,0.11,-6.7,35.8,23.3,F,-0.016970428999906764
BKN_24,BKN,24,1631166,D. Timme,0.014476458186929,0.0031981277131329,61.46224449324508,D. Timme,2024-25,Drew Timme,9.0,28.2,12.1,2.2,0.205,0.137,-12.6,49.4,36.0,F,-0.007975721587331178
BKN_24,BKN,24,1631213,T. Martin,0.0673225579761068,0.0047110988031981,54.76196799016198,T. Martin,2024-25,Tyrese Martin,60.0,21.9,8.7,2.0,0.179,0.15,-10.2,39.0,19.7,F,-0.01192253398383619
BKN_24,BKN,24,1641721,M. Lewis,0.0139142656359803,0.006432302959887,62.14922972978928,M. Lewis,2024-25,Maxwell Lewis,28.0,11.7,4.1,0.7,0.164,0.091,-9.6,13.8,7.9,F,-0.004737748586531852
BKN_24,BKN,24,1641727,D. Whitehead,0.0115249472944483,0.0041306870774661,56.10006243635047,D. Whitehead,2024-25,Dariq Whitehead,20.0,12.3,5.7,0.6,0.189,0.078,-11.1,16.5,9.5,G-F,-0.007035973858006739
BKN_24,BKN,24,1641730,N. Clowney,0.0503162333099086,0.0024120592438039,46.680765470045294,N. Clowney,2024-25,Noah Clowney,46.0,22.7,9.1,0.9,0.185,0.063,-12.3,34.4,20.1,F-C,-0.011362617970088777
BKN_24,BKN,24,1641736,R. Beekman,0.0158819395643007,0.0041858417940638,62.83740865280406,R. Beekman,2024-25,Reece Beekman,36.0,13.0,2.6,1.8,0.122,0.205,-12.0,25.3,10.5,G,-0.007002501830237337
BKN_24,BKN,24,1641787,T. Evbuomwan,0.0334504567814476,0.0080390145602194,69.59244914261086,T. Evbuomwan,2024-25,Tosan Evbuomwan,28.0,23.7,9.5,2.0,0.183,0.132,-5.0,34.4,20.5,F,-0.003933179297526738
BKN_24,BKN,24,203471,D. Schröder,0.0484891075193253,0.0101917937952611,93.08974486966082,D. Schröder,,,,,,,,,,,,Guard,-0.003337936425774655
BOS_24,BOS,24,1627759,J. Brown,0.1738590927891906,0.0221089530081967,119.0697973620142,J. Brown,2024-25,Jaylen Brown,63.0,34.3,22.2,4.5,0.282,0.204,9.5,57.1,30.4,G-F,-0.036230605921879384
BOS_24,BOS,24,1628369,J. Tatum,0.2077760926513167,0.0458371790402185,165.48590440515073,J. Tatum,2024-25,Jayson Tatum,72.0,36.4,26.8,6.0,0.301,0.266,9.8,84.9,45.0,F-G,-0.03439253497228252
BOS_24,BOS,24,1628401,D. White,0.1320832758858403,0.0043504944303971,96.80260657329003,D. White,2024-25,Derrick White,76.0,33.9,16.4,4.8,0.195,0.199,10.2,73.3,27.3,G,-0.03274377241747145
BOS_24,BOS,24,1628436,L. Kornet,0.0314352681648972,0.0201940786143123,163.1474713567483,L. Kornet,2024-25,Luke Kornet,73.0,18.6,6.0,1.6,0.111,0.115,14.9,19.1,13.3,C-F,0.008368462318404131
BOS_24,BOS,24,1629674,N. Queta,0.0256445608713635,0.0031558792235867,44.04914003041743,N. Queta,2024-25,Neemias Queta,62.0,13.9,5.0,0.7,0.136,0.076,9.1,14.0,9.2,C,-0.008330264225948361
BOS_24,BOS,24,1630202,P. Pritchard,0.1032676134013511,0.0076272555853771,86.65892369823601,P. Pritchard,2024-25,Payton Pritchard,80.0,28.4,14.3,3.5,0.186,0.184,9.5,51.2,20.1,G,-0.018490292068115796
BOS_24,BOS,24,1630573,S. Hauser,0.0562525851371846,0.0070616084015482,67.37889326950545,S. Hauser,2024-25,Sam Hauser,71.0,21.7,8.5,0.9,0.14,0.057,10.0,25.8,13.7,F,-0.007592226810575883
BOS_24,BOS,24,1631248,B. Scheierman,0.0135116503515786,0.0038296487637121,83.33827571898667,B. Scheierman,2024-25,Baylor Scheierman,31.0,12.4,3.6,1.1,0.143,0.12,4.1,13.2,7.9,G,-0.007338385305488939
BOS_24,BOS,24,1641775,J. Walsh,0.0099269267889149,0.0011972261353825,52.50187114400145,J. Walsh,2024-25,Jordan Walsh,52.0,7.8,1.6,0.4,0.11,0.064,3.8,9.1,4.6,G,-0.009978687082365724
BOS_24,BOS,24,201143,A. Horford,0.0606645525989245,0.0063981260943635,67.07662819306375,A. Horford,2024-25,Al Horford,60.0,27.6,9.0,2.1,0.136,0.102,11.5,36.4,21.4,C-F,-0.0089916544075682
BOS_24,BOS,24,201950,J. Holiday,0.0767958086309113,0.0013351962070417,37.14954366926232,J. Holiday,2024-25,Jrue Holiday,62.0,30.6,11.1,3.9,0.156,0.174,8.9,46.5,20.8,G,-0.017344517246020395
BOS_24,BOS,24,204001,K. Porziņģis,0.0818971460085481,0.0046999618739865,56.51995675632357,K. Porziņģis,2024-25,Kristaps Porziņģis,42.0,28.8,19.5,2.1,0.253,0.113,5.8,39.0,28.9,F-C,-0.01521598516535777
CHA_24,CHA,24,1628970,M. Bridges,0.1558876938119849,0.0065570893083888,71.68636679036224,M. Bridges,2024-25,Miles Bridges,64.0,31.7,20.3,3.9,0.273,0.203,-5.5,63.2,32.8,F,-0.04186958974867651
CHA_24,CHA,24,1628998,C. Martin,0.0385528705126414,0.0010321627792743,31.772632572836905,C. Martin,,,,,,,,,,,,Forward,-0.011376821515103283
CHA_24,CHA,24,1629006,J. Okogie,0.0163430646738371,0.0080198996330769,61.549005630737824,J. Okogie,2024-25,Josh Okogie,40.0,15.6,7.1,0.8,0.185,0.082,-0.5,21.8,12.9,G,-0.003174755614837632
CHA_24,CHA,24,1629610,D. Jeffries,0.0395306607068026,0.0012036891135438,30.737835948296112,D. Jeffries,2024-25,DaQuan Jeffries,47.0,22.8,6.7,1.1,0.136,0.073,-11.6,25.9,15.6,G-F,-0.011299747146214126
CHA_24,CHA,24,1629684,G. Williams,0.0162033803603855,0.0010278844402114,21.913320002636706,G. Williams,2024-25,Grant Williams,16.0,29.9,10.4,2.3,0.146,0.107,1.6,36.8,23.4,F,-0.010164777709245947
CHA_24,CHA,24,1630163,L. Ball,0.1385668389439865,0.0038906856634457,91.42545313441936,L. Ball,2024-25,LaMelo Ball,47.0,32.0,25.2,7.4,0.342,0.39,-3.9,85.0,33.5,G,-0.03608713392995041
CHA_24,CHA,24,1630182,J. Green,0.0597848861572845,0.005836498793712,62.31205523929301,J. Green,2024-25,Josh Green,68.0,27.8,7.4,1.6,0.115,0.081,-8.9,29.6,18.3,G,-0.009400929793187476
CHA_24,CHA,24,1630208,N. Richards,0.0174605391814499,0.001083752551087,25.21564414018027,N. Richards,,,,,,,,,,,,Center,-0.010129387370499465
CHA_24,CHA,24,1630544,T. Mann,0.0208129627042883,0.0010641692430907,37.90541396774693,T. Mann,2024-25,Tre Mann,13.0,24.5,14.1,3.0,0.25,0.219,-7.3,50.5,21.5,G,-0.01023151681699897
CHA_24,CHA,24,1631109,M. Williams,0.0560134096940913,0.0275379493934224,146.9134007522667,M. Williams,2024-25,Mark Williams,44.0,26.6,15.3,2.5,0.21,0.154,-12.7,38.1,28.2,C,0.012921998989095367
CHA_24,CHA,24,1631111,W. Moore Jr.,0.0097779019416119,0.0042196521408991,45.8943868807715,W. Moore Jr.,2024-25,Wendell Moore Jr.,36.0,13.9,4.2,1.2,0.133,0.13,-12.4,21.3,10.3,G,-0.0069575946123503355
CHA_24,CHA,24,1631209,I. Wong,0.0155049587931275,0.001306855189441,26.269966636093777,I. Wong,2024-25,Isaiah Wong,20.0,13.3,6.0,1.4,0.22,0.187,-2.6,25.3,12.1,Guard,-0.009876899753569769
CHA_24,CHA,24,1631217,M. Diabaté,0.035898868557061,0.0045304994611441,46.48845693114709,M. Diabaté,2024-25,Moussa Diabaté,71.0,17.5,5.7,0.8,0.13,0.069,-3.4,19.2,14.2,F,-0.007639541653070069
CHA_24,CHA,24,1641706,B. Miller,0.0677468920240257,0.0048785166858805,66.1218949238842,B. Miller,2024-25,Brandon Miller,27.0,34.2,21.0,3.6,0.27,0.182,-6.8,70.8,39.0,F,-0.011839823817521376
CHA_24,CHA,24,1641733,N. Smith Jr.,0.0769660567118312,0.0022830892242863,40.76240433048318,N. Smith Jr.,2024-25,Nick Smith Jr.,60.0,22.8,9.9,2.4,0.205,0.169,-14.3,44.9,21.7,G,-0.016436363541089103
CHA_24,CHA,24,1641878,D. Baugh,0.0178795921218047,0.0007239086855765,19.7031885058678,D. Baugh,2024-25,Damion Baugh,15.0,24.7,7.3,3.7,0.186,0.235,-22.3,52.5,22.6,G,-0.010497327103060224
CHA_24,CHA,24,1642275,T. Salaün,0.0466545606928342,0.007539270776496,59.34823002646517,T. Salaün,2024-25,Tidjane Salaün,60.0,20.7,5.9,1.2,0.15,0.092,-11.9,31.3,15.7,F,-0.005756662500507402
CHA_24,CHA,24,1642354,K. Simpson,0.0370163430646738,0.0011062345859353,30.246984687013168,K. Simpson,2024-25,KJ Simpson,36.0,23.4,7.8,3.1,0.188,0.21,-15.4,49.9,19.9,G,-0.011161309877955753
CHA_24,CHA,24,201959,T. Gibson,0.0120128509568375,0.0012560608769798,25.171547026071945,T. Gibson,2024-25,Taj Gibson,37.0,11.1,2.9,0.6,0.132,0.081,-13.8,10.8,8.2,F,-0.009909615179781886
CHA_24,CHA,24,203552,S. Curry,0.0419052940354798,0.0012544060798654,32.84772866919915,S. Curry,2024-25,Seth Curry,68.0,15.6,6.5,0.9,0.151,0.087,-8.0,21.9,13.9,G,-0.011492806211802835
CHA_24,CHA,24,203994,J. Nurkić,0.0277971783768682,0.0050411118996767,49.69468529245994,J. Nurkić,2024-25,Jusuf Nurkić,51.0,20.8,8.9,2.3,0.202,0.167,-9.0,40.6,24.8,C,-0.006557067202481391
CHA_24,CHA,24,203995,V. Micić,0.0375750803184802,0.0018184140028464,30.06702710740227,V. Micić,,,,,,,,,,,,?,-0.010499575393226056
CHI_24,CHI,24,1628366,L. Ball,0.029663810151615,0.0046138253676827,21.84782056673088,L. Ball,2024-25,Lonzo Ball,35.0,22.2,7.6,3.3,0.152,0.187,5.5,41.7,18.7,G,-0.007095068975342668
CHI_24,CHI,24,1628380,Z. Collins,0.0216216216216216,0.0094778780942548,32.03578165335633,Z. Collins,2024-25,Zach Collins,64.0,15.3,6.4,1.7,0.166,0.162,-0.4,26.7,18.7,F-C,-0.0018438029980652974
CHI_24,CHI,24,1628975,J. Carter,0.0160843770599868,0.0041201651748286,20.704124490101982,J. Carter,2024-25,Jevon Carter,36.0,8.9,4.3,1.1,0.2,0.166,3.3,14.3,7.6,G,-0.007070854622272901
CHI_24,CHI,24,1628989,K. Huerter,0.0370468029004614,0.0026019129488813,16.75119082902518,K. Huerter,2024-25,Kevin Huerter,69.0,24.3,9.9,2.3,0.171,0.124,2.8,38.8,23.2,G-F,-0.009668352453095014
CHI_24,CHI,24,1629632,C. White,0.1541199736321687,0.0232389818707526,48.90607452808489,C. White,2024-25,Coby White,74.0,33.1,20.4,4.5,0.237,0.197,-2.5,61.1,28.8,G,-0.024275722117663767
CHI_24,CHI,24,1629659,T. Horton-Tucker,0.0413974950560316,0.0046611683843426,23.2306186055355,T. Horton-Tucker,2024-25,Talen Horton-Tucker,58.0,12.5,6.5,1.4,0.208,0.162,1.7,21.8,10.7,G,-0.008032200187767381
CHI_24,CHI,24,1630172,P. Williams,0.0617007251153592,0.0015374764895332,17.91841536078834,P. Williams,2024-25,Patrick Williams,63.0,25.0,9.0,2.0,0.165,0.106,-4.8,37.2,19.0,F,-0.014035350690067104
CHI_24,CHI,24,1630188,J. Smith,0.0512854317732366,0.0149771808956896,42.52829700589097,J. Smith,2024-25,Jalen Smith,64.0,15.0,8.2,1.0,0.201,0.101,-1.2,26.6,16.6,F-C,0.0010676717105208133
CHI_24,CHI,24,1630200,T. Jones,0.0187211601845748,0.0068308856252652,27.498903399922728,T. Jones,2024-25,Tre Jones,46.0,19.7,7.2,4.2,0.136,0.289,-1.5,41.4,15.6,G,-0.004408526836273984
CHI_24,CHI,24,1630245,A. Dosunmu,0.0631509558338826,0.0062485729011578,29.05852727150709,A. Dosunmu,2024-25,Ayo Dosunmu,46.0,30.3,12.3,4.5,0.163,0.21,-7.7,56.5,27.1,G,-0.009586966268065754
CHI_24,CHI,24,1630581,J. Giddey,0.1169413315754779,0.0105904534595144,38.67078959037047,J. Giddey,2024-25,Josh Giddey,70.0,30.2,14.6,7.2,0.214,0.322,-1.4,78.0,31.1,G,-0.020361478815316095
CHI_24,CHI,24,1631207,D. Terry,0.0366512854317732,0.0053089469952224,25.16619760345537,D. Terry,2024-25,Dalen Terry,73.0,13.5,4.5,1.3,0.142,0.136,-7.6,22.4,11.8,F,-0.006926248382184557
CHI_24,CHI,24,1641763,J. Phillips,0.0334871456822676,0.0066694554812741,28.735253217009987,J. Phillips,2024-25,Julian Phillips,79.0,14.2,4.6,0.5,0.126,0.045,1.8,15.4,9.0,F,-0.005305543099507492
CHI_24,CHI,24,1641824,M. Buzelis,0.073829927488464,0.0044992101138483,24.65210542967333,M. Buzelis,2024-25,Matas Buzelis,80.0,18.9,8.6,1.0,0.181,0.072,-1.7,25.2,14.0,F,-0.01350502371451745
CHI_24,CHI,24,202696,N. Vučević,0.1318391562294001,0.2180464975364995,143.71021553593985,N. Vučević,2024-25,Nikola Vučević,73.0,31.2,18.5,3.5,0.221,0.165,-2.4,65.0,48.2,C,0.18105783315255136
CHI_24,CHI,24,203897,Z. LaVine,0.1003295978905735,0.1244542205210351,109.28379508903906,Z. LaVine,,,,,,,,,,,,Guard,0.09928717921318762
CLE_24,CLE,24,1627747,C. LeVert,0.0425617078052034,0.0030386461425957,39.61844043085986,C. LeVert,,,,,,,,,,,,Guard,-0.0097795496648765
CLE_24,CLE,24,1627777,G. Niang,0.0466977985323549,0.0040707166149666,36.008457100776006,G. Niang,,,,,,,,,,,,Forward,-0.009230586916476269
CLE_24,CLE,24,1628378,D. Mitchell,0.1890593729152768,0.0541101587001766,126.51335350431172,D. Mitchell,2024-25,Donovan Mitchell,71.0,31.4,24.0,5.0,0.298,0.238,10.5,60.3,23.4,G,-0.013525355607232864
CLE_24,CLE,24,1628386,J. Allen,0.0887258172114743,0.1096850958085023,194.6225434741244,J. Allen,2024-25,Jarrett Allen,82.0,28.0,13.5,1.9,0.156,0.091,10.5,36.9,23.5,C,0.08796703474431983
CLE_24,CLE,24,1629622,M. Strus,0.0448298865910607,0.0057447254600689,41.923179059178615,M. Strus,2024-25,Max Strus,50.0,25.5,9.4,3.2,0.143,0.157,7.9,41.6,21.2,G-F,-0.007330740541826023
CLE_24,CLE,24,1629631,D. Hunter,0.0368245496997998,0.0048926297061133,38.37904094996989,D. Hunter,2024-25,De'Andre Hunter,64.0,27.2,17.0,1.4,0.221,0.077,2.0,37.3,21.3,F-G,-0.007357859169278068
CLE_24,CLE,24,1629636,D. Garland,0.1603735823882588,0.0379264748837835,105.90939089568786,D. Garland,2024-25,Darius Garland,75.0,30.7,20.6,6.7,0.265,0.309,9.9,63.9,24.2,G,-0.012865213381062397
CLE_24,CLE,24,1629660,T. Jerome,0.0827218145430286,0.0077310339462054,48.36212752264655,T. Jerome,2024-25,Ty Jerome,70.0,19.9,12.5,3.4,0.229,0.241,9.9,40.3,15.9,G-F,-0.012393594738425492
CLE_24,CLE,24,1629731,D. Wade,0.0314876584389593,0.0048083486147917,38.24663639266847,D. Wade,2024-25,Dean Wade,59.0,21.2,5.4,1.3,0.101,0.073,10.7,26.9,13.7,F-C,-0.007020892446651809
CLE_24,CLE,24,1629750,J. Green,0.0072048032021347,0.0039466976307424,51.72116332495347,J. Green,2024-25,Javonte Green,68.0,18.5,5.1,0.8,0.113,0.059,-7.8,26.1,11.7,G,-0.007266237678425869
CLE_24,CLE,24,1630171,I. Okoro,0.0338892595063375,0.0074886890482434,50.32012015752312,I. Okoro,2024-25,Isaac Okoro,55.0,19.1,6.1,1.2,0.124,0.078,12.5,19.4,12.2,F-G,-0.004517368572708248
CLE_24,CLE,24,1630241,S. Merrill,0.0492328218812541,0.0116157826920814,64.44189737706583,S. Merrill,2024-25,Sam Merrill,71.0,19.7,7.2,1.5,0.14,0.099,10.3,22.7,14.3,G,-0.002012194144345534
CLE_24,CLE,24,1630596,E. Mobley,0.1278185456971314,0.01064955345961,111.52818120103706,E. Mobley,2024-25,Evan Mobley,71.0,30.5,18.5,3.2,0.226,0.149,11.9,57.9,28.6,C,-0.024630856331938844
CLE_24,CLE,24,1641854,C. Porter Jr.,0.0189459639759839,0.0026019915620875,35.97320501322748,C. Porter Jr.,2024-25,Craig Porter Jr.,51.0,10.1,3.7,1.4,0.155,0.191,-5.2,18.1,7.3,G,-0.00864270975136316
CLE_24,CLE,24,1642281,J. Tyson,0.0177451634422948,0.003142316431792,39.06435585348967,J. Tyson,2024-25,Jaylon Tyson,47.0,9.6,3.6,0.9,0.164,0.135,-0.4,13.9,7.1,G-F,-0.008076253095204704
CLE_24,CLE,24,202684,T. Thompson,0.0082721814543028,0.0054042952220791,46.01506869420454,T. Thompson,2024-25,Tristan Thompson,40.0,8.2,1.7,0.6,0.123,0.109,-12.5,14.0,9.1,C-F,-0.005790929995731577
DAL_24,DAL,24,1628467,M. Kleber,0.0137703112090333,0.0028461147461574,53.47292930369235,M. Kleber,,,,,,,,,,,,Forward,-0.008323148134926208
DAL_24,DAL,24,1628997,C. Martin,0.0111539520793169,0.0060415589457402,60.12312504130049,C. Martin,2024-25,Caleb Martin,45.0,27.1,7.9,2.1,0.143,0.116,-6.3,38.0,18.4,F,-0.005126426976491889
DAL_24,DAL,24,1629023,P. Washington,0.0990085375929496,0.003714840697759,57.95281700501979,P. Washington,2024-25,P.J. Washington,57.0,32.2,14.7,2.3,0.198,0.098,1.1,53.5,20.8,F,-0.021034983801314473
DAL_24,DAL,24,1629029,L. Dončić,0.0645827595703662,0.0234754041496876,117.42249041688233,L. Dončić,,,,,,,,,,,,Forward-Guard,0.007373030552603233
DAL_24,DAL,24,1629655,D. Gafford,0.0545304323877719,0.0131579515480267,88.44359133830379,D. Gafford,2024-25,Daniel Gafford,57.0,21.5,12.3,1.4,0.186,0.097,1.5,33.2,19.8,F-C,-0.0012277162102421676
DAL_24,DAL,24,1629656,Q. Grimes,0.0501239328008813,0.0061768725896612,63.98594383619458,Q. Grimes,,,,,,,,,,,,Guard,-0.007571456174610577
DAL_24,DAL,24,1630230,N. Marshall,0.1010740842743046,0.004785294874896,118.22046874993462,N. Marshall,2024-25,Naji Marshall,69.0,27.8,13.2,3.0,0.197,0.161,-3.2,46.6,21.4,F,-0.02061965008058899
DAL_24,DAL,24,1630314,B. Williams,0.0265767006334343,0.004333914221112,54.973549928757,B. Williams,2024-25,Brandon Williams,33.0,14.8,8.3,2.3,0.218,0.228,0.7,29.6,10.8,G,-0.007198686775438877
DAL_24,DAL,24,1630556,K. Edwards,0.0172128890112916,0.0017748062229938,42.14887508761692,K. Edwards,2024-25,Kessler Edwards,40.0,15.2,4.2,1.1,0.11,0.09,-12.3,22.2,11.1,F,-0.009433847745726698
DAL_24,DAL,24,1630702,J. Hardy,0.0557697603965849,0.00323751679125,67.19235684064232,J. Hardy,2024-25,Jaden Hardy,57.0,15.9,8.7,1.4,0.244,0.138,-3.2,25.0,11.1,G,-0.011340052844727295
DAL_24,DAL,24,1631108,M. Christie,0.0429633709721839,0.0021305244201939,48.46436908402398,M. Christie,2024-25,Max Christie,78.0,27.3,9.6,1.9,0.15,0.093,-1.7,35.5,19.1,G,-0.010731874949577789
DAL_24,DAL,24,1641726,D. Lively II,0.0269898099697053,0.0040518515365942,60.17327701277156,D. Lively II,2024-25,Dereck Lively II,36.0,23.1,8.7,2.4,0.132,0.143,7.7,35.3,22.1,C,-0.007502343438002096
DAL_24,DAL,24,1641765,O. Prosper,0.0258881850729826,0.0020216429159245,54.93101170590157,O. Prosper,2024-25,Olivier-Maxence Prosper,52.0,11.2,3.9,0.8,0.158,0.101,-7.7,15.4,7.8,F,-0.009476339421894495
DAL_24,DAL,24,202681,K. Irving,0.1316441751583585,0.0125084511351567,117.34729228073066,K. Irving,2024-25,Kyrie Irving,50.0,36.1,24.7,4.6,0.264,0.198,2.6,69.3,32.5,G,-0.02439602218231312
DAL_24,DAL,24,202691,K. Thompson,0.1166345359405122,0.0289025984190428,131.0431741235168,K. Thompson,2024-25,Klay Thompson,72.0,27.3,14.0,2.0,0.214,0.104,-2.4,31.5,22.5,G,-0.0019334510793344584
DAL_24,DAL,24,203076,A. Davis,0.0209308730377306,0.0030164347922851,44.61388501043826,A. Davis,2024-25,Anthony Davis,51.0,33.4,24.7,3.5,0.301,0.182,0.5,73.7,43.3,F-C,-0.008282894345251342
DAL_24,DAL,24,203915,S. Dinwiddie,0.0963921784632332,0.0047163952938475,96.95895471367184,S. Dinwiddie,2024-25,Spencer Dinwiddie,79.0,27.0,11.0,4.4,0.175,0.228,-5.0,47.3,18.2,G,-0.019225756530974067
DAL_24,DAL,24,203939,D. Powell,0.0078490773891489,0.0032447818615023,51.22177029326238,D. Powell,2024-25,Dwight Powell,55.0,10.0,2.1,1.0,0.073,0.13,-1.1,14.0,8.4,F-C,-0.00795697072074581
DAL_24,DAL,24,203957,D. Exum,0.0188653263563756,0.0033985277553085,47.72281939220804,D. Exum,2024-25,Dante Exum,20.0,18.6,8.7,2.8,0.193,0.22,-6.0,38.0,13.7,G,-0.007844255417394115
DEN_24,DEN,24,1627750,J. Murray,0.1493704440026507,0.0850728501783716,89.52372359732557,J. Murray,2024-25,Jamal Murray,67.0,36.1,21.4,6.0,0.235,0.223,6.5,68.6,32.6,G,0.039952487576291905
DEN_24,DEN,24,1629008,M. Porter Jr.,0.1343936381709741,0.0243955161339561,49.52176961596113,M. Porter Jr.,2024-25,Michael Porter Jr.,77.0,33.7,18.2,2.1,0.197,0.084,4.4,46.0,28.7,F,-0.01370884854843896
DEN_24,DEN,24,1629618,J. Pickett,0.0226640159045725,0.0021594474996546,17.75585309966183,J. Pickett,2024-25,Jalen Pickett,49.0,13.6,4.1,2.2,0.13,0.211,2.9,24.0,10.5,G,-0.009199230737198142
DEN_24,DEN,24,1630192,Z. Nnaji,0.0170974155069582,0.0018852980218072,15.071229490939915,Z. Nnaji,2024-25,Zeke Nnaji,57.0,10.7,3.2,0.4,0.119,0.051,-1.6,9.5,6.0,F-C,-0.009321340061063697
DEN_24,DEN,24,1631124,J. Strawther,0.0670642809807819,0.0059946219087085,30.58432585771923,J. Strawther,2024-25,Julian Strawther,65.0,21.3,9.0,1.3,0.173,0.082,-2.5,27.1,16.6,G,-0.010587771060173563
DEN_24,DEN,24,1631128,C. Braun,0.1153081510934393,0.0590010119265291,76.78183557488566,C. Braun,2024-25,Christian Braun,79.0,33.9,15.4,2.6,0.155,0.096,8.2,44.4,24.7,G,0.028662047778185023
DEN_24,DEN,24,1631212,P. Watson,0.0637508283631544,0.0132193224519054,35.74746441055392,P. Watson,2024-25,Peyton Watson,68.0,24.3,8.1,1.4,0.138,0.073,0.0,30.4,14.3,G,-0.002727108158972459
DEN_24,DEN,24,1641816,H. Tyson,0.015506958250497,0.002160532067904,17.25917500113341,H. Tyson,2024-25,Hunter Tyson,51.0,7.8,2.6,0.4,0.146,0.074,-10.2,8.7,5.5,F,-0.009023245857353087
DEN_24,DEN,24,201566,R. Westbrook,0.1092113982770046,0.0172309645936151,45.55648123885484,R. Westbrook,2024-25,Russell Westbrook,75.0,27.9,13.3,6.1,0.23,0.289,-0.6,58.4,26.7,G,-0.010904959888712661
DEN_24,DEN,24,201599,D. Jordan,0.0153744201457919,0.0500659732403252,68.8887268105786,D. Jordan,2024-25,DeAndre Jordan,56.0,12.3,3.7,0.9,0.126,0.105,-3.3,16.9,10.2,C,0.038883687460111616
DEN_24,DEN,24,203932,A. Gordon,0.0650762094102054,0.007544293328324,27.588083358698096,A. Gordon,2024-25,Aaron Gordon,51.0,28.4,14.7,3.2,0.186,0.143,9.5,41.9,22.2,F,-0.008651758363167342
DEN_24,DEN,24,203967,D. Šarić,0.0071570576540755,0.0026036973313201,23.574736778843928,D. Šarić,,,,,,,,,,,,F-C,-0.008610126437992636
DEN_24,DEN,24,203999,N. Jokić,0.2034459907223326,0.1446763674355945,115.53695254154503,N. Jokić,2024-25,Nikola Jokić,70.0,36.7,29.6,10.2,0.285,0.398,10.5,104.7,56.2,C,0.06747294119906846
DET_24,DET,24,1627736,M. Beasley,0.1415376256452051,0.0304260781000089,136.96884608411727,M. Beasley,2024-25,Malik Beasley,82.0,27.8,16.3,1.7,0.215,0.089,3.1,36.3,26.1,G,-0.01092377305176373
DET_24,DET,24,1630191,I. Stewart,0.0391198044009779,0.0067836272693103,62.984879327877785,I. Stewart,2024-25,Isaiah Stewart,72.0,19.9,6.0,1.7,0.121,0.12,0.5,25.0,15.3,F-C,-0.005679700227214778
DET_24,DET,24,1630194,P. Reed,0.0173865797337679,0.0037554965577123,42.460428373749984,P. Reed,2024-25,Paul Reed,45.0,9.7,4.1,1.0,0.179,0.141,5.6,14.9,8.9,F,-0.00745628043210351
DET_24,DET,24,1630595,C. Cunningham,0.2008964955175224,0.0521671628057166,152.9254569197884,C. Cunningham,2024-25,Cade Cunningham,70.0,35.0,26.1,9.1,0.323,0.409,2.8,90.6,35.4,G,-0.023286143821714712
DET_24,DET,24,1631093,J. Ivey,0.0619396903015484,0.0059043414234667,62.591887738855306,J. Ivey,2024-25,Jaden Ivey,30.0,29.9,17.6,4.0,0.256,0.207,-4.1,59.4,28.5,G,-0.009711251431974986
DET_24,DET,24,1631105,J. Duren,0.071855474055963,0.1721338288700984,259.10430679405704,J. Duren,2024-25,Jalen Duren,78.0,26.1,11.8,2.7,0.161,0.141,1.5,44.5,21.4,C,0.1545616413618991
DET_24,DET,24,1631111,W. Moore Jr.,0.0077424612876935,0.0067030611192958,51.108963957622834,W. Moore Jr.,,,,,,,,,,,,Guard,-0.004500438371386877
DET_24,DET,24,1631204,M. Sasser,0.0389839717468079,0.0067313951944912,58.72873206691997,M. Sasser,2024-25,Marcus Sasser,57.0,14.2,6.6,2.3,0.187,0.239,2.9,30.4,12.2,G,-0.005718806252573169
DET_24,DET,24,1631323,S. Fontecchio,0.0503939146970931,0.0061698001637111,70.54378932765697,S. Fontecchio,2024-25,Simone Fontecchio,75.0,16.5,5.9,0.9,0.152,0.071,1.2,22.9,12.5,F,-0.007615558642520438
DET_24,DET,24,1641709,A. Thompson,0.0660146699266503,0.0161392490047286,91.93095828715512,A. Thompson,2024-25,Ausar Thompson,59.0,22.5,10.1,2.3,0.185,0.139,4.0,32.7,15.8,G-F,-0.0002373925378021946
DET_24,DET,24,1641842,R. Holland II,0.0616680249932083,0.0084714171301851,79.4350086634623,R. Holland II,2024-25,Ronald Holland II,81.0,15.6,6.4,1.0,0.177,0.095,-1.0,22.3,10.8,F,-0.007095574032675817
DET_24,DET,24,202699,T. Harris,0.1021461559358869,0.0225795190303367,91.61563063707987,T. Harris,2024-25,Tobias Harris,73.0,31.6,13.7,2.2,0.173,0.095,3.9,45.4,26.1,F,-0.003171531726316977
DET_24,DET,24,203471,D. Schröder,0.0358598207008964,0.0070652463618616,78.26917478652102,D. Schröder,2024-25,Dennis Schröder,75.0,28.1,13.1,5.4,0.211,0.287,-0.9,70.3,29.1,G,-0.0051014693441733885
DET_24,DET,24,203501,T. Hardaway Jr.,0.0938603640315131,0.0213277387187547,114.59650501553034,T. Hardaway Jr.,2024-25,Tim Hardaway Jr.,77.0,28.0,11.0,1.6,0.151,0.074,-0.5,30.2,19.2,G-F,-0.0018564046848630264
GSW_24,GSW,24,1626172,K. Looney,0.0245104751471997,0.0120155595063872,40.49716752053335,K. Looney,2024-25,Kevon Looney,76.0,15.0,4.5,1.6,0.125,0.143,5.6,27.2,17.7,F,0.0005817019981761637
GSW_24,GSW,24,1627741,B. Hield,0.0968095303300013,0.0160351182775485,51.063938526177104,B. Hield,2024-25,Buddy Hield,82.0,22.7,11.1,1.6,0.196,0.106,2.2,40.7,24.6,G,-0.008034211221070418
GSW_24,GSW,24,1627780,G. Payton II,0.0390250581952622,0.0150578432124137,58.42408590368496,G. Payton II,2024-25,Gary Payton II,62.0,15.0,6.5,1.3,0.156,0.132,3.4,25.4,14.3,G,0.002603678456431599
GSW_24,GSW,24,1629001,D. Melton,0.0072572915240312,0.0026019312733692,33.304201371309695,D. Melton,,,,,,,,,,,,Guard,-0.008610036832848137
GSW_24,GSW,24,1630228,J. Kuminga,0.0795563467068328,0.0042858863729381,24.17186852671851,J. Kuminga,2024-25,Jonathan Kuminga,47.0,24.3,15.3,2.2,0.271,0.151,1.0,45.9,25.4,F,-0.015051119881061076
GSW_24,GSW,24,1630311,P. Spencer,0.0145145830480624,0.0031533271176117,20.73793982119355,P. Spencer,2024-25,Pat Spencer,39.0,6.4,2.5,1.2,0.204,0.274,-2.8,16.2,7.0,G,-0.008020821104599379
GSW_24,GSW,24,1630322,L. Waters III,0.0257428454059975,0.001784965180534,20.49773197119995,L. Waters III,,,,,,,,,,,,Forward,-0.009705928568021997
GSW_24,GSW,24,1630541,M. Moody,0.0768177461317266,0.0105200908661794,45.067434572713374,M. Moody,2024-25,Moses Moody,74.0,22.3,9.8,1.3,0.17,0.084,4.3,27.3,19.8,G,-0.008164737356720813
GSW_24,GSW,24,1630611,G. Santos,0.0249212652334657,0.0033437201987729,22.13756601820919,G. Santos,2024-25,Gui Santos,56.0,13.6,4.1,1.4,0.126,0.138,10.6,21.4,13.4,F,-0.008108539211814675
GSW_24,GSW,24,1631218,T. Jackson-Davis,0.0391619882240175,0.0912513001111031,127.98603538124055,T. Jackson-Davis,2024-25,Trayce Jackson-Davis,62.0,15.6,6.6,1.7,0.164,0.163,-3.5,29.7,20.6,F,0.07878388264738023
GSW_24,GSW,24,1641764,B. Podziemski,0.080104066821854,0.004045197899781,24.16254498332363,B. Podziemski,2024-25,Brandin Podziemski,64.0,26.8,11.7,3.4,0.177,0.194,6.6,56.8,28.6,G,-0.015425498241709697
GSW_24,GSW,24,1642366,Q. Post,0.0351910173901136,0.0046618621380457,25.16545573663027,Q. Post,2024-25,Quinten Post,42.0,16.3,8.1,1.3,0.197,0.131,2.4,29.7,19.7,C,-0.0074487525969516724
GSW_24,GSW,24,201939,S. Curry,0.171847186087909,0.0445321019058893,76.85528217988956,S. Curry,2024-25,Stephen Curry,70.0,32.2,24.5,6.0,0.286,0.284,5.7,68.1,30.5,G,-0.01263965389762483
GSW_24,GSW,24,202710,J. Butler III,0.0551828015883883,0.0041656438952716,24.57974881157845,J. Butler III,2024-25,Jimmy Butler III,55.0,31.7,17.5,5.4,0.203,0.26,6.3,63.1,39.2,F,-0.010320346699512614
GSW_24,GSW,24,203110,D. Green,0.0821580172531836,0.0103608986124232,42.29852103670896,D. Green,2024-25,Draymond Green,68.0,29.2,9.0,5.6,0.157,0.255,6.6,66.8,36.6,F,-0.009620795754686183
GSW_24,GSW,24,203471,D. Schröder,0.0340955771600712,0.0046129852678492,25.122746917598068,D. Schröder,,,,,,,,,,,,Guard,-0.0074092351621106054
GSW_24,GSW,24,203937,K. Anderson,0.0220457346296042,0.005904859341803,29.47223449690849,K. Anderson,,,,,,,,,,,,Guard,-0.005431400484656284
GSW_24,GSW,24,203952,A. Wiggins,0.0831165274544707,0.0082588351552492,33.4385055273808,A. Wiggins,,,,,,,,,,,,Guard,-0.011966545460022305
HOU_24,HOU,24,1627832,F. VanVleet,0.0946601941747572,0.0132343865073851,47.34746855502266,F. VanVleet,2024-25,Fred VanVleet,60.0,35.2,14.1,5.6,0.176,0.217,6.2,76.0,30.0,G,-0.010186716186448667
HOU_24,HOU,24,1628415,D. Brooks,0.1119201725997842,0.0192180421919144,52.43896030753508,D. Brooks,2024-25,Dillon Brooks,75.0,31.8,14.0,1.7,0.176,0.076,4.7,36.0,22.7,G-F,-0.00988009608803363
HOU_24,HOU,24,1628988,A. Holiday,0.0349244875943905,0.0081304167829122,34.157547814826486,A. Holiday,2024-25,Aaron Holiday,62.0,12.8,5.5,1.3,0.162,0.142,6.7,20.3,9.1,G,-0.003958291447066371
HOU_24,HOU,24,1629111,J. Landale,0.0167206040992448,0.0053006900750592,27.26032115276995,J. Landale,2024-25,Jock Landale,42.0,11.9,4.8,0.9,0.148,0.102,-2.1,15.5,10.4,C,-0.005899705171508664
HOU_24,HOU,24,1630224,J. Green,0.1980852211434735,0.070642848575589,99.37454863350384,J. Green,2024-25,Jalen Green,82.0,32.9,21.0,3.4,0.267,0.159,2.8,63.4,25.4,F,-0.0029078851027098257
HOU_24,HOU,24,1630224,J. Green,0.1980852211434735,0.070642848575589,99.37454863350384,J. Green,2024-25,Jeff Green,32.0,12.4,5.4,0.6,0.144,0.068,-3.9,13.9,8.6,F,-0.0029078851027098257
HOU_24,HOU,24,1630256,J. Tate,0.0183387270765911,0.0039170598945736,23.378674565658866,J. Tate,2024-25,Jae'Sean Tate,52.0,11.3,3.6,0.9,0.126,0.107,6.3,13.7,7.5,F,-0.007313775100809399
HOU_24,HOU,24,1630578,A. Sengun,0.1593851132686084,0.1567460883139347,142.23342965195386,A. Sengun,2024-25,Alperen Sengun,76.0,31.5,19.1,4.9,0.259,0.238,7.6,62.0,43.6,C,0.10648178195963023
HOU_24,HOU,24,1631095,J. Smith Jr.,0.0682308522114347,0.0094094218363908,42.28334334516386,J. Smith Jr.,2024-25,Jabari Smith Jr.,57.0,30.1,12.2,1.1,0.16,0.048,7.3,37.2,17.9,F,-0.007406323991544556
HOU_24,HOU,24,1631106,T. Eason,0.067017259978425,0.0136447333417513,48.98391982993569,T. Eason,2024-25,Tari Eason,57.0,24.9,12.0,1.5,0.185,0.082,5.6,36.1,17.5,F,-0.0029283570397403806
HOU_24,HOU,24,1631466,N. Williams,0.0079557713052858,0.005321676818628,30.963342416618502,N. Williams,2024-25,Nate Williams,20.0,7.3,3.3,0.5,0.212,0.079,-6.2,9.6,5.6,G,-0.0058783687271122265
HOU_24,HOU,24,1641708,A. Thompson,0.1070658036677454,0.0493816837159525,86.17294274126064,A. Thompson,2024-25,Amen Thompson,69.0,32.3,14.1,3.8,0.172,0.167,6.3,53.8,21.9,G-F,0.02198908899421995
HOU_24,HOU,24,1641715,C. Whitmore,0.0516450916936353,0.0046879202469675,30.895626881561995,C. Whitmore,2024-25,Cam Whitmore,51.0,16.2,9.4,1.0,0.231,0.09,1.1,20.5,11.2,F,-0.009272487829596176
HOU_24,HOU,24,1642263,R. Sheppard,0.0298004314994606,0.0073555754703233,34.60978928090032,R. Sheppard,2024-25,Reed Sheppard,52.0,12.6,4.4,1.4,0.171,0.153,-2.7,21.7,10.1,G,-0.004361917086224265
HOU_24,HOU,24,201145,J. Green,0.0151024811218985,0.0044689412574466,25.66826172319403,J. Green,2024-25,Jalen Green,82.0,32.9,21.0,3.4,0.267,0.159,2.8,63.4,25.4,F,-0.006710481831577508
HOU_24,HOU,24,201145,J. Green,0.0151024811218985,0.0044689412574466,25.66826172319403,J. Green,2024-25,Jeff Green,32.0,12.4,5.4,0.6,0.144,0.068,-3.9,13.9,8.6,F,-0.006710481831577508
HOU_24,HOU,24,203500,S. Adams,0.0136192017259978,0.0098916827517527,38.02054784322942,S. Adams,2024-25,Steven Adams,58.0,13.7,3.9,1.1,0.127,0.107,9.4,20.3,12.2,C,-0.0012768328754662241
IND_24,IND,24,1626167,M. Turner,0.1091596865711969,0.030113175519203,59.190470682071584,M. Turner,2024-25,Myles Turner,72.0,30.2,15.6,1.5,0.207,0.072,4.7,40.8,30.5,C-F,0.00199536204207695
IND_24,IND,24,1627783,P. Siakam,0.1637395298567954,0.0436296166397118,64.81347025007668,P. Siakam,2024-25,Pascal Siakam,78.0,32.7,20.2,3.4,0.237,0.155,5.5,55.8,35.0,F,-0.008984417785588839
IND_24,IND,24,1628418,T. Bryant,0.0326938665225614,0.015400234783502,42.44527658752909,T. Bryant,2024-25,Thomas Bryant,66.0,14.6,6.5,0.8,0.162,0.078,-3.5,21.3,13.8,C-F,0.0034847941845201746
IND_24,IND,24,1629614,A. Nembhard,0.0759254255606592,0.0037201751106105,18.980107374840458,A. Nembhard,2024-25,Andrew Nembhard,65.0,28.9,10.0,5.0,0.163,0.225,5.3,58.1,29.7,G-F,-0.014758011046045263
IND_24,IND,24,1630167,O. Toppin,0.0844366387462847,0.0177225058527042,45.328102175422615,O. Toppin,2024-25,Obi Toppin,79.0,19.6,10.5,1.6,0.191,0.116,-2.6,36.3,20.5,F,-0.0028439308158178522
IND_24,IND,24,1630169,T. Haliburton,0.1375303971899486,0.0332081817818156,62.71135301374573,T. Haliburton,2024-25,Tyrese Haliburton,73.0,33.6,18.6,9.2,0.21,0.384,3.5,93.4,37.4,G,-0.006298475240933618
IND_24,IND,24,1630174,A. Nesmith,0.0533639556876519,0.0047759835331097,28.830338166181345,A. Nesmith,2024-25,Aaron Nesmith,45.0,24.9,12.0,1.2,0.171,0.063,8.5,38.2,21.9,G-F,-0.009434136576464653
IND_24,IND,24,1631097,B. Mathurin,0.1244258308565252,0.0696350227555256,80.81828818010338,B. Mathurin,2024-25,Bennedict Mathurin,72.0,29.9,16.1,1.9,0.222,0.09,1.6,50.1,31.1,G-F,0.03575061843956066
IND_24,IND,24,1631245,Q. Jackson,0.0143204539313699,0.0024481597877334,15.572692862154712,Q. Jackson,2024-25,Quenton Jackson,28.0,13.6,5.8,1.9,0.167,0.193,0.8,26.1,13.0,G,-0.00872452109963842
IND_24,IND,24,1641716,J. Walker,0.0495811942718184,0.0029055938190447,17.703364200412068,J. Walker,2024-25,Jarace Walker,75.0,15.8,6.1,1.5,0.165,0.129,-5.0,25.9,15.7,F,-0.010769091762580589
IND_24,IND,24,1641767,B. Sheppard,0.0352607403404485,0.009453785356961,33.903469119886886,B. Sheppard,2024-25,Ben Sheppard,63.0,19.5,5.3,1.3,0.108,0.087,-2.2,27.7,16.5,G,-0.0026626024040325887
IND_24,IND,24,1642277,J. Furphy,0.0125641718454471,0.0018651843364143,13.584256453074415,J. Furphy,2024-25,Johnny Furphy,50.0,7.6,2.1,0.4,0.118,0.063,0.6,9.7,5.0,G,-0.00930041468627588
IND_24,IND,24,204456,T. McConnell,0.0860578222102134,0.0251850917841502,53.31573282690619,T. McConnell,2024-25,T.J. McConnell,79.0,17.9,9.1,4.4,0.226,0.359,-2.7,51.2,19.2,G,0.004191194867183664
LAC_24,LAC,24,1626181,N. Powell,0.1346045197740113,0.013968971341717,75.38933074315885,N. Powell,2024-25,Norman Powell,60.0,32.6,21.8,2.1,0.255,0.096,8.8,42.8,27.3,G,-0.024228552715028703
LAC_24,LAC,24,1627739,K. Dunn,0.0622881355932203,0.0152282869753516,68.12131013494783,K. Dunn,2024-25,Kris Dunn,74.0,24.1,6.4,2.8,0.126,0.153,7.8,44.0,15.6,G,-0.0004500343811489286
LAC_24,LAC,24,1627826,I. Zubac,0.1251412429378531,0.083472754955764,157.24803477441642,I. Zubac,2024-25,Ivica Zubac,80.0,32.8,16.8,2.7,0.192,0.121,9.4,54.0,32.1,C,0.049297441857322266
LAC_24,LAC,24,1627884,D. Jones Jr.,0.0848870056497175,0.0300437682465923,87.626274414018,D. Jones Jr.,2024-25,Derrick Jones Jr.,77.0,24.3,10.1,0.8,0.16,0.044,6.7,30.2,14.8,F,0.009359535884295393
LAC_24,LAC,24,1628964,M. Bamba,0.0117231638418079,0.0020403299601289,24.131084228191227,M. Bamba,,,,,,,,,,,,Center,-0.009125827042984617
LAC_24,LAC,24,1629599,A. Coffey,0.0734463276836158,0.0146582805981387,66.77124814557027,A. Coffey,2024-25,Amir Coffey,72.0,24.3,9.7,1.1,0.15,0.065,-1.4,25.4,15.6,G-F,-0.003260911312794183
LAC_24,LAC,24,1629611,T. Mann,0.0257062146892655,0.0040230104009272,40.37008306478359,T. Mann,,,,,,,,,,,,Guard-Forward,-0.007466108824650666
LAC_24,LAC,24,1629645,K. Porter Jr.,0.0615819209039548,0.0035848930022532,30.45867873008633,K. Porter Jr.,,,,,,,,,,,,Guard-Forward,-0.011966749589974846
LAC_24,LAC,24,1630538,B. Hyland,0.0162429378531073,0.0014960785401278,21.10990092598504,B. Hyland,,,,,,,,,,,,Guard,-0.009697140878180492
LAC_24,LAC,24,1641738,K. Brown,0.0091807909604519,0.0009792093922993,19.689419385976503,K. Brown,2024-25,Kobe Brown,40.0,6.8,1.9,0.6,0.134,0.137,-8.7,10.2,4.5,F,-0.010204186043712954
LAC_24,LAC,24,1641757,J. Miller,0.0190677966101694,0.0020196664254443,22.84020862964424,J. Miller,2024-25,Jordan Miller,37.0,11.4,4.1,0.9,0.175,0.124,-6.0,17.1,8.8,G,-0.009227977539142534
LAC_24,LAC,24,201587,N. Batum,0.0306497175141242,0.0097929014885516,51.521350097033725,N. Batum,2024-25,Nicolas Batum,78.0,17.5,4.0,1.1,0.087,0.082,5.9,22.8,11.1,G-F,-0.0019795543942801846
LAC_24,LAC,24,201935,J. Harden,0.1963276836158192,0.0817412506533713,155.77697515389283,J. Harden,2024-25,James Harden,79.0,35.3,22.8,8.7,0.286,0.365,6.2,81.9,31.8,G,0.009365439805968323
LAC_24,LAC,24,202695,K. Leonard,0.0877118644067796,0.0055012816474723,38.55960335131314,K. Leonard,2024-25,Kawhi Leonard,37.0,31.9,21.5,3.1,0.28,0.147,12.4,50.6,27.8,F,-0.01593853375633232
LAC_24,LAC,24,203992,B. Bogdanović,0.0350282485875706,0.0018949205246252,23.22477453557757,B. Bogdanović,2024-25,Bogdan Bogdanović,54.0,25.0,10.8,2.7,0.183,0.152,2.7,39.2,22.0,G,-0.01020228545075636
LAL_24,LAL,24,1626156,D. Russell,0.0449923387658448,0.0009840239090814,14.373366875811806,D. Russell,,,,,,,,,,,,Guard,-0.01211058226462925
LAL_24,LAL,24,1627827,D. Finney-Smith,0.0364953336119236,0.0058152571858312,42.64301713865706,D. Finney-Smith,2024-25,Dorian Finney-Smith,63.0,28.9,8.7,1.4,0.123,0.066,8.8,36.4,20.1,F,-0.006406265633042564
LAL_24,LAL,24,1629003,S. Milton,0.0132330408134837,0.000944017117238,14.03564319973582,S. Milton,2024-25,Shake Milton,57.0,14.7,5.5,1.8,0.162,0.184,-6.9,26.8,12.8,G,-0.010222964000151394
LAL_24,LAL,24,1629020,J. Vanderbilt,0.0143474021451455,0.0017689353300168,21.43067287795099,J. Vanderbilt,2024-25,Jarred Vanderbilt,36.0,16.1,4.1,1.1,0.116,0.094,3.3,20.8,10.3,F,-0.009403941101579239
LAL_24,LAL,24,1629029,L. Dončić,0.0709012397269814,0.0102275050125294,45.74621082595372,L. Dončić,2024-25,Luka Dončić,50.0,35.4,28.2,7.7,0.328,0.342,9.1,81.4,35.8,F-G,-0.00714093126583292
LAL_24,LAL,24,1629060,R. Hachimura,0.0789803593815294,0.0040590045843106,29.15132922490618,R. Hachimura,2024-25,Rui Hachimura,59.0,31.7,13.1,1.4,0.156,0.063,3.9,36.8,20.9,F,-0.015138582379532315
LAL_24,LAL,24,1629216,G. Vincent,0.0546037052514277,0.0030886448996505,41.58102756409491,G. Vincent,2024-25,Gabe Vincent,72.0,21.2,6.4,1.4,0.131,0.09,1.1,29.1,14.1,G,-0.01130821421313711
LAL_24,LAL,24,1629629,C. Reddish,0.0122579746482797,0.0032325642839906,28.909224895626817,C. Reddish,2024-25,Cam Reddish,33.0,17.9,3.2,0.7,0.084,0.049,-8.4,14.6,7.7,Forward-Guard,-0.007932941824679112
LAL_24,LAL,24,1629637,J. Hayes,0.0327343641175651,0.10667139030881,153.67898599414153,J. Hayes,2024-25,Jaxson Hayes,56.0,19.5,6.8,1.0,0.12,0.076,2.5,24.3,13.3,C-F,0.09475296433964521
LAL_24,LAL,24,1630559,A. Reaves,0.1633932302549101,0.0219042432616615,83.26384469379641,A. Reaves,2024-25,Austin Reaves,73.0,34.9,20.2,5.8,0.23,0.241,3.8,79.5,36.5,G,-0.030520411696421747
LAL_24,LAL,24,1630692,J. Goodwin,0.0165761248084691,0.0006313548714604,18.390809987421235,J. Goodwin,2024-25,Jordan Goodwin,29.0,18.7,5.6,1.4,0.134,0.108,-1.2,29.4,13.8,G,-0.010566782876406779
LAL_24,LAL,24,1631108,M. Christie,0.0458281097645911,0.0020422090672596,20.545133342953868,M. Christie,,,,,,,,,,,,Guard,-0.011152376284097664
LAL_24,LAL,24,1631132,C. Koloko,0.0079398244880902,0.0015356627082738,18.141361933500274,C. Koloko,2024-25,Christian Koloko,37.0,9.2,2.4,0.4,0.104,0.068,-1.3,12.4,7.1,C,-0.0096646353603203
LAL_24,LAL,24,1642261,D. Knecht,0.0748015043877977,0.0091870108078495,45.69542108951698,D. Knecht,2024-25,Dalton Knecht,78.0,19.2,9.1,0.8,0.181,0.067,-2.8,26.0,14.6,F,-0.009034996602779921
LAL_24,LAL,24,1642355,B. James,0.0094720713191252,0.0036368261632135,37.230604591238304,B. James,2024-25,Bronny James,27.0,6.7,2.3,0.8,0.199,0.191,-18.6,11.7,6.0,G,-0.007543408789628655
LAL_24,LAL,24,203076,A. Davis,0.1129683799972141,0.0228703708083407,73.62126120422074,A. Davis,,,,,,,,,,,,Forward-Center,-0.006607232738890082
LAL_24,LAL,24,2544,L. James,0.1927845103774899,0.0311206124985287,79.9292090826104,L. James,2024-25,LeBron James,70.0,34.9,24.4,8.2,0.291,0.395,-1.3,83.7,43.0,F,-0.038920524628416095
MEM_24,MEM,24,1628379,L. Kennard,0.0546611269800051,0.0183251752518874,62.46703741677912,L. Kennard,2024-25,Luke Kennard,65.0,22.6,8.9,3.3,0.14,0.179,3.1,36.6,21.2,G,0.003919532244681138
MEM_24,MEM,24,1628991,J. Jackson Jr.,0.180083095299922,0.0344058646063902,71.03523936932993,J. Jackson Jr.,2024-25,Jaren Jackson Jr.,74.0,29.8,22.2,2.0,0.274,0.102,6.4,48.2,28.1,F-C,-0.02763906756998625
MEM_24,MEM,24,1629630,J. Morant,0.1164632562970656,0.0128998554382713,44.53757334260144,J. Morant,2024-25,Ja Morant,50.0,30.4,23.2,7.3,0.312,0.355,6.8,67.7,26.0,G,-0.017871646395911673
MEM_24,MEM,24,1629634,B. Clarke,0.043884705271358,0.1423486166339161,143.44769300196327,B. Clarke,2024-25,Brandon Clarke,64.0,18.9,8.3,1.0,0.15,0.072,8.2,23.5,14.3,F,0.12938261945509777
MEM_24,MEM,24,1629723,J. Konchar,0.0106465853025188,0.0123231827830438,42.79612380527727,J. Konchar,2024-25,John Konchar,46.0,12.1,2.4,0.9,0.077,0.095,5.4,19.7,8.6,G,0.001152579115295229
MEM_24,MEM,24,1630205,L. Stevens,0.0080498571799532,0.0156608093712269,48.15363644016032,L. Stevens,2024-25,Lamar Stevens,17.0,9.1,4.4,0.5,0.21,0.063,26.4,13.7,6.1,F,0.004462234987989106
MEM_24,MEM,24,1630217,D. Bane,0.1302259153466632,0.0185629117572506,54.6579834687649,D. Bane,,,,,,,,,,,,Guard,-0.017733306355870355
MEM_24,MEM,24,1630583,S. Aldama,0.0807582446117891,0.0203125672544383,55.29672775413415,S. Aldama,2024-25,Santi Aldama,65.0,25.5,12.5,2.9,0.179,0.149,3.5,47.2,23.8,F-C,0.0006807750674051212
MEM_24,MEM,24,1630590,S. Pippen Jr.,0.0891976110101272,0.0029606044915431,35.258924815472795,S. Pippen Jr.,2024-25,Scotty Pippen Jr.,79.0,21.3,9.9,4.4,0.188,0.283,1.3,46.4,20.4,G,-0.018888192017783068
MEM_24,MEM,24,1630643,J. Huff,0.0397299402752531,0.0205978650472091,55.14228141746093,J. Huff,2024-25,Jay Huff,64.0,11.7,6.9,0.6,0.194,0.077,0.8,15.6,10.4,C,0.008074754820829887
MEM_24,MEM,24,1631222,J. LaRavia,0.0328486107504544,0.0073216855260505,42.021492369543495,J. LaRavia,,,,,,,,,,,,Forward,-0.004605194350225453
MEM_24,MEM,24,1631246,V. Williams Jr.,0.0209036613866528,0.0089393938846187,37.15327242111091,V. Williams Jr.,2024-25,Vince Williams Jr.,27.0,18.5,6.6,2.0,0.166,0.14,1.2,31.9,15.6,G,-0.002359090031970705
MEM_24,MEM,24,1641713,G. Jackson,0.0244092443521163,0.0099988389906324,39.69036288299461,G. Jackson,2024-25,GG Jackson,29.0,15.8,7.2,1.0,0.219,0.085,-5.9,24.4,12.7,F,-0.0014305774561792495
MEM_24,MEM,24,1641744,Z. Edey,0.0457024149571539,0.087982350051941,138.25576945492702,Z. Edey,2024-25,Zach Edey,66.0,21.5,9.2,1.0,0.156,0.059,5.3,25.9,14.9,C,0.07480296231751735
MEM_24,MEM,24,1642285,C. Spencer,0.0105167488963905,0.0083843733791946,35.72972692173676,C. Spencer,2024-25,Cam Spencer,25.0,10.1,4.2,1.4,0.148,0.182,6.8,19.1,10.2,G,-0.00278704975171298
MEM_24,MEM,24,1642377,J. Wells,0.0820566086730719,0.0258403229390377,62.05518000876687,J. Wells,2024-25,Jaylen Wells,79.0,25.9,10.4,1.7,0.156,0.082,4.7,25.7,17.3,F,0.005884215792301441
MEM_24,MEM,24,203935,M. Smart,0.0212931706050376,0.0072407718322916,37.86843575774486,M. Smart,,,,,,,,,,,,Guard,-0.004070065762773889
MIA_24,MIA,24,1626179,T. Rozier,0.0880821917808219,0.0084012608194473,45.32940872797568,T. Rozier,2024-25,Terry Rozier,64.0,25.9,10.6,2.6,0.195,0.152,-4.9,48.1,20.5,G,-0.013139747699914684
MIA_24,MIA,24,1628389,B. Adebayo,0.1553424657534246,0.122575821830537,139.0031300757697,B. Adebayo,2024-25,Bam Adebayo,78.0,34.3,18.1,4.3,0.232,0.204,0.1,63.8,38.8,C-F,0.07443163353234497
MIA_24,MIA,24,1629130,D. Robinson,0.0872602739726027,0.0065436763022413,34.49076068658614,D. Robinson,2024-25,Duncan Robinson,74.0,24.1,11.0,2.4,0.187,0.148,0.2,34.7,25.1,F,-0.014773411657407028
MIA_24,MIA,24,1629312,H. Highsmith,0.0508219178082191,0.009365000857484,39.09654190216024,H. Highsmith,2024-25,Haywood Highsmith,74.0,24.6,6.5,1.5,0.111,0.084,1.4,27.9,15.7,F,-0.004479601892098043
MIA_24,MIA,24,1629639,T. Herro,0.1991780821917808,0.0182621033611858,74.51389305768215,T. Herro,2024-25,Tyler Herro,77.0,35.4,23.9,5.5,0.271,0.254,1.3,71.9,35.0,G,-0.05602484544699813
MIA_24,MIA,24,1630558,D. Mitchell,0.0342465753424657,0.0055860831351126,30.14006846053815,D. Mitchell,2024-25,Davion Mitchell,74.0,27.4,7.9,4.9,0.135,0.237,0.3,55.3,20.6,G,-0.006448063953788264
MIA_24,MIA,24,1630696,D. Smith,0.0087671232876712,0.0062087068538897,31.57566614629835,D. Smith,2024-25,Dru Smith,14.0,19.2,6.2,1.6,0.131,0.128,6.8,30.7,14.9,G,-0.004979704229965014
MIA_24,MIA,24,1631107,N. Jović,0.0560273972602739,0.0047684353852981,33.87467476131252,N. Jović,2024-25,Nikola Jović,46.0,25.1,10.7,2.8,0.178,0.174,-1.1,42.9,24.5,F,-0.00984972492071646
MIA_24,MIA,24,1631170,J. Jaquez Jr.,0.0730136986301369,0.0063244690438403,36.71270530472834,J. Jaquez Jr.,2024-25,Jaime Jaquez Jr.,66.0,20.7,8.6,2.5,0.194,0.181,-6.0,36.4,17.0,G,-0.011499449872395815
MIA_24,MIA,24,1641796,P. Larsson,0.0295890410958904,0.0047162706168624,27.61746827314117,P. Larsson,2024-25,Pelle Larsson,55.0,14.2,4.6,1.2,0.141,0.116,2.4,17.8,10.7,G,-0.006987946739039832
MIA_24,MIA,24,1642276,K. Ware,0.054931506849315,0.2825741860927192,197.44856917138367,K. Ware,2024-25,Kel'el Ware,64.0,22.2,9.3,0.9,0.169,0.062,1.9,30.8,16.8,C,0.2681270224005442
MIA_24,MIA,24,201567,K. Love,0.0135616438356164,0.0010632867442524,13.066894042155656,K. Love,2024-25,Kevin Love,23.0,10.9,5.3,1.0,0.23,0.134,-3.6,23.9,12.9,F-C,-0.010104965966845755
MIA_24,MIA,24,202692,A. Burks,0.0365753424657534,0.0050335995149786,34.26595720886822,A. Burks,2024-25,Alec Burks,49.0,17.6,7.3,1.1,0.16,0.09,5.9,27.8,13.9,G,-0.007194926829472144
MIA_24,MIA,24,202710,J. Butler III,0.0434246575342465,0.0096836519808207,40.88546451588778,J. Butler III,,,,,,,,,,,,Forward,-0.003230232270171652
MIA_24,MIA,24,203937,K. Anderson,0.0176712328767123,0.001386607102869,15.40135557839273,K. Anderson,2024-25,Kyle Anderson,61.0,16.4,5.9,2.4,0.152,0.211,-1.5,33.0,18.4,F-G,-0.009830523933399787
MIA_24,MIA,24,203952,A. Wiggins,0.0356164383561643,0.0051400522591837,35.0547663083169,A. Wiggins,2024-25,Andrew Wiggins,60.0,30.7,18.0,2.6,0.238,0.137,-2.3,47.5,31.8,F,-0.007006060704108048
MIL_24,MIL,24,1626153,D. Wright,0.0112314480545527,0.0030959470021729,36.056469836281686,D. Wright,,,,,,,,,,,,Guard,-0.008071721026070997
MIL_24,MIL,24,1626171,B. Portis,0.0720684583500468,0.0310337644630904,84.03176809369883,B. Portis,2024-25,Bobby Portis,49.0,25.4,13.9,2.1,0.234,0.126,3.4,49.2,27.7,F,0.013415650397922377
MIL_24,MIL,24,1626192,P. Connaughton,0.024735927263003,0.0007878783206298,19.894966230168198,P. Connaughton,2024-25,Pat Connaughton,41.0,14.7,5.3,1.7,0.151,0.159,-2.9,26.0,14.1,G,-0.01065600307780071
MIL_24,MIL,24,1627752,T. Prince,0.0709987966305655,0.0066430286578246,58.7374817342772,T. Prince,2024-25,Taurean Prince,80.0,27.1,8.2,1.9,0.123,0.093,-0.4,30.9,19.1,F,-0.010746087190080862
MIL_24,MIL,24,1628398,K. Kuzma,0.0588313945714667,0.0030905902399376,30.898917281036177,K. Kuzma,2024-25,Kyle Kuzma,65.0,29.8,14.8,2.3,0.233,0.123,-10.3,44.2,27.2,F,-0.01198486056419852
MIL_24,MIL,24,1629018,G. Trent Jr.,0.0889156304318759,0.0116312768017381,60.64149532985111,G. Trent Jr.,2024-25,Gary Trent Jr.,74.0,25.6,11.1,1.2,0.168,0.064,1.9,25.4,17.7,G,-0.01013928529436888
MIL_24,MIL,24,1629645,K. Porter Jr.,0.0373044524669073,0.0043500682108744,36.46319316425187,K. Porter Jr.,2024-25,Kevin Porter Jr.,75.0,19.8,10.3,3.4,0.248,0.276,1.1,41.2,16.0,G-F,-0.007943346903021859
MIL_24,MIL,24,1630699,M. Beauchamp,0.0068190934616927,0.0045473460909705,32.52426556893724,M. Beauchamp,,,,,,,,,,,,Forward,-0.006673002271097098
MIL_24,MIL,24,1631157,R. Rollins,0.0394437759058697,0.0032887068460777,36.64433268857484,R. Rollins,2024-25,Ryan Rollins,56.0,14.6,6.2,1.9,0.179,0.173,5.4,27.9,11.1,G,-0.00920619662360336
MIL_24,MIL,24,1631260,A. Green,0.0544190399786067,0.0124871987042888,75.59366002246453,A. Green,2024-25,AJ Green,73.0,22.7,7.4,1.5,0.123,0.086,6.4,29.3,16.7,G,-0.0018814926884490098
MIL_24,MIL,24,1641748,A. Jackson Jr.,0.0255381735526139,0.007800434695625,46.09654720514418,A. Jackson Jr.,2024-25,Andre Jackson Jr.,67.0,14.6,3.4,1.2,0.115,0.109,-1.5,19.3,10.3,G,-0.0036806061974214493
MIL_24,MIL,24,201572,B. Lopez,0.1054953870838347,0.0179275758139457,77.16145149855024,B. Lopez,2024-25,Brook Lopez,80.0,31.8,13.0,1.8,0.157,0.078,2.2,38.3,26.3,C,-0.00893150712217253
MIL_24,MIL,24,203081,D. Lillard,0.1434683781254178,0.0379483652668621,93.72159218405672,D. Lillard,2024-25,Damian Lillard,58.0,36.1,24.9,7.1,0.269,0.299,0.7,85.9,30.2,G,-0.004310296662179469
MIL_24,MIL,24,203114,K. Middleton,0.0303516512902794,0.0049213064452288,35.09012952533367,K. Middleton,,,,,,,,,,,,Forward,-0.006831562410353943
MIL_24,MIL,24,203507,G. Antetokounmpo,0.2069795427196149,0.187273108177547,203.97023098516357,G. Antetokounmpo,2024-25,Giannis Antetokounmpo,67.0,34.2,30.4,6.5,0.346,0.339,7.2,83.7,38.7,F,0.10760518789618001
MIN_24,MIN,24,1628978,D. DiVincenzo,0.0796060730406237,0.0028914235556694,39.66355021971113,D. DiVincenzo,2024-25,Donte DiVincenzo,62.0,25.9,11.7,3.6,0.188,0.203,5.1,50.0,26.6,G,-0.016457675345303645
MIN_24,MIN,24,1629638,N. Alexander-Walker,0.0860347421693338,0.003536718325605,44.86501136431659,N. Alexander-Walker,2024-25,Nickeil Alexander-Walker,82.0,25.3,9.4,2.7,0.155,0.149,6.6,44.3,19.8,G,-0.017451026352093904
MIN_24,MIN,24,1629675,N. Reid,0.1247435371358227,0.0036549543815387,42.33629005488552,N. Reid,2024-25,Naz Reid,80.0,27.5,14.2,2.3,0.21,0.123,7.4,47.3,26.6,C-F,-0.03035841073870152
MIN_24,MIN,24,1630162,A. Edwards,0.245520448639037,0.111248793023121,201.1254588895289,A. Edwards,2024-25,Anthony Edwards,79.0,36.3,27.6,4.5,0.307,0.209,4.8,73.9,37.6,G,0.001768569558755012
MIN_24,MIN,24,1630183,J. McDaniels,0.1086034742169334,0.0010975939467096,27.44451595256516,J. McDaniels,2024-25,Jaden McDaniels,82.0,31.9,12.2,2.0,0.16,0.091,4.0,42.1,22.2,F,-0.026826028452869844
MIN_24,MIN,24,1630545,T. Shannon Jr.,0.016413623307345,0.0010526480361271,21.85032266353605,T. Shannon Jr.,2024-25,Terrence Shannon Jr.,32.0,10.6,4.3,1.0,0.166,0.139,0.8,11.4,7.3,G-F,-0.010143040804086236
MIN_24,MIN,24,1630568,L. Garza,0.0127205580631924,0.0016422859968517,28.614867835690116,L. Garza,2024-25,Luka Garza,39.0,5.6,3.5,0.3,0.241,0.082,0.4,10.0,6.1,C,-0.00952349127059578
MIN_24,MIN,24,1631169,J. Minott,0.0136780194227875,0.0004903068498945,16.504628405867415,J. Minott,2024-25,Josh Minott,46.0,6.0,2.6,0.4,0.16,0.096,-3.0,6.5,4.0,F,-0.010678489823376339
MIN_24,MIN,24,1641740,J. Clark,0.0160032827246614,0.0014977387464062,32.768048762717136,J. Clark,2024-25,Jaylen Clark,40.0,13.0,4.1,0.7,0.115,0.067,5.6,9.6,6.7,G,-0.009692191213300509
MIN_24,MIN,24,1642265,R. Dillingham,0.0266721378744357,0.001823168521014,29.90283212388632,R. Dillingham,2024-25,Rob Dillingham,49.0,10.5,4.5,2.0,0.215,0.283,1.2,21.9,9.2,G,-0.00971436634111425
MIN_24,MIN,24,201144,M. Conley,0.0642866912871016,0.0009622855414848,30.559200791751724,M. Conley,2024-25,Mike Conley,71.0,24.7,8.2,4.5,0.141,0.243,6.5,51.2,25.1,G,-0.015084304117279271
MIN_24,MIN,24,203497,R. Gobert,0.063876350704418,0.5108862830941341,370.41468594092726,R. Gobert,2024-25,Rudy Gobert,72.0,33.2,12.0,1.8,0.129,0.075,6.7,43.3,23.5,C,0.49491648401150456
MIN_24,MIN,24,203944,J. Randle,0.1358227328682806,0.009621172914461,58.76768717474369,J. Randle,2024-25,Julius Randle,69.0,32.3,18.7,4.7,0.246,0.228,3.4,57.8,37.8,F-C,-0.0291176583284587
NOP_24,NOP,24,1627742,B. Ingram,0.0442754312101045,0.0144629120709627,69.25357099084879,B. Ingram,,,,,,,,,,,,Forward,0.001452053547180641
NOP_24,NOP,24,1627749,D. Murray,0.0685861741138123,0.0067252249822093,45.32668703801041,D. Murray,2024-25,Dejounte Murray,31.0,32.6,17.5,7.4,0.263,0.347,-9.1,80.5,29.1,G,-0.01016257465785869
NOP_24,NOP,24,1628464,D. Theis,0.0173842183892435,0.0014847404916747,38.37305772893802,D. Theis,2024-25,Daniel Theis,38.0,16.3,4.3,1.6,0.111,0.131,-5.9,24.1,15.5,Forward-Center,-0.009726993308886735
NOP_24,NOP,24,1628971,B. Brown,0.0264837702023631,0.0086458994054807,60.97786816788136,B. Brown,2024-25,Bruce Brown,41.0,22.5,8.3,2.0,0.169,0.133,-11.9,36.8,19.5,G-F,-0.0028819289695964073
NOP_24,NOP,24,1629627,Z. Williamson,0.0809452668749151,0.0134187431262221,62.56745651564653,Z. Williamson,2024-25,Zion Williamson,30.0,28.6,24.6,5.3,0.325,0.325,-1.8,66.4,33.6,F,-0.006259389087694274
NOP_24,NOP,24,1629669,J. Nowell,0.0085562949884557,0.0035046411288549,39.90693077994408,J. Nowell,,,,,,,,,,,,Guard,-0.007686564248373405
NOP_24,NOP,24,1629750,J. Green,0.0282493548825207,0.0023272727553032,31.45902321117325,J. Green,,,,,,,,,,,,Forward-Center,-0.009296569886796984
NOP_24,NOP,24,1630526,J. Robinson-Earl,0.0414233328806193,0.0020701682119438,36.54589081781202,J. Robinson-Earl,2024-25,Jeremiah Robinson-Earl,66.0,18.8,6.3,1.3,0.14,0.101,-11.8,27.7,14.8,F,-0.010625917521885648
NOP_24,NOP,24,1630527,B. Boston,0.0520168409615645,0.0055814793209643,43.15623029253656,B. Boston,2024-25,Brandon Boston,42.0,23.6,10.7,2.2,0.199,0.14,-6.2,44.3,20.0,G,-0.008432030108539108
NOP_24,NOP,24,1630529,H. Jones,0.0222735298112182,0.002390163507369,33.1531788580295,H. Jones,2024-25,Herbert Jones,20.0,32.4,10.3,3.3,0.146,0.134,-0.7,47.0,24.5,F,-0.008954195181009466
NOP_24,NOP,24,1630530,T. Murphy III,0.1254923264973516,0.005155203017124,37.33658400910828,T. Murphy III,2024-25,Trey Murphy III,53.0,35.0,21.2,3.5,0.229,0.157,-9.7,58.2,35.3,F,-0.02916354851505913
NOP_24,NOP,24,1630631,J. Alvarado,0.0681787314953144,0.0055175195134966,41.71697156861661,J. Alvarado,2024-25,Jose Alvarado,56.0,24.4,10.3,4.6,0.193,0.278,-8.7,53.0,21.3,G,-0.011287695429526194
NOP_24,NOP,24,1631232,K. Brooks Jr.,0.0146679342659242,0.0040438501069884,45.12425984979807,K. Brooks Jr.,2024-25,Keion Brooks Jr.,14.0,23.7,10.1,0.9,0.169,0.062,-20.5,31.6,17.4,F,-0.00713155356762699
NOP_24,NOP,24,1631255,K. Matković,0.0323237810674996,0.0182987771487722,75.3834141666351,K. Matković,2024-25,Karlo Matković,42.0,18.8,7.7,1.1,0.155,0.083,-4.7,24.5,15.7,F-C,0.006410343501771229
NOP_24,NOP,24,1631288,J. Cain,0.0220019013988863,0.0018033292980187,27.83159756175893,J. Cain,2024-25,Jamal Cain,37.0,13.6,5.3,0.6,0.167,0.065,-12.9,14.9,8.1,F,-0.009531393640165685
NOP_24,NOP,24,1631311,L. Quinones,0.0081488523699578,0.005384188210652,67.13013961671348,L. Quinones,2024-25,Lester Quinones,13.0,14.1,6.6,1.8,0.213,0.198,-5.9,24.9,13.1,G,-0.005812872803496749
NOP_24,NOP,24,1641722,J. Hawkins,0.0738829281542849,0.0072768661947195,45.63344820500905,J. Hawkins,2024-25,Jordan Hawkins,56.0,23.6,10.8,1.2,0.204,0.076,-11.4,33.8,21.0,G,-0.010739159419091295
NOP_24,NOP,24,1641810,A. Reeves,0.0335461089229933,0.0048215803267421,39.09215866105245,A. Reeves,2024-25,Antonio Reeves,44.0,15.0,6.9,0.9,0.183,0.089,-10.2,17.8,11.9,G,-0.007157935960048093
NOP_24,NOP,24,1642274,Y. Missi,0.0529675404047263,0.0355840847997903,124.6561103345419,Y. Missi,2024-25,Yves Missi,73.0,26.8,9.1,1.4,0.141,0.072,-12.7,33.6,22.6,C,0.02143250265600334
NOP_24,NOP,24,203468,C. McCollum,0.139481189732446,0.0209020106937446,76.56041294378254,C. McCollum,2024-25,CJ McCollum,56.0,32.7,21.1,4.1,0.266,0.192,-7.1,61.1,29.1,G,-0.019494694227392705
NOP_24,NOP,24,203482,K. Olynyk,0.0201005025125628,0.0067944807672976,42.584838401273,K. Olynyk,2024-25,Kelly Olynyk,44.0,20.2,8.7,2.9,0.185,0.2,-2.7,42.1,24.3,F-C,-0.0044802619929853365
NOP_24,NOP,24,203901,E. Payton,0.0129023495857666,0.0066658245690088,55.93464129921119,E. Payton,2024-25,Elfrid Payton,24.0,21.3,3.5,6.9,0.151,0.443,-13.4,54.9,19.2,G,-0.004500271048353751
NYK_24,NYK,24,1626157,K. Towns,0.1701181375955524,0.0086510699142422,21.15547010258112,K. Towns,2024-25,Karl-Anthony Towns,72.0,35.0,24.4,3.1,0.265,0.13,6.8,59.6,36.7,C-F,-0.04752876102000561
NYK_24,NYK,24,1626166,C. Payne,0.0590687977762334,0.0109410579710539,23.735023347956684,C. Payne,2024-25,Cameron Payne,72.0,15.1,6.9,2.8,0.2,0.251,9.1,32.1,13.6,G,-0.004174415194381144
NYK_24,NYK,24,1628384,O. Anunoby,0.1467685892981237,0.0117524367823032,24.852826581889424,O. Anunoby,2024-25,OG Anunoby,74.0,36.6,18.0,2.2,0.195,0.084,5.4,44.9,30.4,F-G,-0.032090855250211506
NYK_24,NYK,24,1628404,J. Hart,0.1138290479499652,0.0108323683917985,25.191199805398306,J. Hart,2024-25,Josh Hart,77.0,37.6,13.6,5.9,0.151,0.206,3.6,70.0,30.8,G,-0.01895977890054916
NYK_24,NYK,24,1628969,M. Bridges,0.1545517720639332,0.0928988261882821,67.59913815863925,M. Bridges,2024-25,Mikal Bridges,82.0,37.0,17.6,3.7,0.192,0.141,5.6,54.3,37.9,G-F,0.04516239829319783
NYK_24,NYK,24,1628973,J. Brunson,0.1726198749131341,0.1427999474087397,90.1098356143535,J. Brunson,2024-25,Jalen Brunson,65.0,35.4,26.0,7.3,0.289,0.318,2.6,85.4,32.1,G,0.08518141866065004
NYK_24,NYK,24,1629013,L. Shamet,0.0311327310632383,0.0027558124923817,12.921013501198129,L. Shamet,2024-25,Landry Shamet,50.0,15.2,5.7,0.5,0.143,0.049,5.1,15.9,10.5,G,-0.009049066075481173
NYK_24,NYK,24,1630173,P. Achiuwa,0.0401667824878387,0.0051512034039066,16.384177686060596,P. Achiuwa,2024-25,Precious Achiuwa,57.0,20.5,6.6,1.0,0.143,0.065,-1.2,27.0,14.5,F,-0.007415536671840888
NYK_24,NYK,24,1630540,M. McBride,0.0678248783877692,0.0132533736869312,26.052577706519376,M. McBride,2024-25,Miles McBride,64.0,24.9,9.5,2.9,0.162,0.155,7.1,38.5,18.7,G,-0.003480605675120702
NYK_24,NYK,24,1642278,T. Kolek,0.0112578179291174,0.0015527988946976,13.155506140340314,T. Kolek,2024-25,Tyler Kolek,41.0,7.2,2.0,1.7,0.152,0.321,-0.3,16.5,6.5,G,-0.009614765914297996
OKC_24,OKC,24,1627936,A. Caruso,0.039122783267903,0.0029964188297528,42.9410425534034,A. Caruso,2024-25,Alex Caruso,54.0,19.3,7.1,2.5,0.147,0.171,15.0,33.6,16.6,G,-0.009467197274116903
OKC_24,OKC,24,1628392,I. Hartenstein,0.0609178286178421,0.1823036073141152,312.7907642956257,I. Hartenstein,2024-25,Isaiah Hartenstein,57.0,27.9,11.2,3.8,0.165,0.178,13.0,55.9,32.3,C-F,0.16686944243710763
OKC_24,OKC,24,1628983,S. Gilgeous-Alexander,0.2436713144713686,0.2385049838360509,373.1819634126026,S. Gilgeous-Alexander,2024-25,Shai Gilgeous-Alexander,76.0,34.2,32.7,6.4,0.336,0.299,16.7,71.7,26.7,G,0.13057777524724518
OKC_24,OKC,24,1629026,K. Williams,0.0411533775551644,0.0097942408609865,92.14528417371692,K. Williams,2024-25,Kenrich Williams,69.0,16.4,6.3,1.4,0.151,0.111,14.5,22.3,12.8,G-F,-0.0028735749302269114
OKC_24,OKC,24,1629652,L. Dort,0.070935427101665,0.0067573496824574,89.03708116797715,L. Dort,2024-25,Luguentz Dort,71.0,29.2,10.1,1.6,0.133,0.067,13.1,29.2,17.0,G,-0.010618329528534937
OKC_24,OKC,24,1630198,I. Joe,0.0743197509137674,0.0081804588885988,96.0189578927094,I. Joe,2024-25,Isaiah Joe,74.0,21.7,10.2,1.6,0.166,0.096,15.8,28.3,18.5,G,-0.009933139518866225
OKC_24,OKC,24,1630598,A. Wiggins,0.095437931501286,0.0046171420681614,60.69482004585301,A. Wiggins,2024-25,Aaron Wiggins,76.0,22.9,12.0,1.8,0.2,0.102,14.2,32.9,17.1,G,-0.019036592887393754
OKC_24,OKC,24,1631096,C. Holmgren,0.0475159063219168,0.0068878327804872,63.64852551295544,C. Holmgren,2024-25,Chet Holmgren,32.0,27.4,15.0,2.0,0.214,0.091,16.1,44.7,23.6,C-F,-0.006516355924707783
OKC_24,OKC,24,1631114,J. Williams,0.1573033707865168,0.0364192794574446,183.23806960636455,J. Williams,2024-25,Jalen Williams,69.0,32.4,21.6,5.1,0.27,0.233,10.2,68.1,30.3,G-F,-0.012745901760470794
OKC_24,OKC,24,1631114,J. Williams,0.1573033707865168,0.0364192794574446,183.23806960636455,J. Williams,2024-25,Jaylin Williams,47.0,16.7,5.9,2.6,0.141,0.19,17.9,37.6,20.9,G-F,-0.012745901760470794
OKC_24,OKC,24,1631119,J. Williams,0.0268038445918505,0.006428710423055,76.62012343222564,J. Williams,2024-25,Jalen Williams,69.0,32.4,21.6,5.1,0.27,0.233,10.2,68.1,30.3,G-F,-0.005115687432788965
OKC_24,OKC,24,1631119,J. Williams,0.0268038445918505,0.006428710423055,76.62012343222564,J. Williams,2024-25,Jaylin Williams,47.0,16.7,5.9,2.6,0.141,0.19,17.9,37.6,20.9,G-F,-0.005115687432788965
OKC_24,OKC,24,1631172,O. Dieng,0.0155678895356707,0.0049042958809372,54.02582770735168,O. Dieng,2024-25,Ousmane Dieng,37.0,10.9,3.8,0.8,0.152,0.107,5.1,16.2,9.8,F,-0.0062801893357364675
OKC_24,OKC,24,1641717,C. Wallace,0.0618654392852308,0.0015366997198346,32.01049692611944,C. Wallace,2024-25,Cason Wallace,68.0,27.6,8.4,2.5,0.124,0.117,10.1,34.0,16.8,G,-0.014065582917312079
OKC_24,OKC,24,1641745,A. Flagler,0.0102883443887911,0.0049426489828888,63.31610867204276,A. Flagler,2024-25,Adam Flagler,37.0,5.5,1.8,0.3,0.207,0.094,2.3,8.5,4.9,G,-0.006230363657691854
OKC_24,OKC,24,1641794,D. Jones,0.0148910247732503,0.0053878717924479,61.00088098029333,D. Jones,2024-25,Dillon Jones,54.0,10.2,2.5,1.1,0.131,0.143,6.0,16.5,8.3,F,-0.005789510107360285
OKC_24,OKC,24,1642349,A. Mitchell,0.0255854880194937,0.010015464735306,76.83592080147089,A. Mitchell,2024-25,Ajay Mitchell,36.0,16.6,6.5,1.8,0.159,0.153,9.7,26.8,13.0,G,-0.0014678404044957648
OKC_24,OKC,24,1642382,B. Carlson,0.0104237173412752,0.0082522632732515,70.20663036211462,B. Carlson,2024-25,Branden Carlson,32.0,7.7,3.8,0.4,0.185,0.077,9.4,11.8,6.7,C,-0.0029197845123968506
ORL_24,ORL,24,1628371,J. Isaac,0.0320833333333333,0.0027449367193934,139.32387363210074,J. Isaac,2024-25,Jonathan Isaac,71.0,15.4,5.4,0.6,0.155,0.056,-0.7,22.0,10.2,F,-0.009126215685837546
ORL_24,ORL,24,1628976,W. Carter Jr.,0.06625,0.0075543417399489,195.489085811418,W. Carter Jr.,2024-25,Wendell Carter Jr.,68.0,25.9,9.1,2.0,0.159,0.117,0.0,35.4,23.4,C-F,-0.00886808425037023
ORL_24,ORL,24,1629021,M. Wagner,0.0411111111111111,0.0012765895061909,44.68500734680976,M. Wagner,2024-25,Moritz Wagner,30.0,18.8,12.9,1.4,0.254,0.135,-0.9,31.9,21.5,F-C,-0.01138682396703142
ORL_24,ORL,24,1629048,G. Bitadze,0.0440277777777777,0.0887695631638385,425.5410411802705,G. Bitadze,2024-25,Goga Bitadze,70.0,20.4,7.2,2.0,0.142,0.142,2.7,34.7,21.3,C-F,0.07578720312163087
ORL_24,ORL,24,1630175,C. Anthony,0.0770833333333333,0.0068624647888543,105.25891367066286,C. Anthony,,,,,,,,,,,,Forward,-0.01188442365308415
ORL_24,ORL,24,1630243,T. Queen,0.0194444444444444,0.0052446502169872,93.6827018020544,T. Queen,2024-25,Trevelin Queen,31.0,13.9,4.9,1.2,0.176,0.141,-9.2,18.5,11.5,G,-0.0060124304533437515
ORL_24,ORL,24,1630532,F. Wagner,0.1804166666666666,0.0358258505995647,316.3596839164608,F. Wagner,2024-25,Franz Wagner,60.0,33.7,24.2,4.7,0.306,0.247,6.0,67.0,35.9,F,-0.026421623390460232
ORL_24,ORL,24,1630591,J. Suggs,0.0677777777777777,0.0030885022735568,117.2664325545531,J. Suggs,2024-25,Jalen Suggs,35.0,28.6,16.2,3.7,0.268,0.216,1.0,67.1,27.5,G,-0.013636029220200586
ORL_24,ORL,24,1631094,P. Banchero,0.135,0.0555297940819043,300.9447207217476,P. Banchero,2024-25,Paolo Banchero,46.0,34.4,25.9,4.8,0.33,0.262,-0.6,77.2,38.0,F,0.017157128531412054
ORL_24,ORL,24,1631216,C. Houstan,0.0241666666666666,0.0074983087684195,132.52468546927432,C. Houstan,2024-25,Caleb Houstan,58.0,13.6,4.1,0.6,0.115,0.066,-4.1,14.1,8.6,G,-0.003920616419696146
ORL_24,ORL,24,1641710,A. Black,0.0970833333333333,0.0101181262696474,148.10347339445374,A. Black,2024-25,Anthony Black,78.0,24.2,9.4,3.1,0.19,0.201,-0.9,49.4,21.5,G,-0.014034980068946712
ORL_24,ORL,24,1641724,J. Howard,0.0344444444444444,0.003117908255645,70.50347021971753,J. Howard,2024-25,Jett Howard,60.0,11.7,4.5,0.7,0.181,0.102,-5.7,14.2,9.2,G,-0.008931992415635776
ORL_24,ORL,24,1641783,T. da Silva,0.0643055555555555,0.0021271609187273,63.61310998635648,T. da Silva,2024-25,Tristan da Silva,74.0,22.0,7.2,1.5,0.149,0.105,-4.2,28.1,16.3,F,-0.013922973611780942
ORL_24,ORL,24,202709,C. Joseph,0.0195833333333333,0.0014950996684878,52.344490492665166,C. Joseph,2024-25,Cory Joseph,50.0,12.2,3.5,1.4,0.126,0.166,3.6,25.2,10.8,G,-0.009765590240517319
ORL_24,ORL,24,203484,K. Caldwell-Pope,0.0802777777777777,0.0206085516227498,180.76826594583812,K. Caldwell-Pope,,,,,,,,,,,,Guard,0.0010952287888962159
ORL_24,ORL,24,203914,G. Harris,0.0166666666666666,0.0017808351623748,53.86740953553048,G. Harris,2024-25,Gary Harris,48.0,14.8,3.0,0.6,0.09,0.058,7.2,12.6,8.4,G,-0.009418708478860012
PHI_24,PHI,24,1626162,K. Oubre Jr.,0.1036986301369863,0.0058810964012888,24.00471608474749,K. Oubre Jr.,2024-25,Kelly Oubre Jr.,60.0,34.6,15.1,1.8,0.186,0.079,-5.7,50.9,26.6,F-G,-0.020378519064295504
PHI_24,PHI,24,1627824,G. Yabusele,0.080958904109589,0.0070167992082407,26.49825231500537,G. Yabusele,2024-25,Guerschon Yabusele,70.0,27.1,11.0,2.1,0.163,0.114,-3.2,42.4,27.4,F,-0.012664716961548663
PHI_24,PHI,24,1628997,C. Martin,0.0350684931506849,0.001697429148479,13.933053528318494,C. Martin,,,,,,,,,,,,Forward,-0.010403083225913129
PHI_24,PHI,24,1629022,L. Walker IV,0.0261643835616438,0.0056877042994853,27.59037492914865,L. Walker IV,2024-25,Lonnie Walker IV,20.0,23.8,12.4,2.5,0.214,0.167,-14.1,40.5,21.1,G-F,-0.005823959445186193
PHI_24,PHI,24,1629656,Q. Grimes,0.0628767123287671,0.0046984870941585,21.542950419980983,Q. Grimes,2024-25,Quentin Grimes,75.0,26.8,14.6,3.0,0.218,0.172,-6.2,46.5,24.7,G,-0.011086789278164684
PHI_24,PHI,24,1630178,T. Maxey,0.1591780821917808,0.033099308704247,64.23317791453529,T. Maxey,2024-25,Tyrese Maxey,52.0,37.7,26.3,6.1,0.293,0.276,-3.5,90.1,37.7,G,-0.01705498700376265
PHI_24,PHI,24,1630215,J. Butler,0.0368493150684931,0.0011641003267943,10.724382318562842,J. Butler,2024-25,Jared Butler,60.0,17.4,9.0,3.7,0.222,0.317,-6.0,37.3,15.7,G,-0.011088583377345035
PHI_24,PHI,24,1630231,K. Martin,0.0143835616438356,0.0040374007073831,20.03944078621213,K. Martin,,,,,,,,,,,,Forward,-0.007135742233889573
PHI_24,PHI,24,1630288,J. Dowtin Jr.,0.0312328767123287,0.0037679377107316,22.10685626322461,J. Dowtin Jr.,2024-25,Jeff Dowtin Jr.,41.0,15.1,7.0,1.9,0.176,0.196,-9.2,30.1,12.9,G,-0.008043768802711841
PHI_24,PHI,24,1630542,M. Bagley,0.0068493150684931,0.0065337978708197,25.83267170036357,M. Bagley,2024-25,Marcus Bagley,10.0,25.3,6.7,1.0,0.128,0.056,-15.9,29.3,14.2,Forward,-0.00468595023098272
PHI_24,PHI,24,1641720,J. Hood-Schifino,0.0110958904109589,0.0033763899185518,18.35345440399737,J. Hood-Schifino,2024-25,Jalen Hood-Schifino,15.0,21.0,7.1,2.5,0.164,0.165,-16.4,40.5,19.9,G,-0.0077918484066016305
PHI_24,PHI,24,1641737,A. Bona,0.0250684931506849,0.0943321994609134,104.33871554896209,A. Bona,2024-25,Adem Bona,58.0,15.6,5.8,0.5,0.135,0.043,-6.6,18.2,10.4,F,0.08287319624125979
PHI_24,PHI,24,1641741,R. Council IV,0.0690410958904109,0.0071516348964764,29.85964449618693,R. Council IV,2024-25,Ricky Council IV,73.0,17.1,7.3,1.3,0.196,0.115,-6.1,24.3,14.2,G,-0.00982908228291917
PHI_24,PHI,24,1642272,J. McCain,0.0386301369863013,0.0044830166178797,23.186258720598,J. McCain,2024-25,Jared McCain,23.0,25.7,15.3,2.6,0.243,0.171,-2.1,45.6,24.2,G,-0.007933305617274533
PHI_24,PHI,24,1642348,J. Edwards,0.0483561643835616,0.0081501173091852,31.00747495207648,J. Edwards,2024-25,Justin Edwards,44.0,26.2,10.1,1.6,0.165,0.084,-11.6,35.9,20.7,F,-0.005362261483998711
PHI_24,PHI,24,200768,K. Lowry,0.0171232876712328,0.0050350411392179,23.81864484330381,K. Lowry,2024-25,Kyle Lowry,35.0,18.8,3.9,2.7,0.1,0.206,-5.8,36.4,15.5,G,-0.006172044417407306
PHI_24,PHI,24,201569,E. Gordon,0.0302739726027397,0.0096301511794169,31.3226892335668,E. Gordon,2024-25,Eric Gordon,39.0,19.7,6.8,1.7,0.14,0.118,-5.4,24.4,15.3,G,-0.002117665893376905
PHI_24,PHI,24,202331,P. George,0.080958904109589,0.0128213508612693,36.4096078655426,P. George,2024-25,Paul George,41.0,32.5,16.2,4.3,0.233,0.217,-3.8,64.4,32.1,F,-0.006860165308520063
PHI_24,PHI,24,202704,R. Jackson,0.0183561643835616,0.0038666622253409,19.67001092128344,R. Jackson,2024-25,Reggie Jackson,31.0,12.4,4.4,1.5,0.17,0.172,-3.5,24.9,10.1,Guard,-0.007364552358875988
PHI_24,PHI,24,203083,A. Drummond,0.0264383561643835,0.0095803548532908,31.56318771858536,A. Drummond,2024-25,Andre Drummond,40.0,18.8,7.3,0.9,0.183,0.07,-15.5,26.2,16.6,C,-0.0019451525552545527
PHI_24,PHI,24,203954,J. Embiid,0.0512328767123287,0.0543198669260467,73.0736602095042,J. Embiid,2024-25,Joel Embiid,19.0,30.2,23.8,4.5,0.342,0.286,-5.5,62.3,46.4,C-F,0.040417756139313886
PHX_24,PHX,24,1626145,T. Jones,0.0907939189189189,0.0032454207884747,88.74897489025857,T. Jones,2024-25,Tyus Jones,81.0,26.8,10.2,5.3,0.16,0.276,-2.5,61.7,23.7,G,-0.019051685958450554
PHX_24,PHX,24,1626164,D. Booker,0.2086148648648648,0.0327697707352062,177.8192827346512,D. Booker,2024-25,Devin Booker,75.0,37.3,25.6,7.1,0.285,0.301,-3.2,72.4,48.3,G,-0.048053995596080486
PHX_24,PHX,24,1626220,R. O'Neale,0.0731981981981982,0.0119321173699,108.51887820410889,R. O'Neale,2024-25,Royce O'Neale,75.0,24.5,9.1,2.2,0.151,0.128,-4.2,44.4,22.8,F,-0.005932349028236991
PHX_24,PHX,24,1627814,D. Lee,0.0118243243243243,0.0020744517532539,90.6747263597527,D. Lee,2024-25,Damion Lee,25.0,5.8,3.3,0.4,0.269,0.121,6.0,9.5,6.5,G-F,-0.009091502820279204
PHX_24,PHX,24,1628420,M. Morris,0.0263231981981981,0.0102892834981216,170.9495903367357,M. Morris,2024-25,Monte Morris,45.0,12.7,5.2,1.6,0.173,0.188,2.8,26.0,10.8,G,-0.001230371985394661
PHX_24,PHX,24,1628960,G. Allen,0.0757319819819819,0.0038122534947325,115.0136299508574,G. Allen,2024-25,Grayson Allen,64.0,24.1,10.6,2.1,0.169,0.125,-3.3,37.6,22.5,G,-0.014621515061195547
PHX_24,PHX,24,1628998,C. Martin,0.0084459459459459,0.008092354327179,91.07661866908428,C. Martin,2024-25,Cody Martin,53.0,22.1,6.8,2.0,0.142,0.128,-3.2,33.4,16.3,F,-0.0031003776798921717
PHX_24,PHX,24,1629006,J. Okogie,0.0153434684684684,0.0039515876449107,84.64506446346003,J. Okogie,,,,,,,,,,,,Guard,-0.007230358822805392
PHX_24,PHX,24,1629626,B. Bol,0.025197072072072,0.0042317448636634,71.86004238244526,B. Bol,2024-25,Bol Bol,36.0,12.5,6.8,0.6,0.204,0.071,-3.9,16.2,9.6,C-F,-0.0072332120586939205
PHX_24,PHX,24,1630208,N. Richards,0.0306869369369369,0.0129065808923671,123.17658400541282,N. Richards,2024-25,Nick Richards,57.0,22.0,9.3,0.9,0.169,0.058,-8.7,30.2,17.4,C,0.0011316566227850561
PHX_24,PHX,24,1631221,C. Gillespie,0.0190033783783783,0.0119770770728041,270.03594788559406,C. Gillespie,2024-25,Collin Gillespie,33.0,14.0,5.9,2.4,0.17,0.235,-2.8,33.5,13.2,G,0.0007309957030878275
PHX_24,PHX,24,1642345,O. Ighodaro,0.0257601351351351,0.0045060006538355,124.90798202935188,O. Ighodaro,2024-25,Oso Ighodaro,61.0,17.1,4.2,1.2,0.103,0.095,-0.6,24.1,13.8,F,-0.006985732356557706
PHX_24,PHX,24,1642346,R. Dunn,0.0591216216216216,0.0081336807703845,192.2853095343364,R. Dunn,2024-25,Ryan Dunn,74.0,19.1,6.9,0.8,0.161,0.059,-4.7,23.8,14.4,F,-0.006990725363142861
PHX_24,PHX,24,201142,K. Durant,0.1680743243243243,0.0111145242757635,106.93538858736656,K. Durant,2024-25,Kevin Durant,62.0,36.5,26.6,4.2,0.283,0.188,-1.0,63.3,43.1,F,-0.043906747891401615
PHX_24,PHX,24,203078,B. Beal,0.1007882882882882,0.0153888774156909,140.67596536131907,B. Beal,2024-25,Bradley Beal,53.0,32.1,17.0,3.7,0.219,0.177,-8.0,61.0,31.1,G,-0.009924503264131954
PHX_24,PHX,24,203486,M. Plumlee,0.0273085585585585,0.0331028775488239,216.58757502404688,M. Plumlee,2024-25,Mason Plumlee,74.0,17.6,4.5,1.8,0.105,0.133,0.2,28.2,13.7,F-C,0.021531599248226264
PHX_24,PHX,24,203994,J. Nurkić,0.0263231981981981,0.00657350520518,81.62936432934856,J. Nurkić,,,,,,,,,,,,Center,-0.00494615027833626
POR_24,POR,24,1629014,A. Simons,0.1496148128125422,0.0184371773400263,82.55737458289877,A. Simons,2024-25,Anfernee Simons,70.0,32.7,19.3,4.8,0.241,0.241,-4.6,65.1,29.4,G,-0.026804386494400385
POR_24,POR,24,1629028,D. Ayton,0.054196513042303,0.1223121665917559,190.73203503349043,D. Ayton,2024-25,Deandre Ayton,40.0,30.1,14.4,1.6,0.197,0.083,-6.9,45.1,30.1,C,0.10797725428685007
POR_24,POR,24,1629057,R. Williams III,0.0089201243411271,0.0086739831924111,57.915377582430615,R. Williams III,2024-25,Robert Williams III,20.0,17.6,5.8,1.1,0.12,0.09,-2.0,23.6,15.4,C-F,-0.0025125006754041015
POR_24,POR,24,1629680,M. Thybulle,0.0121638059197188,0.0023147060123464,37.8875778669798,M. Thybulle,2024-25,Matisse Thybulle,15.0,20.8,7.5,1.9,0.135,0.126,0.2,29.8,15.9,G-F,-0.008850839684536826
POR_24,POR,24,1630166,D. Avdija,0.1331260981213677,0.0061564208396549,69.69073447725083,D. Avdija,2024-25,Deni Avdija,72.0,30.0,16.9,3.9,0.228,0.193,-0.9,64.5,30.4,F,-0.03139138146653961
POR_24,POR,24,1630625,D. Banton,0.0698743073388295,0.0058081388046917,54.0417637436896,D. Banton,2024-25,Dalano Banton,67.0,16.7,8.3,2.4,0.237,0.213,-1.5,37.8,17.1,F,-0.011344701835339699
POR_24,POR,24,1630703,S. Henderson,0.1017705095283146,0.0049698010797716,44.18924204146257,S. Henderson,2024-25,Scoot Henderson,66.0,26.7,12.7,5.1,0.22,0.274,-1.3,59.8,24.3,G,-0.020659503649093816
POR_24,POR,24,1631101,S. Sharpe,0.1544803351804297,0.0123949918643879,63.01232203241155,S. Sharpe,2024-25,Shaedon Sharpe,72.0,31.3,18.5,2.8,0.25,0.138,-3.0,52.2,28.1,G,-0.03530470740781217
POR_24,POR,24,1631133,J. Walker,0.0285173672117853,0.0051305349721948,39.65363547019603,J. Walker,2024-25,Jabari Walker,60.0,12.5,5.2,0.6,0.156,0.071,0.5,15.6,9.5,F,-0.006508867834773586
POR_24,POR,24,1631200,K. Murray,0.0344641167725368,0.001728617910749,35.85196767398732,K. Murray,2024-25,Kris Murray,69.0,15.1,4.2,1.0,0.133,0.09,-1.8,15.5,9.7,F,-0.010322856733386628
POR_24,POR,24,1641712,R. Rupert,0.0190566292742262,0.0048194563991061,38.62033614983999,R. Rupert,2024-25,Rayan Rupert,52.0,8.8,3.0,0.5,0.156,0.083,-9.2,14.2,7.6,G-F,-0.006427915603962015
POR_24,POR,24,1641739,T. Camara,0.0952831463711312,0.0025465192260987,31.143070783785387,T. Camara,2024-25,Toumani Camara,78.0,32.7,11.3,2.2,0.143,0.096,-1.8,44.2,24.3,F,-0.02106074297305401
POR_24,POR,24,1641871,D. Reath,0.0185160156777942,0.0024045772307044,27.067770915003088,D. Reath,2024-25,Duop Reath,46.0,10.2,4.2,0.6,0.162,0.083,-6.5,14.0,10.1,C,-0.008830168357538734
POR_24,POR,24,1642270,D. Clingan,0.032031355588593,0.0213141237739009,103.74017677484991,D. Clingan,2024-25,Donovan Clingan,67.0,19.8,6.5,1.1,0.135,0.081,0.2,25.7,17.4,C,0.00944667958591242
POR_24,POR,24,203924,J. Grant,0.0804162724692526,0.0077137322599704,50.41229399057098,J. Grant,2024-25,Jerami Grant,47.0,32.4,14.4,2.1,0.192,0.099,-6.1,41.0,26.3,F,-0.011833653769228212
SAC_24,SAC,24,1626168,T. Lyles,0.047443762781186,0.0087088336287245,34.029137164035554,T. Lyles,2024-25,Trey Lyles,69.0,19.6,6.5,1.2,0.139,0.084,-2.0,29.4,16.7,F,-0.004686185012689541
SAC_24,SAC,24,1627734,D. Sabonis,0.1248807089297886,0.0524918380781921,86.50669688580415,D. Sabonis,2024-25,Domantas Sabonis,70.0,34.7,19.1,6.0,0.213,0.251,2.6,75.5,46.6,F-C,0.018422680465436096
SAC_24,SAC,24,1628365,M. Fultz,0.0092706203135651,0.0014139916176005,17.972457039206585,M. Fultz,2024-25,Markelle Fultz,21.0,8.8,2.9,1.3,0.196,0.208,3.6,16.9,6.5,G,-0.009768396424728465
SAC_24,SAC,24,1628368,D. Fox,0.1263803680981595,0.0198929802989842,50.92948558997167,D. Fox,,,,,,,,,,,,Guard,-0.014790578297260309
SAC_24,SAC,24,1628370,M. Monk,0.1371506475800954,0.0121214432648893,43.53888945473913,M. Monk,2024-25,Malik Monk,65.0,31.6,17.2,5.6,0.236,0.246,2.5,63.8,30.4,G,-0.027213553308317165
SAC_24,SAC,24,1628989,K. Huerter,0.0398091342876619,0.0036041784811182,22.76759401338753,K. Huerter,,,,,,,,,,,,Guard-Forward,-0.0089267900819103
SAC_24,SAC,24,1631099,K. Murray,0.1048398091342876,0.0192280761537902,54.28426534929937,K. Murray,2024-25,Keegan Murray,76.0,34.3,12.4,1.4,0.148,0.055,1.5,42.6,22.6,F,-0.007410928088702338
SAC_24,SAC,24,1631165,K. Ellis,0.0617586912065439,0.010059048107037,43.08579199773415,K. Ellis,2024-25,Keon Ellis,80.0,24.4,8.3,1.5,0.125,0.08,3.0,34.3,17.1,G,-0.005524133828639581
SAC_24,SAC,24,1631222,J. LaRavia,0.0133605998636673,0.0010362530235572,12.212285995390042,J. LaRavia,2024-25,Jake LaRavia,66.0,20.4,6.9,2.4,0.14,0.15,3.8,34.6,17.5,F,-0.010131175343700522
SAC_24,SAC,24,1642269,D. Carter,0.0151329243353783,0.0007918779247259,10.225054553050464,D. Carter,2024-25,Devin Carter,36.0,11.0,3.8,1.1,0.169,0.139,3.9,18.7,8.9,G,-0.010387852346900383
SAC_24,SAC,24,1642403,I. Jones,0.0096796182685753,0.0015973523508412,14.899205991000224,I. Jones,2024-25,Isaac Jones,40.0,7.6,3.4,0.3,0.152,0.057,-10.5,8.5,5.6,F,-0.009580817829796645
SAC_24,SAC,24,201942,D. DeRozan,0.1817314246762099,0.1089547995506309,126.11112971004611,D. DeRozan,2024-25,DeMar DeRozan,77.0,35.9,22.2,4.4,0.244,0.182,1.5,54.3,32.8,G-F,0.045905097112040064
SAC_24,SAC,24,202685,J. Valančiūnas,0.0235855487389229,0.0045137765516429,23.9403062044668,J. Valančiūnas,2024-25,Jonas Valančiūnas,81.0,18.8,10.4,2.0,0.222,0.171,-9.6,38.9,24.0,C,-0.0068808812291585916
SAC_24,SAC,24,203897,Z. LaVine,0.0665303340149966,0.0033828184014533,20.702785125623983,Z. LaVine,2024-25,Zach LaVine,74.0,35.2,23.3,4.2,0.251,0.178,-1.4,61.4,29.9,G,-0.013094409095293306
SAC_24,SAC,24,203926,D. McDermott,0.014723926380368,0.0032118315914942,22.715025582130437,D. McDermott,2024-25,Doug McDermott,42.0,8.1,3.5,0.2,0.15,0.028,1.6,9.1,6.3,F,-0.007964051670166918
SAS_24,SAS,24,101108,C. Paul,0.0710091492557695,0.049450317323337,89.06229712293104,C. Paul,2024-25,Chris Paul,82.0,28.0,8.8,7.4,0.137,0.342,-0.8,60.1,24.0,G,0.03205900496380451
SAS_24,SAS,24,1628368,D. Fox,0.040284036597023,0.0084900589837112,36.59254049476032,D. Fox,2024-25,De'Aaron Fox,62.0,36.1,23.5,6.3,0.274,0.262,-1.2,79.9,31.4,G,-0.004088509371484814
SAS_24,SAS,24,1628380,Z. Collins,0.0188447357640311,0.0059891429950881,34.260340479264165,Z. Collins,,,,,,,,,,,,Forward-Center,-0.005253154154097443
SAS_24,SAS,24,1629640,K. Johnson,0.1000955892393827,0.0059320531526927,39.56615091103095,K. Johnson,2024-25,Keldon Johnson,77.0,23.9,12.7,1.6,0.207,0.105,-5.8,38.3,19.8,F-G,-0.019160623717990613
SAS_24,SAS,24,1629646,C. Bassey,0.0140652737948928,0.0202959299986804,59.02693857887483,C. Bassey,2024-25,Charles Bassey,36.0,10.4,4.4,0.5,0.164,0.072,-15.9,17.2,8.5,C-F,0.00912497061323942
SAS_24,SAS,24,1630170,D. Vassell,0.1186672128908917,0.0170296843917081,52.724968388120274,D. Vassell,2024-25,Devin Vassell,64.0,31.0,16.3,2.9,0.217,0.139,-6.2,50.1,29.5,G-F,-0.014580489952319364
SAS_24,SAS,24,1630200,T. Jones,0.0120169329509763,0.002683775441416,22.685285704924592,T. Jones,,,,,,,,,,,,Forward,-0.008481896006337414
SAS_24,SAS,24,1630572,S. Mamukelashvili,0.0379625836405844,0.0019350979926191,17.90669600496298,S. Mamukelashvili,2024-25,Sandro Mamukelashvili,61.0,11.2,6.3,0.8,0.202,0.108,-1.4,19.1,10.9,F-C,-0.010418539606174775
SAS_24,SAS,24,1630577,J. Champagnie,0.0898538850198006,0.0129982920804482,48.71519117883383,J. Champagnie,2024-25,Julian Champagnie,82.0,23.6,9.9,1.4,0.164,0.078,-2.1,32.3,17.3,F,-0.00903369834601333
SAS_24,SAS,24,1631103,M. Branham,0.0264918749146524,0.0042561766179345,26.527556739809143,M. Branham,2024-25,Malaki Branham,47.0,9.1,5.0,0.8,0.233,0.139,-3.7,14.2,7.3,F,-0.007272066747325399
SAS_24,SAS,24,1631104,B. Wesley,0.0277208794210023,0.0027606924041878,22.180057145543007,B. Wesley,2024-25,Blake Wesley,58.0,11.8,3.7,2.0,0.165,0.225,0.5,20.6,9.3,G,-0.00883322920685379
SAS_24,SAS,24,1631110,J. Sochan,0.0669124675679366,0.0474716119637177,92.77673016716352,J. Sochan,2024-25,Jeremy Sochan,54.0,25.3,11.4,2.4,0.184,0.138,-2.7,39.7,22.0,F,0.03091922484388937
SAS_24,SAS,24,1641705,V. Wembanyama,0.1166188720469752,0.0299096124018956,69.01643143535306,V. Wembanyama,2024-25,Victor Wembanyama,46.0,33.2,24.3,3.7,0.3,0.184,2.6,58.6,41.2,F-C,-0.0009205296661341025
SAS_24,SAS,24,1642264,S. Castle,0.1429741909053666,0.0233790860814335,67.9086724353926,S. Castle,2024-25,Stephon Castle,81.0,26.7,14.7,4.1,0.253,0.231,-4.7,55.0,24.6,G,-0.018645676971636
SAS_24,SAS,24,202687,B. Biyombo,0.0142018298511538,0.035148503840815,74.11924716288375,B. Biyombo,2024-25,Bismack Biyombo,28.0,18.8,5.1,1.1,0.124,0.079,-9.2,26.6,13.4,C,0.023976652504549376
SAS_24,SAS,24,203084,H. Barnes,0.0931312303700669,0.0032460446141262,30.368153266613607,H. Barnes,2024-25,Harrison Barnes,82.0,27.2,12.3,1.7,0.157,0.085,-1.2,36.4,20.4,F,-0.019724099718607647
TOR_24,TOR,24,1627751,J. Poeltl,0.0689841013203988,0.0701683790414057,126.30973715212404,J. Poeltl,2024-25,Jakob Poeltl,57.0,29.6,14.5,2.8,0.184,0.136,-0.7,57.3,34.3,C,0.05319934397742519
TOR_24,TOR,24,1628449,C. Boucher,0.0466181622204257,0.0074435529078842,41.957825955215846,C. Boucher,2024-25,Chris Boucher,50.0,17.2,10.0,0.7,0.208,0.057,-0.2,22.2,13.3,F,-0.005847864822826413
TOR_24,TOR,24,1628971,B. Brown,0.0181891673403395,0.0035049750378137,33.09682892137805,B. Brown,,,,,,,,,,,,Forward,-0.007722649380558742
TOR_24,TOR,24,1629628,R. Barrett,0.1484774993263271,0.0198459783942769,66.68539537273911,R. Barrett,2024-25,RJ Barrett,58.0,32.2,21.1,5.4,0.281,0.257,-3.4,69.8,34.9,F-G,-0.024833340545281715
TOR_24,TOR,24,1630193,I. Quickley,0.0602263540824575,0.0060093486429042,61.14277065410157,I. Quickley,2024-25,Immanuel Quickley,33.0,27.8,17.1,5.8,0.246,0.32,-1.6,63.8,24.8,G,-0.0093041892715486
TOR_24,TOR,24,1630534,O. Agbaji,0.0691188358932902,0.0049022475864248,52.0549952328215,O. Agbaji,2024-25,Ochai Agbaji,64.0,27.2,10.4,1.5,0.144,0.081,-5.7,35.6,21.0,G,-0.01209442281428983
TOR_24,TOR,24,1630558,D. Mitchell,0.0369172729722446,0.0077011926368786,47.30406890241064,D. Mitchell,,,,,,,,,,,,Guard,-0.004557525223247381
TOR_24,TOR,24,1630567,S. Barnes,0.1447049312853678,0.0443049913136792,115.0124006598792,S. Barnes,2024-25,Scottie Barnes,65.0,32.8,19.3,5.8,0.262,0.279,-2.7,75.9,36.5,F-G,0.0014571993230478725
TOR_24,TOR,24,1630639,A. Lawson,0.0249258959849097,0.0046384774314615,32.130526184442594,A. Lawson,2024-25,A.J. Lawson,26.0,18.7,9.1,1.2,0.189,0.093,-1.4,31.0,16.3,G,-0.006813992897927959
TOR_24,TOR,24,1630658,C. Castleton,0.00767987065481,0.0101997228539687,45.67278844674456,C. Castleton,2024-25,Colin Castleton,26.0,16.6,4.7,1.1,0.125,0.092,-2.1,22.0,13.2,C,-0.0010048213339145014
TOR_24,TOR,24,1631115,O. Robinson,0.0274858528698464,0.0110485433382918,48.825784407902326,O. Robinson,2024-25,Orlando Robinson,44.0,17.5,6.9,1.8,0.177,0.152,-4.8,30.5,20.1,Guard,-0.0005323960495842231
TOR_24,TOR,24,1631197,J. Rhoden,0.0109135004042037,0.0088274199855038,50.65980028788829,J. Rhoden,2024-25,Jared Rhoden,14.0,16.2,8.4,1.1,0.183,0.098,14.7,25.3,13.9,G,-0.0023416905062374985
TOR_24,TOR,24,1641711,G. Dick,0.0916195095661546,0.0079757041276468,64.1988260322357,G. Dick,2024-25,Gradey Dick,54.0,29.4,14.4,1.8,0.209,0.087,-5.8,36.3,27.0,G-F,-0.014556878103159393
TOR_24,TOR,24,1642266,J. Walter,0.0507949339800592,0.0056035181343421,56.41703782154338,J. Walter,2024-25,Ja'Kobe Walter,52.0,21.2,8.6,1.6,0.179,0.105,-2.4,28.9,17.5,G,-0.008237329965443995
TOR_24,TOR,24,1642347,J. Shead,0.0683104284559417,0.0044050501600005,52.868689101299445,J. Shead,2024-25,Jamal Shead,75.0,19.6,7.1,4.2,0.179,0.307,-7.8,44.4,17.9,G,-0.012426792833863162
TOR_24,TOR,24,1642367,J. Mogbo,0.0452708164915117,0.0060138108090018,46.95772199713951,J. Mogbo,2024-25,Jonathan Mogbo,63.0,20.4,6.2,2.3,0.145,0.16,-8.2,29.9,18.2,F,-0.007113827704016209
TOR_24,TOR,24,1642419,J. Battle,0.0417677175963352,0.012901090304374,71.80702615052392,J. Battle,2024-25,Jamison Battle,59.0,17.7,7.1,0.9,0.147,0.073,-8.4,20.5,14.2,F,0.00016855781447890593
TOR_24,TOR,24,202066,G. Temple,0.0078146052277014,0.0028034946125484,25.987220478714512,G. Temple,2024-25,Garrett Temple,28.0,8.1,1.9,1.1,0.129,0.171,-4.5,14.1,6.6,G-F,-0.008398818300937659
TOR_24,TOR,24,203482,K. Olynyk,0.0168418216114254,0.001342018662694,16.801996884366243,K. Olynyk,,,,,,,,,,,,Forward-Center,-0.009860328844550596
UTA_24,UTA,24,1628374,L. Markkanen,0.0948756286529835,0.0466663297271257,195.69990710633223,L. Markkanen,2024-25,Lauri Markkanen,47.0,31.4,19.0,1.5,0.231,0.074,-6.1,46.0,28.7,F-C,0.023181006540294716
UTA_24,UTA,24,1628381,J. Collins,0.0754383580263694,0.0025397704365035,77.37213803145427,J. Collins,2024-25,John Collins,40.0,30.5,19.0,2.0,0.234,0.105,-0.9,52.6,29.8,F-C,-0.015826836137230342
UTA_24,UTA,24,1629004,S. Mykhailiuk,0.0388745412532282,0.0029970599110747,44.332618520138496,S. Mykhailiuk,2024-25,Svi Mykhailiuk,38.0,20.0,8.8,2.0,0.198,0.144,-7.4,30.9,15.5,G-F,-0.00944261535634297
UTA_24,UTA,24,1629012,C. Sexton,0.1272257713742014,0.0178801436855688,105.07216698251588,C. Sexton,2024-25,Collin Sexton,63.0,27.9,18.4,4.2,0.264,0.246,-7.5,54.4,28.9,G,-0.017153355649963137
UTA_24,UTA,24,1629234,D. Eubanks,0.0212042952290335,0.032683929246754,145.41733563932627,D. Eubanks,,,,,,,,,,,,Forward-Center,0.021375958730573102
UTA_24,UTA,24,1630231,K. Martin,0.0145439717276063,0.0131002155662782,214.8810822451868,K. Martin,2024-25,KJ Martin,43.0,21.2,6.4,1.1,0.112,0.074,-8.1,25.0,13.3,F,0.001925833332001456
UTA_24,UTA,24,1630548,J. Juzang,0.0606225363599293,0.0266055243467981,130.03936479569356,J. Juzang,2024-25,Johnny Juzang,64.0,19.8,8.9,1.1,0.174,0.08,-13.1,26.0,15.5,G,0.011223084386588875
UTA_24,UTA,24,1630695,M. Potter,0.0165828462688595,0.0055848871692395,72.67205511457905,M. Potter,2024-25,Micah Potter,38.0,18.6,4.3,0.8,0.102,0.058,-7.6,23.2,10.7,C,-0.005613353927859203
UTA_24,UTA,24,1631117,W. Kessler,0.0479815142041593,0.0128878221684535,101.09670411212298,W. Kessler,2024-25,Walker Kessler,58.0,30.0,11.1,1.7,0.133,0.083,-9.1,36.6,22.7,C,-0.0005760019753257867
UTA_24,UTA,24,1631131,O. Tshiebwe,0.0088351230120973,0.0016281413866295,98.58894755909336,O. Tshiebwe,2024-25,Oscar Tshiebwe,14.0,18.2,7.6,0.6,0.144,0.051,-2.5,23.1,14.1,F-C,-0.009559402716058898
UTA_24,UTA,24,1641718,K. George,0.1310316705178741,0.0198274841704129,111.7215842678691,K. George,2024-25,Keyonte George,67.0,31.5,16.8,5.6,0.237,0.272,-11.9,74.5,30.7,G,-0.016813409363875056
UTA_24,UTA,24,1641729,B. Sensabaugh,0.0791083322006252,0.0134396269887332,113.87882679012591,B. Sensabaugh,2024-25,Brice Sensabaugh,71.0,20.2,10.9,1.5,0.208,0.117,-9.6,27.5,17.2,F,-0.00578883248570795
UTA_24,UTA,24,1642262,C. Williams,0.0331656925377191,0.0035663404719694,54.21910316154415,C. Williams,2024-25,Cody Williams,50.0,21.2,4.6,1.2,0.122,0.078,-15.5,23.5,12.1,F,-0.008384249769401957
UTA_24,UTA,24,1642268,I. Collier,0.084001631099633,0.0205957443695417,112.93391577364504,I. Collier,2024-25,Isaiah Collier,71.0,25.9,8.7,6.3,0.186,0.342,-10.4,64.3,22.2,G,0.0001423897827029022
UTA_24,UTA,24,1642271,K. Filipowski,0.0753024330569525,0.0102485090887883,96.78929360730496,K. Filipowski,2024-25,Kyle Filipowski,72.0,21.1,9.6,1.9,0.184,0.14,-11.3,35.1,19.2,C,-0.008087112289999027
UTA_24,UTA,24,201988,P. Mills,0.0099225227674323,0.0087946302843169,125.82865578930053,P. Mills,,,,,,,,,,,,Guard,-0.0023813211909158236
UTA_24,UTA,24,203903,J. Clarkson,0.0676906347696071,0.0026988888310355,41.203415665797,J. Clarkson,2024-25,Jordan Clarkson,37.0,26.0,16.2,3.7,0.269,0.238,-10.0,48.6,28.9,G,-0.014008183876498069
WAS_24,WAS,24,1626158,R. Holmes,0.0139268159475696,0.0610413169898428,131.0078222430059,R. Holmes,2024-25,Richaun Holmes,31.0,17.2,7.4,1.4,0.143,0.112,-4.3,24.1,16.1,F,0.04987119313443687
WAS_24,WAS,24,1627763,M. Brogdon,0.037001638448935,0.0456851860218266,122.19408877910764,M. Brogdon,2024-25,Malcolm Brogdon,24.0,23.5,12.7,4.1,0.231,0.267,-10.4,51.5,22.6,G,0.033418953901703505
WAS_24,WAS,24,1628398,K. Kuzma,0.0662206444565811,0.0236215061330878,84.36131002590956,K. Kuzma,,,,,,,,,,,,Forward,0.007204802318000008
WAS_24,WAS,24,1628963,M. Bagley III,0.0073730202075368,0.0256341183280811,88.76661961826954,M. Bagley III,,,,,,,,,,,,Forward,0.01442424755940447
WAS_24,WAS,24,1629673,J. Poole,0.1466411796832332,0.11849877076251,163.61412878148192,J. Poole,2024-25,Jordan Poole,68.0,29.4,20.5,4.5,0.281,0.254,-13.1,61.4,29.5,G,0.07471738661354954
WAS_24,WAS,24,1630215,J. Butler,0.025805570726379,0.0176858287303854,64.93974429446371,J. Butler,,,,,,,,,,,,Center,0.006191885075490412
WAS_24,WAS,24,1630264,A. Gill,0.0140633533588203,0.0628037481563631,135.35133257480098,A. Gill,2024-25,Anthony Gill,51.0,7.8,2.5,0.3,0.124,0.059,-7.8,8.3,4.9,F,0.05163280083394406
WAS_24,WAS,24,1630551,J. Champagnie,0.051201529219006,0.0064199131118259,47.062667067180485,J. Champagnie,2024-25,Justin Champagnie,62.0,21.6,8.8,1.0,0.15,0.066,-9.7,29.7,15.0,G-F,-0.0074777895107028345
WAS_24,WAS,24,1630557,C. Kispert,0.0791916985253959,0.0132384336005012,62.354417578709686,C. Kispert,2024-25,Corey Kispert,61.0,26.3,11.6,1.7,0.169,0.094,-8.5,34.4,22.0,F,-0.006010169246137656
WAS_24,WAS,24,1631098,J. Davis,0.0105133806663025,0.0207406723013827,77.53041468902502,J. Davis,2024-25,Johnny Davis,34.0,7.1,2.4,0.3,0.15,0.064,-2.5,7.9,4.5,Center,0.00956922710071133
WAS_24,WAS,24,1641731,B. Coulibaly,0.0905243036592026,0.025156496214028,79.32963463333411,B. Coulibaly,2024-25,Bilal Coulibaly,59.0,33.0,12.3,3.4,0.175,0.15,-13.8,50.0,28.1,G,0.0029357554419625585
WAS_24,WAS,24,1641732,C. Jones,0.0111960677225559,0.0252930827356044,94.8710675049802,C. Jones,2024-25,Colby Jones,39.0,13.2,4.0,1.1,0.138,0.123,-10.4,18.1,9.3,G,0.01412527226869273
WAS_24,WAS,24,1641774,T. Vukcevic,0.0353631895139268,0.0251506591162807,77.81947230131522,T. Vukcevic,2024-25,Tristan Vukcevic,35.0,14.6,9.4,1.1,0.252,0.136,-11.7,24.6,17.3,F,0.013025756723872916
WAS_24,WAS,24,1641798,J. Martin,0.0098306936100491,0.0032924415322991,29.01086721344305,J. Martin,2024-25,Jaylen Martin,16.0,14.9,4.9,1.1,0.155,0.12,-27.1,24.1,11.9,G,-0.007884323634485286
WAS_24,WAS,24,1642259,A. Sarr,0.1090933915892954,0.0364852165768332,146.4316207179006,A. Sarr,2024-25,Alex Sarr,67.0,27.1,13.0,2.4,0.23,0.139,-13.7,51.4,31.6,C,0.008390607465729439
WAS_24,WAS,24,1642267,B. Carrington,0.0953031130529765,0.0891019082934972,148.6412274337076,B. Carrington,2024-25,Bub Carrington,82.0,30.0,9.8,4.4,0.154,0.213,-15.2,63.2,25.8,G,0.06548865615567581
WAS_24,WAS,24,1642273,K. George,0.0764609503003823,0.0592002928445739,123.91732095255315,K. George,2024-25,Kyshawn George,68.0,26.5,8.7,2.5,0.156,0.133,-10.1,45.3,21.5,F,0.040598436238334513
WAS_24,WAS,24,1642358,A. Johnson,0.0244401966138722,0.0055999960244671,42.974735901205946,A. Johnson,2024-25,AJ Johnson,29.0,22.0,7.6,2.6,0.173,0.178,-11.5,40.3,18.4,G,-0.005830774385578996
WAS_24,WAS,24,202685,J. Valančiūnas,0.0518842162752594,0.1307888654487461,178.5916662020583,J. Valančiūnas,,,,,,,,,,,,Center,0.11679435771171988
WAS_24,WAS,24,203114,K. Middleton,0.0191152375750955,0.032554287384276,95.7208023783566,K. Middleton,2024-25,Khris Middleton,37.0,22.8,11.9,4.1,0.208,0.251,1.5,40.9,23.1,F,0.021305483048597123
WAS_24,WAS,24,203935,M. Smart,0.0161114145275805,0.0270135520110593,89.56553830989412,M. Smart,2024-25,Marcus Smart,34.0,20.0,9.0,3.2,0.198,0.221,2.6,35.1,18.4,G,0.01582216356814784
