tri,yy,season,full_name,position,abbrev
ATL,22,2022-23,Donovan Williams,G,D. Williams
ATL,22,2022-23,Bruno Fernando,F-C,B. Fernando
ATL,22,2022-23,Jalen Johnson,F,J. Johnson
ATL,22,2022-23,Trent Forrest,G,T. Forrest
ATL,22,2022-23,Aaron Holiday,G,A. Holiday
ATL,22,2022-23,Dejounte Murray,G,D. Murray
ATL,22,2022-23,Trae Young,G,T. Young
ATL,22,2022-23,De'Andre Hunter,F-G,D. Hunter
ATL,22,2022-23,Bogdan Bogdanović,G,B. Bogdanović
ATL,22,2022-23,AJ Griffin,F,A. Griffin
ATL,22,2022-23,Clint Capela,C,C. Capela
ATL,22,2022-23,Onyeka Okongwu,F-C,O. Okongwu
ATL,22,2022-23,John Collins,F-C,J. Collins
ATL,22,2022-23,Tyrese Martin,G,T. Martin
ATL,22,2022-23,Garrison Mathews,G,G. Mathews
ATL,22,2022-23,Vít Krejčí,G,V. Krejčí
ATL,22,2022-23,Saddiq Bey,F,S. Bey
BKN,22,2022-23,Royce O'Neale,F,R. O'Neale
BKN,22,2022-23,RaiQuan Gray,F,R. Gray
BKN,22,2022-23,Mikal Bridges,G-F,M. Bridges
BKN,22,2022-23,Cameron Johnson,F,C. Johnson
BKN,22,2022-23,Edmond Sumner,G,E. Sumner
BKN,22,2022-23,David Duke Jr.,G,D. Duke Jr.
BKN,22,2022-23,Patty Mills,G,P. Mills
BKN,22,2022-23,Dru Smith,G,D. Smith
BKN,22,2022-23,Ben Simmons,G-F,B. Simmons
BKN,22,2022-23,Joe Harris,G-F,J. Harris
BKN,22,2022-23,Yuta Watanabe,G-F,Y. Watanabe
BKN,22,2022-23,Day'Ron Sharpe,C,D. Sharpe
BKN,22,2022-23,Cam Thomas,G,C. Thomas
BKN,22,2022-23,Spencer Dinwiddie,G,S. Dinwiddie
BKN,22,2022-23,Dorian Finney-Smith,F,D. Finney-Smith
BKN,22,2022-23,Seth Curry,G,S. Curry
BKN,22,2022-23,Nic Claxton,C,N. Claxton
BOS,22,2022-23,Jayson Tatum,F-G,J. Tatum
BOS,22,2022-23,Jaylen Brown,G-F,J. Brown
BOS,22,2022-23,Danilo Gallinari,F,D. Gallinari
BOS,22,2022-23,Derrick White,G,D. White
BOS,22,2022-23,Payton Pritchard,G,P. Pritchard
BOS,22,2022-23,Grant Williams,F,G. Williams
BOS,22,2022-23,Malcolm Brogdon,G,M. Brogdon
BOS,22,2022-23,JD Davison,G,J. Davison
BOS,22,2022-23,Mfiondu Kabengele,C,M. Kabengele
BOS,22,2022-23,Sam Hauser,F,S. Hauser
BOS,22,2022-23,Marcus Smart,G,M. Smart
BOS,22,2022-23,Luke Kornet,C-F,L. Kornet
BOS,22,2022-23,Al Horford,C-F,A. Horford
BOS,22,2022-23,Robert Williams III,C-F,R. Williams III
BOS,22,2022-23,Mike Muscala,F-C,M. Muscala
BOS,22,2022-23,Blake Griffin,F,B. Griffin
BOS,22,2022-23,Justin Champagnie,G-F,J. Champagnie
CHA,22,2022-23,LaMelo Ball,G,L. Ball
CHA,22,2022-23,James Bouknight,G,J. Bouknight
CHA,22,2022-23,Terry Rozier,G,T. Rozier
CHA,22,2022-23,Nick Richards,C,N. Richards
CHA,22,2022-23,Mark Williams,C,M. Williams
CHA,22,2022-23,Bryce McGowens,G,B. McGowens
CHA,22,2022-23,Dennis Smith Jr.,G,D. Smith Jr.
CHA,22,2022-23,Theo Maledon,G,T. Maledon
CHA,22,2022-23,Cody Martin,F,C. Martin
CHA,22,2022-23,Kelly Oubre Jr.,F-G,K. Oubre Jr.
CHA,22,2022-23,Svi Mykhailiuk,G-F,S. Mykhailiuk
CHA,22,2022-23,Xavier Sneed,F,X. Sneed
CHA,22,2022-23,Gordon Hayward,F,G. Hayward
CHA,22,2022-23,JT Thor,F,J. Thor
CHA,22,2022-23,Kai Jones,C-F,K. Jones
CHA,22,2022-23,Kobi Simmons,G,K. Simmons
CHA,22,2022-23,P.J. Washington,F,P. Washington
CHI,22,2022-23,Coby White,G,C. White
CHI,22,2022-23,Lonzo Ball,G,L. Ball
CHI,22,2022-23,Andre Drummond,C,A. Drummond
CHI,22,2022-23,Derrick Jones Jr.,F,D. Jones Jr.
CHI,22,2022-23,Alex Caruso,G,A. Caruso
CHI,22,2022-23,Zach LaVine,G,Z. LaVine
CHI,22,2022-23,Nikola Vučević,C,N. Vučević
CHI,22,2022-23,DeMar DeRozan,G-F,D. DeRozan
CHI,22,2022-23,Ayo Dosunmu,G,A. Dosunmu
CHI,22,2022-23,Marko Simonovic,C,M. Simonovic
CHI,22,2022-23,Patrick Beverley,G,P. Beverley
CHI,22,2022-23,Carlik Jones,G,C. Jones
CHI,22,2022-23,Javonte Green,G,J. Green
CHI,22,2022-23,Dalen Terry,F,D. Terry
CHI,22,2022-23,Terry Taylor,F,T. Taylor
CHI,22,2022-23,Justin Lewis,F,J. Lewis
CHI,22,2022-23,Patrick Williams,F,P. Williams
CLE,22,2022-23,Caris LeVert,G,C. LeVert
CLE,22,2022-23,Evan Mobley,C,E. Mobley
CLE,22,2022-23,Lamar Stevens,F,L. Stevens
CLE,22,2022-23,Dylan Windler,G-F,D. Windler
CLE,22,2022-23,Darius Garland,G,D. Garland
CLE,22,2022-23,Ricky Rubio,G,R. Rubio
CLE,22,2022-23,Danny Green,G,D. Green
CLE,22,2022-23,Isaiah Mobley,F,I. Mobley
CLE,22,2022-23,Cedi Osman,F,C. Osman
CLE,22,2022-23,Raul Neto,G,R. Neto
CLE,22,2022-23,Sam Merrill,G,S. Merrill
CLE,22,2022-23,Mamadi Diakite,F,M. Diakite
CLE,22,2022-23,Jarrett Allen,C,J. Allen
CLE,22,2022-23,Dean Wade,F-C,D. Wade
CLE,22,2022-23,Robin Lopez,C,R. Lopez
CLE,22,2022-23,Isaac Okoro,F-G,I. Okoro
CLE,22,2022-23,Donovan Mitchell,G,D. Mitchell
DAL,22,2022-23,JaVale McGee,C-F,J. McGee
DAL,22,2022-23,Justin Holiday,F-G,J. Holiday
DAL,22,2022-23,Theo Pinson,G-F,T. Pinson
DAL,22,2022-23,Kyrie Irving,G,K. Irving
DAL,22,2022-23,Jaden Hardy,G,J. Hardy
DAL,22,2022-23,Dwight Powell,F-C,D. Powell
DAL,22,2022-23,Josh Green,G,J. Green
DAL,22,2022-23,A.J. Lawson,G,A. Lawson
DAL,22,2022-23,Tim Hardaway Jr.,G-F,T. Hardaway Jr.
DAL,22,2022-23,Markieff Morris,F,M. Morris
DAL,22,2022-23,Frank Ntilikina,G,F. Ntilikina
DAL,22,2022-23,McKinley Wright IV,G,M. Wright IV
DAL,22,2022-23,Reggie Bullock Jr.,G-F,R. Bullock Jr.
DAL,22,2022-23,Christian Wood,F,C. Wood
DAL,22,2022-23,Maxi Kleber,F,M. Kleber
DAL,22,2022-23,Davis Bertans,F,D. Bertans
DAL,22,2022-23,Luka Dončić,F-G,L. Dončić
DEN,22,2022-23,Christian Braun,G,C. Braun
DEN,22,2022-23,Michael Porter Jr.,F,M. Porter Jr.
DEN,22,2022-23,Kentavious Caldwell-Pope,G,K. Caldwell-Pope
DEN,22,2022-23,DeAndre Jordan,C,D. Jordan
DEN,22,2022-23,Reggie Jackson,G,R. Jackson
DEN,22,2022-23,Peyton Watson,G,P. Watson
DEN,22,2022-23,Jack White,F,J. White
DEN,22,2022-23,Bruce Brown,G-F,B. Brown
DEN,22,2022-23,Thomas Bryant,C-F,T. Bryant
DEN,22,2022-23,Ish Smith,G,I. Smith
DEN,22,2022-23,Nikola Jokić,C,N. Jokić
DEN,22,2022-23,Collin Gillespie,G,C. Gillespie
DEN,22,2022-23,Zeke Nnaji,F-C,Z. Nnaji
DEN,22,2022-23,Jamal Murray,G,J. Murray
DEN,22,2022-23,Vlatko Čančar,F,V. Čančar
DEN,22,2022-23,Jeff Green,F,J. Green
DEN,22,2022-23,Aaron Gordon,F,A. Gordon
DET,22,2022-23,Jalen Duren,C,J. Duren
DET,22,2022-23,Cade Cunningham,G,C. Cunningham
DET,22,2022-23,Alec Burks,G,A. Burks
DET,22,2022-23,Hamidou Diallo,G,H. Diallo
DET,22,2022-23,Killian Hayes,G,K. Hayes
DET,22,2022-23,Jared Rhoden,G,J. Rhoden
DET,22,2022-23,Isaiah Livers,F,I. Livers
DET,22,2022-23,James Wiseman,C,J. Wiseman
DET,22,2022-23,R.J. Hampton,G,R. Hampton
DET,22,2022-23,Rodney McGruder,G,R. McGruder
DET,22,2022-23,Cory Joseph,G,C. Joseph
DET,22,2022-23,Jaden Ivey,G,J. Ivey
DET,22,2022-23,Buddy Boeheim,F,B. Boeheim
DET,22,2022-23,Isaiah Stewart,F-C,I. Stewart
DET,22,2022-23,Marvin Bagley III,F,M. Bagley III
DET,22,2022-23,Bojan Bogdanovic,F,B. Bogdanovic
DET,22,2022-23,Eugene Omoruyi,F,E. Omoruyi
GSW,22,2022-23,Donte DiVincenzo,G,D. DiVincenzo
GSW,22,2022-23,Jonathan Kuminga,F,J. Kuminga
GSW,22,2022-23,JaMychal Green,F-C,J. Green
GSW,22,2022-23,Ryan Rollins,G,R. Rollins
GSW,22,2022-23,Jordan Poole,G,J. Poole
GSW,22,2022-23,Moses Moody,G,M. Moody
GSW,22,2022-23,Kevon Looney,F,K. Looney
GSW,22,2022-23,Patrick Baldwin Jr.,F,P. Baldwin Jr.
GSW,22,2022-23,Gary Payton II,G,G. Payton II
GSW,22,2022-23,Andre Iguodala,G-F,A. Iguodala
GSW,22,2022-23,Ty Jerome,G-F,T. Jerome
GSW,22,2022-23,Klay Thompson,G,K. Thompson
GSW,22,2022-23,Andrew Wiggins,F,A. Wiggins
GSW,22,2022-23,Draymond Green,F,D. Green
GSW,22,2022-23,Lester Quinones,G,L. Quinones
GSW,22,2022-23,Stephen Curry,G,S. Curry
GSW,22,2022-23,Anthony Lamb,F,A. Lamb
HOU,22,2022-23,Willie Cauley-Stein,C,W. Cauley-Stein
HOU,22,2022-23,TyTy Washington Jr.,G,T. Washington Jr.
HOU,22,2022-23,Jabari Smith Jr.,F,J. Smith Jr.
HOU,22,2022-23,Kevin Porter Jr.,G-F,K. Porter Jr.
HOU,22,2022-23,Jalen Green,G,J. Green
HOU,22,2022-23,D.J. Augustin,G,D. Augustin
HOU,22,2022-23,Darius Days,F,D. Days
HOU,22,2022-23,KJ Martin,F,K. Martin
HOU,22,2022-23,Jae'Sean Tate,F,J. Tate
HOU,22,2022-23,Josh Christopher,G,J. Christopher
HOU,22,2022-23,Trevor Hudgins,G,T. Hudgins
HOU,22,2022-23,Daishen Nix,G,D. Nix
HOU,22,2022-23,Usman Garuba,F,U. Garuba
HOU,22,2022-23,Tari Eason,F,T. Eason
HOU,22,2022-23,Alperen Sengun,C,A. Sengun
HOU,22,2022-23,Frank Kaminsky,F-C,F. Kaminsky
HOU,22,2022-23,Boban Marjanovic,C,B. Marjanovic
IND,22,2022-23,Tyrese Haliburton,G,T. Haliburton
IND,22,2022-23,Bennedict Mathurin,G-F,B. Mathurin
IND,22,2022-23,Andrew Nembhard,G-F,A. Nembhard
IND,22,2022-23,Chris Duarte,G,C. Duarte
IND,22,2022-23,George Hill,G,G. Hill
IND,22,2022-23,T.J. McConnell,G,T. McConnell
IND,22,2022-23,Kendall Brown,G,K. Brown
IND,22,2022-23,Oshae Brissett,F-G,O. Brissett
IND,22,2022-23,Jordan Nwora,F,J. Nwora
IND,22,2022-23,James Johnson,F,J. Johnson
IND,22,2022-23,Isaiah Jackson,F,I. Jackson
IND,22,2022-23,Aaron Nesmith,G-F,A. Nesmith
IND,22,2022-23,Buddy Hield,G,B. Hield
IND,22,2022-23,Jalen Smith,F-C,J. Smith
IND,22,2022-23,Daniel Theis,F-C,D. Theis
IND,22,2022-23,Gabe York,G,G. York
IND,22,2022-23,Myles Turner,C-F,M. Turner
LAC,22,2022-23,Russell Westbrook,G,R. Westbrook
LAC,22,2022-23,Kawhi Leonard,F,K. Leonard
LAC,22,2022-23,Brandon Boston,G,B. Boston
LAC,22,2022-23,Bones Hyland,G,B. Hyland
LAC,22,2022-23,Amir Coffey,G-F,A. Coffey
LAC,22,2022-23,Marcus Morris Sr.,F,M. Morris Sr.
LAC,22,2022-23,Eric Gordon,G,E. Gordon
LAC,22,2022-23,Paul George,F,P. George
LAC,22,2022-23,Terance Mann,G-F,T. Mann
LAC,22,2022-23,Xavier Moon,G,X. Moon
LAC,22,2022-23,Jason Preston,G,J. Preston
LAC,22,2022-23,Robert Covington,F,R. Covington
LAC,22,2022-23,Norman Powell,G,N. Powell
LAC,22,2022-23,Moussa Diabaté,F,M. Diabaté
LAC,22,2022-23,Nicolas Batum,G-F,N. Batum
LAC,22,2022-23,Ivica Zubac,C,I. Zubac
LAC,22,2022-23,Mason Plumlee,F-C,M. Plumlee
LAL,22,2022-23,Shaquille Harrison,G,S. Harrison
LAL,22,2022-23,D'Angelo Russell,G,D. Russell
LAL,22,2022-23,Jarred Vanderbilt,F,J. Vanderbilt
LAL,22,2022-23,Anthony Davis,F-C,A. Davis
LAL,22,2022-23,Lonnie Walker IV,G-F,L. Walker IV
LAL,22,2022-23,Malik Beasley,G,M. Beasley
LAL,22,2022-23,LeBron James,F,L. James
LAL,22,2022-23,Troy Brown Jr.,G-F,T. Brown Jr.
LAL,22,2022-23,Tristan Thompson,C-F,T. Thompson
LAL,22,2022-23,Max Christie,G,M. Christie
LAL,22,2022-23,Mo Bamba,C,M. Bamba
LAL,22,2022-23,Scotty Pippen Jr.,G,S. Pippen Jr.
LAL,22,2022-23,Austin Reaves,G,A. Reaves
LAL,22,2022-23,Dennis Schröder,G,D. Schröder
LAL,22,2022-23,Cole Swider,F,C. Swider
LAL,22,2022-23,Rui Hachimura,F,R. Hachimura
LAL,22,2022-23,Wenyen Gabriel,F,W. Gabriel
MEM,22,2022-23,Jacob Gilyard,G,J. Gilyard
MEM,22,2022-23,Xavier Tillman,F,X. Tillman
MEM,22,2022-23,Jake LaRavia,F,J. LaRavia
MEM,22,2022-23,Steven Adams,C,S. Adams
MEM,22,2022-23,Vince Williams Jr.,G,V. Williams Jr.
MEM,22,2022-23,Kenneth Lofton Jr.,F,K. Lofton Jr.
MEM,22,2022-23,Santi Aldama,F-C,S. Aldama
MEM,22,2022-23,Ziaire Williams,F,Z. Williams
MEM,22,2022-23,Luke Kennard,G,L. Kennard
MEM,22,2022-23,Ja Morant,G,J. Morant
MEM,22,2022-23,Jaren Jackson Jr.,F-C,J. Jackson Jr.
MEM,22,2022-23,Brandon Clarke,F,B. Clarke
MEM,22,2022-23,Tyus Jones,G,T. Jones
MEM,22,2022-23,Desmond Bane,G,D. Bane
MEM,22,2022-23,Dillon Brooks,G-F,D. Brooks
MEM,22,2022-23,David Roddy,F,D. Roddy
MEM,22,2022-23,John Konchar,G,J. Konchar
MIA,22,2022-23,Kevin Love,F-C,K. Love
MIA,22,2022-23,Gabe Vincent,G,G. Vincent
MIA,22,2022-23,Victor Oladipo,G,V. Oladipo
MIA,22,2022-23,Nikola Jović,F,N. Jović
MIA,22,2022-23,Kyle Lowry,G,K. Lowry
MIA,22,2022-23,Jamal Cain,F,J. Cain
MIA,22,2022-23,Bam Adebayo,C-F,B. Adebayo
MIA,22,2022-23,Tyler Herro,G,T. Herro
MIA,22,2022-23,Caleb Martin,F,C. Martin
MIA,22,2022-23,Jimmy Butler III,F,J. Butler III
MIA,22,2022-23,Haywood Highsmith,F,H. Highsmith
MIA,22,2022-23,Orlando Robinson,C,O. Robinson
MIA,22,2022-23,Max Strus,G-F,M. Strus
MIA,22,2022-23,Udonis Haslem,F,U. Haslem
MIA,22,2022-23,Cody Zeller,F-C,C. Zeller
MIA,22,2022-23,Duncan Robinson,F,D. Robinson
MIA,22,2022-23,Omer Yurtseven,C,O. Yurtseven
MIL,22,2022-23,MarJon Beauchamp,F,M. Beauchamp
MIL,22,2022-23,Meyers Leonard,F-C,M. Leonard
MIL,22,2022-23,Jevon Carter,G,J. Carter
MIL,22,2022-23,Joe Ingles,F-G,J. Ingles
MIL,22,2022-23,Bobby Portis,F,B. Portis
MIL,22,2022-23,Brook Lopez,C,B. Lopez
MIL,22,2022-23,Grayson Allen,G,G. Allen
MIL,22,2022-23,AJ Green,G,A. Green
MIL,22,2022-23,Jrue Holiday,G,J. Holiday
MIL,22,2022-23,Khris Middleton,F,K. Middleton
MIL,22,2022-23,Wesley Matthews,G,W. Matthews
MIL,22,2022-23,Pat Connaughton,G,P. Connaughton
MIL,22,2022-23,Lindell Wigginton,G,L. Wigginton
MIL,22,2022-23,Goran Dragic,G,G. Dragic
MIL,22,2022-23,Giannis Antetokounmpo,F,G. Antetokounmpo
MIL,22,2022-23,Thanasis Antetokounmpo,F,T. Antetokounmpo
MIL,22,2022-23,Jae Crowder,F,J. Crowder
MIN,22,2022-23,Anthony Edwards,G,A. Edwards
MIN,22,2022-23,Jaden McDaniels,F,J. McDaniels
MIN,22,2022-23,Jaylen Nowell,G,J. Nowell
MIN,22,2022-23,Kyle Anderson,F-G,K. Anderson
MIN,22,2022-23,Jordan McLaughlin,G,J. McLaughlin
MIN,22,2022-23,Wendell Moore Jr.,G,W. Moore Jr.
MIN,22,2022-23,Josh Minott,F,J. Minott
MIN,22,2022-23,Nickeil Alexander-Walker,G,N. Alexander-Walker
MIN,22,2022-23,Mike Conley,G,M. Conley
MIN,22,2022-23,Naz Reid,C-F,N. Reid
MIN,22,2022-23,Taurean Prince,F,T. Prince
MIN,22,2022-23,Nathan Knight,F-C,N. Knight
MIN,22,2022-23,Austin Rivers,G,A. Rivers
MIN,22,2022-23,Rudy Gobert,C,R. Gobert
MIN,22,2022-23,Karl-Anthony Towns,C-F,K. Towns
MIN,22,2022-23,Matt Ryan,F,M. Ryan
MIN,22,2022-23,Luka Garza,C,L. Garza
NOP,22,2022-23,Dereon Seabron,G,D. Seabron
NOP,22,2022-23,Zion Williamson,F,Z. Williamson
NOP,22,2022-23,Josh Richardson,G,J. Richardson
NOP,22,2022-23,CJ McCollum,G,C. McCollum
NOP,22,2022-23,Herbert Jones,F,H. Jones
NOP,22,2022-23,Naji Marshall,F,N. Marshall
NOP,22,2022-23,Willy Hernangomez,C-F,W. Hernangomez
NOP,22,2022-23,Jaxson Hayes,C-F,J. Hayes
NOP,22,2022-23,Dyson Daniels,G,D. Daniels
NOP,22,2022-23,Kira Lewis Jr.,G,K. Lewis Jr.
NOP,22,2022-23,Brandon Ingram,F,B. Ingram
NOP,22,2022-23,Jose Alvarado,G,J. Alvarado
NOP,22,2022-23,Jonas Valančiūnas,C,J. Valančiūnas
NOP,22,2022-23,Larry Nance Jr.,F-C,L. Nance Jr.
NOP,22,2022-23,Trey Murphy III,F,T. Murphy III
NOP,22,2022-23,E.J. Liddell,F,E. Liddell
NOP,22,2022-23,Garrett Temple,G-F,G. Temple
NYK,22,2022-23,Obi Toppin,F,O. Toppin
NYK,22,2022-23,Miles McBride,G,M. McBride
NYK,22,2022-23,Trevor Keels,G,T. Keels
NYK,22,2022-23,Josh Hart,G,J. Hart
NYK,22,2022-23,Derrick Rose,G,D. Rose
NYK,22,2022-23,Duane Washington Jr.,G,D. Washington Jr.
NYK,22,2022-23,Immanuel Quickley,G,I. Quickley
NYK,22,2022-23,Quentin Grimes,G,Q. Grimes
NYK,22,2022-23,DaQuan Jeffries,G-F,D. Jeffries
NYK,22,2022-23,RJ Barrett,F-G,R. Barrett
NYK,22,2022-23,Jalen Brunson,G,J. Brunson
NYK,22,2022-23,Evan Fournier,G-F,E. Fournier
NYK,22,2022-23,Isaiah Roby,F,I. Roby
NYK,22,2022-23,Mitchell Robinson,C-F,M. Robinson
NYK,22,2022-23,Julius Randle,F-C,J. Randle
NYK,22,2022-23,Jericho Sims,C,J. Sims
NYK,22,2022-23,Isaiah Hartenstein,C-F,I. Hartenstein
OKC,22,2022-23,Shai Gilgeous-Alexander,G,S. Gilgeous-Alexander
OKC,22,2022-23,Josh Giddey,G,J. Giddey
OKC,22,2022-23,Luguentz Dort,G,L. Dort
OKC,22,2022-23,Jaylin Williams,F,J. Williams
OKC,22,2022-23,Chet Holmgren,C-F,C. Holmgren
OKC,22,2022-23,Jalen Williams,G-F,J. Williams
OKC,22,2022-23,Dario Šarić,F-C,D. Šarić
OKC,22,2022-23,Isaiah Joe,G,I. Joe
OKC,22,2022-23,Lindy Waters III,F,L. Waters III
OKC,22,2022-23,Ousmane Dieng,F,O. Dieng
OKC,22,2022-23,Jared Butler,G,J. Butler
OKC,22,2022-23,Aleksej Pokusevski,F,A. Pokusevski
OKC,22,2022-23,Aaron Wiggins,G,A. Wiggins
OKC,22,2022-23,Tre Mann,G,T. Mann
OKC,22,2022-23,Olivier Sarr,C,O. Sarr
OKC,22,2022-23,Kenrich Williams,G-F,K. Williams
OKC,22,2022-23,Jeremiah Robinson-Earl,F,J. Robinson-Earl
ORL,22,2022-23,Jonathan Isaac,F,J. Isaac
ORL,22,2022-23,Caleb Houstan,G,C. Houstan
ORL,22,2022-23,Chuma Okeke,F,C. Okeke
ORL,22,2022-23,Jalen Suggs,G,J. Suggs
ORL,22,2022-23,Paolo Banchero,F,P. Banchero
ORL,22,2022-23,Kevon Harris,G,K. Harris
ORL,22,2022-23,Bol Bol,C-F,B. Bol
ORL,22,2022-23,Michael Carter-Williams,G,M. Carter-Williams
ORL,22,2022-23,Gary Harris,G,G. Harris
ORL,22,2022-23,Markelle Fultz,G,M. Fultz
ORL,22,2022-23,Moritz Wagner,F-C,M. Wagner
ORL,22,2022-23,Franz Wagner,F,F. Wagner
ORL,22,2022-23,Admiral Schofield,F,A. Schofield
ORL,22,2022-23,Wendell Carter Jr.,C-F,W. Carter Jr.
ORL,22,2022-23,Cole Anthony,G,C. Anthony
ORL,22,2022-23,Goga Bitadze,C-F,G. Bitadze
PHI,22,2022-23,Tyrese Maxey,G,T. Maxey
PHI,22,2022-23,James Harden,G,J. Harden
PHI,22,2022-23,Montrezl Harrell,F-C,M. Harrell
PHI,22,2022-23,Jalen McDaniels,F-C,J. McDaniels
PHI,22,2022-23,De'Anthony Melton,G,D. Melton
PHI,22,2022-23,Mac McClung,G,M. McClung
PHI,22,2022-23,Jaden Springer,G,J. Springer
PHI,22,2022-23,Tobias Harris,F,T. Harris
PHI,22,2022-23,Dewayne Dedmon,C,D. Dedmon
PHI,22,2022-23,P.J. Tucker,F,P. Tucker
PHI,22,2022-23,Shake Milton,G-F,S. Milton
PHI,22,2022-23,Georges Niang,F,G. Niang
PHI,22,2022-23,Joel Embiid,C-F,J. Embiid
PHI,22,2022-23,Louis King,F,L. King
PHI,22,2022-23,Danuel House Jr.,F-G,D. House Jr.
PHI,22,2022-23,Furkan Korkmaz,G-F,F. Korkmaz
PHI,22,2022-23,Paul Reed,F,P. Reed
PHX,22,2022-23,Torrey Craig,F,T. Craig
PHX,22,2022-23,Devin Booker,G,D. Booker
PHX,22,2022-23,Josh Okogie,G,J. Okogie
PHX,22,2022-23,Chris Paul,G,C. Paul
PHX,22,2022-23,Terrence Ross,G-F,T. Ross
PHX,22,2022-23,Damion Lee,G-F,D. Lee
PHX,22,2022-23,Jock Landale,C,J. Landale
PHX,22,2022-23,Ish Wainright,F,I. Wainright
PHX,22,2022-23,Landry Shamet,G,L. Shamet
PHX,22,2022-23,Cameron Payne,G,C. Payne
PHX,22,2022-23,Bismack Biyombo,C,B. Biyombo
PHX,22,2022-23,T.J. Warren,F,T. Warren
PHX,22,2022-23,Deandre Ayton,C,D. Ayton
PHX,22,2022-23,Kevin Durant,F,K. Durant
PHX,22,2022-23,Saben Lee,G,S. Lee
PHX,22,2022-23,Darius Bazley,F,D. Bazley
POR,22,2022-23,Damian Lillard,G,D. Lillard
POR,22,2022-23,Anfernee Simons,G,A. Simons
POR,22,2022-23,Trendon Watford,F,T. Watford
POR,22,2022-23,Matisse Thybulle,G-F,M. Thybulle
POR,22,2022-23,Cam Reddish,F-G,C. Reddish
POR,22,2022-23,Keon Johnson,G,K. Johnson
POR,22,2022-23,Jerami Grant,F,J. Grant
POR,22,2022-23,Nassir Little,F-G,N. Little
POR,22,2022-23,Kevin Knox II,F,K. Knox II
POR,22,2022-23,Shaedon Sharpe,G,S. Sharpe
POR,22,2022-23,John Butler Jr.,F,J. Butler Jr.
POR,22,2022-23,Drew Eubanks,F-C,D. Eubanks
POR,22,2022-23,Justise Winslow,F-G,J. Winslow
POR,22,2022-23,Jusuf Nurkić,C,J. Nurkić
POR,22,2022-23,Jabari Walker,F,J. Walker
POR,22,2022-23,Ibou Badji,C,I. Badji
POR,22,2022-23,Nate Williams,G,N. Williams
SAC,22,2022-23,Malik Monk,G,M. Monk
SAC,22,2022-23,Terence Davis,G,T. Davis
SAC,22,2022-23,De'Aaron Fox,G,D. Fox
SAC,22,2022-23,Chimezie Metu,F-C,C. Metu
SAC,22,2022-23,Matthew Dellavedova,G,M. Dellavedova
SAC,22,2022-23,Kevin Huerter,G-F,K. Huerter
SAC,22,2022-23,Domantas Sabonis,F-C,D. Sabonis
SAC,22,2022-23,Keegan Murray,F,K. Murray
SAC,22,2022-23,Davion Mitchell,G,D. Mitchell
SAC,22,2022-23,Kessler Edwards,F,K. Edwards
SAC,22,2022-23,Richaun Holmes,F,R. Holmes
SAC,22,2022-23,Keon Ellis,G,K. Ellis
SAC,22,2022-23,Alex Len,C,A. Len
SAC,22,2022-23,PJ Dozier,G-F,P. Dozier
SAC,22,2022-23,Harrison Barnes,F,H. Barnes
SAC,22,2022-23,Trey Lyles,F,T. Lyles
SAC,22,2022-23,Neemias Queta,C,N. Queta
SAS,22,2022-23,Keldon Johnson,F-G,K. Johnson
SAS,22,2022-23,Devonte' Graham,G,D. Graham
SAS,22,2022-23,Jeremy Sochan,F,J. Sochan
SAS,22,2022-23,Blake Wesley,G,B. Wesley
SAS,22,2022-23,Doug McDermott,F,D. McDermott
SAS,22,2022-23,Malaki Branham,F,M. Branham
SAS,22,2022-23,Zach Collins,F-C,Z. Collins
SAS,22,2022-23,Khem Birch,C,K. Birch
SAS,22,2022-23,Devin Vassell,G-F,D. Vassell
SAS,22,2022-23,Dominick Barlow,F,D. Barlow
SAS,22,2022-23,Charles Bassey,C-F,C. Bassey
SAS,22,2022-23,Julian Champagnie,F,J. Champagnie
SAS,22,2022-23,Keita Bates-Diop,F,K. Bates-Diop
SAS,22,2022-23,Tre Jones,G,T. Jones
SAS,22,2022-23,Romeo Langford,G-F,R. Langford
SAS,22,2022-23,Gorgui Dieng,C,G. Dieng
SAS,22,2022-23,Sandro Mamukelashvili,F-C,S. Mamukelashvili
TOR,22,2022-23,Will Barton,G,W. Barton
TOR,22,2022-23,OG Anunoby,F,O. Anunoby
TOR,22,2022-23,Scottie Barnes,F,S. Barnes
TOR,22,2022-23,Precious Achiuwa,F,P. Achiuwa
TOR,22,2022-23,Ron Harper Jr.,F,R. Harper Jr.
TOR,22,2022-23,Joe Wieskamp,G-F,J. Wieskamp
TOR,22,2022-23,Jakob Poeltl,C,J. Poeltl
TOR,22,2022-23,Jeff Dowtin Jr.,G,J. Dowtin Jr.
TOR,22,2022-23,Thaddeus Young,F,T. Young
TOR,22,2022-23,Malachi Flynn,G,M. Flynn
TOR,22,2022-23,Fred VanVleet,G,F. VanVleet
TOR,22,2022-23,Chris Boucher,F-C,C. Boucher
TOR,22,2022-23,Otto Porter Jr.,F,O. Porter Jr.
TOR,22,2022-23,Gary Trent Jr.,G-F,G. Trent Jr.
TOR,22,2022-23,Christian Koloko,C,C. Koloko
TOR,22,2022-23,Pascal Siakam,F,P. Siakam
TOR,22,2022-23,Dalano Banton,F,D. Banton
UTA,22,2022-23,Jordan Clarkson,G,J. Clarkson
UTA,22,2022-23,Talen Horton-Tucker,G,T. Horton-Tucker
UTA,22,2022-23,Collin Sexton,G,C. Sexton
UTA,22,2022-23,Kris Dunn,G,K. Dunn
UTA,22,2022-23,Vernon Carey Jr.,C,V. Carey Jr.
UTA,22,2022-23,Damian Jones,C,D. Jones
UTA,22,2022-23,Simone Fontecchio,F,S. Fontecchio
UTA,22,2022-23,Luka Samanic,F,L. Samanic
UTA,22,2022-23,Udoka Azubuike,C-F,U. Azubuike
UTA,22,2022-23,Rudy Gay,F-G,R. Gay
UTA,22,2022-23,Lauri Markkanen,F-C,L. Markkanen
UTA,22,2022-23,Walker Kessler,C,W. Kessler
UTA,22,2022-23,Micah Potter,C,M. Potter
UTA,22,2022-23,Ochai Agbaji,G,O. Agbaji
UTA,22,2022-23,Johnny Juzang,G,J. Juzang
UTA,22,2022-23,Kelly Olynyk,F-C,K. Olynyk
UTA,22,2022-23,Juan Toscano-Anderson,F,J. Toscano-Anderson
WAS,22,2022-23,Johnny Davis,G,J. Davis
WAS,22,2022-23,Bradley Beal,G,B. Beal
WAS,22,2022-23,Kristaps Porziņģis,F-C,K. Porziņģis
WAS,22,2022-23,Jordan Goodwin,G,J. Goodwin
WAS,22,2022-23,Deni Avdija,F,D. Avdija
WAS,22,2022-23,Xavier Cooks,F,X. Cooks
WAS,22,2022-23,Isaiah Todd,F,I. Todd
WAS,22,2022-23,Anthony Gill,F,A. Gill
WAS,22,2022-23,Kendrick Nunn,G,K. Nunn
WAS,22,2022-23,Daniel Gafford,F-C,D. Gafford
WAS,22,2022-23,Monté Morris,G,M. Morris
WAS,22,2022-23,Corey Kispert,F,C. Kispert
WAS,22,2022-23,Quenton Jackson,G,Q. Jackson
WAS,22,2022-23,Kyle Kuzma,F,K. Kuzma
WAS,22,2022-23,Jay Huff,C,J. Huff
WAS,22,2022-23,Delon Wright,G,D. Wright
WAS,22,2022-23,Taj Gibson,F,T. Gibson
ATL,23,2023-24,Jalen Johnson,F,J. Johnson
ATL,23,2023-24,Trent Forrest,G,T. Forrest
ATL,23,2023-24,Seth Lundy,G-F,S. Lundy
ATL,23,2023-24,Kobe Bufkin,G,K. Bufkin
ATL,23,2023-24,Dejounte Murray,G,D. Murray
ATL,23,2023-24,Trae Young,G,T. Young
ATL,23,2023-24,De'Andre Hunter,F-G,D. Hunter
ATL,23,2023-24,Bogdan Bogdanović,G,B. Bogdanović
ATL,23,2023-24,AJ Griffin,F,A. Griffin
ATL,23,2023-24,Clint Capela,C,C. Capela
ATL,23,2023-24,Onyeka Okongwu,F-C,O. Okongwu
ATL,23,2023-24,Mouhamed Gueye,F,M. Gueye
ATL,23,2023-24,Dylan Windler,G-F,D. Windler
ATL,23,2023-24,Bruno Fernando,F-C,B. Fernando
ATL,23,2023-24,Garrison Mathews,G,G. Mathews
ATL,23,2023-24,Vít Krejčí,G,V. Krejčí
ATL,23,2023-24,Wesley Matthews,G,W. Matthews
ATL,23,2023-24,Saddiq Bey,G-F,S. Bey
BKN,23,2023-24,Dariq Whitehead,F,D. Whitehead
BKN,23,2023-24,Mikal Bridges,G-F,M. Bridges
BKN,23,2023-24,Cameron Johnson,F,C. Johnson
BKN,23,2023-24,Dennis Smith Jr.,G,D. Smith Jr.
BKN,23,2023-24,Lonnie Walker IV,G-F,L. Walker IV
BKN,23,2023-24,Trendon Watford,F,T. Watford
BKN,23,2023-24,Ben Simmons,G-F,B. Simmons
BKN,23,2023-24,Keita Bates-Diop,F,K. Bates-Diop
BKN,23,2023-24,Jacob Gilyard,G,J. Gilyard
BKN,23,2023-24,Jaylen Martin,G,J. Martin
BKN,23,2023-24,Dennis Schröder,G,D. Schröder
BKN,23,2023-24,Day'Ron Sharpe,C,D. Sharpe
BKN,23,2023-24,Noah Clowney,F,N. Clowney
BKN,23,2023-24,Jalen Wilson,F,J. Wilson
BKN,23,2023-24,Cam Thomas,G,C. Thomas
BKN,23,2023-24,Dorian Finney-Smith,F,D. Finney-Smith
BKN,23,2023-24,Nic Claxton,C,N. Claxton
BKN,23,2023-24,Keon Johnson,G,K. Johnson
BOS,23,2023-24,Jayson Tatum,F-G,J. Tatum
BOS,23,2023-24,Jrue Holiday,G,J. Holiday
BOS,23,2023-24,Jaylen Brown,G-F,J. Brown
BOS,23,2023-24,Kristaps Porziņģis,F-C,K. Porziņģis
BOS,23,2023-24,Derrick White,G,D. White
BOS,23,2023-24,Payton Pritchard,G,P. Pritchard
BOS,23,2023-24,Oshae Brissett,F-G,O. Brissett
BOS,23,2023-24,Drew Peterson,F,D. Peterson
BOS,23,2023-24,JD Davison,G,J. Davison
BOS,23,2023-24,Xavier Tillman,F,X. Tillman
BOS,23,2023-24,Jordan Walsh,G,J. Walsh
BOS,23,2023-24,Sam Hauser,F,S. Hauser
BOS,23,2023-24,Luke Kornet,C-F,L. Kornet
BOS,23,2023-24,Al Horford,C-F,A. Horford
BOS,23,2023-24,Jaden Springer,G,J. Springer
BOS,23,2023-24,Svi Mykhailiuk,G-F,S. Mykhailiuk
BOS,23,2023-24,Neemias Queta,C,N. Queta
CHA,23,2023-24,Miles Bridges,F,M. Bridges
CHA,23,2023-24,LaMelo Ball,G,L. Ball
CHA,23,2023-24,Grant Williams,F,G. Williams
CHA,23,2023-24,Nick Richards,C,N. Richards
CHA,23,2023-24,Mark Williams,C,M. Williams
CHA,23,2023-24,Bryce McGowens,G,B. McGowens
CHA,23,2023-24,Nick Smith Jr.,G,N. Smith Jr.
CHA,23,2023-24,Davis Bertans,F,D. Bertans
CHA,23,2023-24,Amari Bailey,G,A. Bailey
CHA,23,2023-24,Cody Martin,F,C. Martin
CHA,23,2023-24,Marques Bolden,C,M. Bolden
CHA,23,2023-24,Leaky Black,F,L. Black
CHA,23,2023-24,Aleksej Pokusevski,F,A. Pokusevski
CHA,23,2023-24,JT Thor,F,J. Thor
CHA,23,2023-24,Vasilije Micic,G,V. Micic
CHA,23,2023-24,Tre Mann,G,T. Mann
CHA,23,2023-24,Brandon Miller,F,B. Miller
CHA,23,2023-24,Seth Curry,G,S. Curry
CHI,23,2023-24,Andrew Funk,G,A. Funk
CHI,23,2023-24,Coby White,G,C. White
CHI,23,2023-24,Lonzo Ball,G,L. Ball
CHI,23,2023-24,Andre Drummond,C,A. Drummond
CHI,23,2023-24,Jevon Carter,G,J. Carter
CHI,23,2023-24,Alex Caruso,G,A. Caruso
CHI,23,2023-24,Zach LaVine,G,Z. LaVine
CHI,23,2023-24,Nikola Vučević,C,N. Vučević
CHI,23,2023-24,DeMar DeRozan,G-F,D. DeRozan
CHI,23,2023-24,Ayo Dosunmu,G,A. Dosunmu
CHI,23,2023-24,Torrey Craig,F,T. Craig
CHI,23,2023-24,Julian Phillips,F,J. Phillips
CHI,23,2023-24,Onuralp Bitim,F,O. Bitim
CHI,23,2023-24,Adama Sanogo,F,A. Sanogo
CHI,23,2023-24,Javonte Green,G,J. Green
CHI,23,2023-24,Dalen Terry,F,D. Terry
CHI,23,2023-24,Patrick Williams,F,P. Williams
CHI,23,2023-24,Henri Drell,F,H. Drell
CLE,23,2023-24,Max Strus,G-F,M. Strus
CLE,23,2023-24,Ty Jerome,G-F,T. Jerome
CLE,23,2023-24,Caris LeVert,G,C. LeVert
CLE,23,2023-24,Evan Mobley,C,E. Mobley
CLE,23,2023-24,Sam Merrill,G,S. Merrill
CLE,23,2023-24,Pete Nance,F,P. Nance
CLE,23,2023-24,Craig Porter Jr.,G,C. Porter Jr.
CLE,23,2023-24,Darius Garland,G,D. Garland
CLE,23,2023-24,Tristan Thompson,C-F,T. Thompson
CLE,23,2023-24,Isaiah Mobley,F,I. Mobley
CLE,23,2023-24,Georges Niang,F,G. Niang
CLE,23,2023-24,Emoni Bates,F,E. Bates
CLE,23,2023-24,Marcus Morris Sr.,F,M. Morris Sr.
CLE,23,2023-24,Damian Jones,C,D. Jones
CLE,23,2023-24,Jarrett Allen,C,J. Allen
CLE,23,2023-24,Dean Wade,F-C,D. Wade
CLE,23,2023-24,Isaac Okoro,F-G,I. Okoro
CLE,23,2023-24,Donovan Mitchell,G,D. Mitchell
DAL,23,2023-24,Danté Exum,G,D. Exum
DAL,23,2023-24,Brandon Williams,G,B. Williams
DAL,23,2023-24,Jaden Hardy,G,J. Hardy
DAL,23,2023-24,Dereck Lively II,C,D. Lively II
DAL,23,2023-24,Dwight Powell,F-C,D. Powell
DAL,23,2023-24,Josh Green,G,J. Green
DAL,23,2023-24,A.J. Lawson,G,A. Lawson
DAL,23,2023-24,Tim Hardaway Jr.,G-F,T. Hardaway Jr.
DAL,23,2023-24,Kyrie Irving,G,K. Irving
DAL,23,2023-24,Alex Fudge,F,A. Fudge
DAL,23,2023-24,Olivier-Maxence Prosper,F,O. Prosper
DAL,23,2023-24,Daniel Gafford,F-C,D. Gafford
DAL,23,2023-24,P.J. Washington,F,P. Washington
DAL,23,2023-24,Greg Brown III,F,G. Brown III
DAL,23,2023-24,Maxi Kleber,F,M. Kleber
DAL,23,2023-24,Derrick Jones Jr.,F,D. Jones Jr.
DAL,23,2023-24,Luka Dončić,F-G,L. Dončić
DAL,23,2023-24,Markieff Morris,F,M. Morris
DEN,23,2023-24,Christian Braun,G,C. Braun
DEN,23,2023-24,Michael Porter Jr.,F,M. Porter Jr.
DEN,23,2023-24,Julian Strawther,G,J. Strawther
DEN,23,2023-24,Hunter Tyson,F,H. Tyson
DEN,23,2023-24,Kentavious Caldwell-Pope,G,K. Caldwell-Pope
DEN,23,2023-24,DeAndre Jordan,C,D. Jordan
DEN,23,2023-24,Reggie Jackson,G,R. Jackson
DEN,23,2023-24,Peyton Watson,G,P. Watson
DEN,23,2023-24,Justin Holiday,F-G,J. Holiday
DEN,23,2023-24,Braxton Key,F,B. Key
DEN,23,2023-24,Nikola Jokić,C,N. Jokić
DEN,23,2023-24,Collin Gillespie,G,C. Gillespie
DEN,23,2023-24,Zeke Nnaji,F-C,Z. Nnaji
DEN,23,2023-24,Jalen Pickett,G,J. Pickett
DEN,23,2023-24,Jamal Murray,G,J. Murray
DEN,23,2023-24,Jay Huff,C,J. Huff
DEN,23,2023-24,Vlatko Čančar,F,V. Čančar
DEN,23,2023-24,Aaron Gordon,F,A. Gordon
DET,23,2023-24,Jalen Duren,C,J. Duren
DET,23,2023-24,Cade Cunningham,G,C. Cunningham
DET,23,2023-24,Chimezie Metu,F-C,C. Metu
DET,23,2023-24,Troy Brown Jr.,G-F,T. Brown Jr.
DET,23,2023-24,Jared Rhoden,G,J. Rhoden
DET,23,2023-24,Ausar Thompson,G-F,A. Thompson
DET,23,2023-24,James Wiseman,C,J. Wiseman
DET,23,2023-24,Stanley Umude,G,S. Umude
DET,23,2023-24,Tosan Evbuomwan,F,T. Evbuomwan
DET,23,2023-24,Malachi Flynn,G,M. Flynn
DET,23,2023-24,Simone Fontecchio,F,S. Fontecchio
DET,23,2023-24,Jaden Ivey,G,J. Ivey
DET,23,2023-24,Quentin Grimes,G,Q. Grimes
DET,23,2023-24,Marcus Sasser,G,M. Sasser
DET,23,2023-24,Buddy Boeheim,F,B. Boeheim
DET,23,2023-24,Isaiah Stewart,F-C,I. Stewart
DET,23,2023-24,Evan Fournier,G-F,E. Fournier
DET,23,2023-24,Taj Gibson,F,T. Gibson
GSW,23,2023-24,Gary Payton II,G,G. Payton II
GSW,23,2023-24,Jonathan Kuminga,F,J. Kuminga
GSW,23,2023-24,Brandin Podziemski,G,B. Podziemski
GSW,23,2023-24,Chris Paul,G,C. Paul
GSW,23,2023-24,Moses Moody,G,M. Moody
GSW,23,2023-24,Kevon Looney,F,K. Looney
GSW,23,2023-24,Klay Thompson,G,K. Thompson
GSW,23,2023-24,Usman Garuba,F,U. Garuba
GSW,23,2023-24,Gui Santos,F,G. Santos
GSW,23,2023-24,Jerome Robinson,G,J. Robinson
GSW,23,2023-24,Dario Šarić,F-C,D. Šarić
GSW,23,2023-24,Andrew Wiggins,F,A. Wiggins
GSW,23,2023-24,Draymond Green,F,D. Green
GSW,23,2023-24,Lester Quinones,G,L. Quinones
GSW,23,2023-24,Stephen Curry,G,S. Curry
GSW,23,2023-24,Trayce Jackson-Davis,F,T. Jackson-Davis
GSW,23,2023-24,Pat Spencer,G,P. Spencer
HOU,23,2023-24,Aaron Holiday,G,A. Holiday
HOU,23,2023-24,Jermaine Samuels Jr.,F,J. Samuels Jr.
HOU,23,2023-24,Amen Thompson,G-F,A. Thompson
HOU,23,2023-24,Jock Landale,C,J. Landale
HOU,23,2023-24,Jalen Green,G,J. Green
HOU,23,2023-24,Fred VanVleet,G,F. VanVleet
HOU,23,2023-24,Cam Whitmore,F,C. Whitmore
HOU,23,2023-24,Jae'Sean Tate,F,J. Tate
HOU,23,2023-24,Dillon Brooks,G-F,D. Brooks
HOU,23,2023-24,Jabari Smith Jr.,F,J. Smith Jr.
HOU,23,2023-24,Steven Adams,C,S. Adams
HOU,23,2023-24,Nate Hinton,G-F,N. Hinton
HOU,23,2023-24,Tari Eason,F,T. Eason
HOU,23,2023-24,Nate Williams,G,N. Williams
HOU,23,2023-24,Reggie Bullock Jr.,G-F,R. Bullock Jr.
HOU,23,2023-24,Alperen Sengun,C,A. Sengun
HOU,23,2023-24,Jeff Green,F,J. Green
HOU,23,2023-24,Boban Marjanovic,C,B. Marjanovic
IND,23,2023-24,Tyrese Haliburton,G,T. Haliburton
IND,23,2023-24,Bennedict Mathurin,G-F,B. Mathurin
IND,23,2023-24,Obi Toppin,F,O. Toppin
IND,23,2023-24,Andrew Nembhard,G-F,A. Nembhard
IND,23,2023-24,Jarace Walker,F,J. Walker
IND,23,2023-24,T.J. McConnell,G,T. McConnell
IND,23,2023-24,Kendall Brown,G,K. Brown
IND,23,2023-24,James Johnson,F,J. Johnson
IND,23,2023-24,Doug McDermott,F,D. McDermott
IND,23,2023-24,Isaiah Wong,G,I. Wong
IND,23,2023-24,Isaiah Jackson,F,I. Jackson
IND,23,2023-24,Aaron Nesmith,G-F,A. Nesmith
IND,23,2023-24,Jalen Smith,F-C,J. Smith
IND,23,2023-24,Ben Sheppard,G,B. Sheppard
IND,23,2023-24,Quenton Jackson,G,Q. Jackson
IND,23,2023-24,Myles Turner,C-F,M. Turner
IND,23,2023-24,Pascal Siakam,F,P. Siakam
IND,23,2023-24,Oscar Tshiebwe,F-C,O. Tshiebwe
LAC,23,2023-24,Russell Westbrook,G,R. Westbrook
LAC,23,2023-24,James Harden,G,J. Harden
LAC,23,2023-24,Kawhi Leonard,F,K. Leonard
LAC,23,2023-24,Brandon Boston,G,B. Boston
LAC,23,2023-24,Bones Hyland,G,B. Hyland
LAC,23,2023-24,Amir Coffey,G-F,A. Coffey
LAC,23,2023-24,Daniel Theis,F-C,D. Theis
LAC,23,2023-24,Jordan Miller,G,J. Miller
LAC,23,2023-24,Paul George,F,P. George
LAC,23,2023-24,Terance Mann,G-F,T. Mann
LAC,23,2023-24,P.J. Tucker,F,P. Tucker
LAC,23,2023-24,Kobe Brown,F,K. Brown
LAC,23,2023-24,Xavier Moon,G,X. Moon
LAC,23,2023-24,Kai Jones,C-F,K. Jones
LAC,23,2023-24,Norman Powell,G,N. Powell
LAC,23,2023-24,Moussa Diabaté,F,M. Diabaté
LAC,23,2023-24,Ivica Zubac,C,I. Zubac
LAC,23,2023-24,Mason Plumlee,F-C,M. Plumlee
LAL,23,2023-24,Jalen Hood-Schifino,G,J. Hood-Schifino
LAL,23,2023-24,D'Angelo Russell,G,D. Russell
LAL,23,2023-24,Jarred Vanderbilt,F,J. Vanderbilt
LAL,23,2023-24,Anthony Davis,F-C,A. Davis
LAL,23,2023-24,Skylar Mays,G,S. Mays
LAL,23,2023-24,Cam Reddish,F-G,C. Reddish
LAL,23,2023-24,Gabe Vincent,G,G. Vincent
LAL,23,2023-24,Max Christie,G,M. Christie
LAL,23,2023-24,Jaxson Hayes,C-F,J. Hayes
LAL,23,2023-24,Taurean Prince,F,T. Prince
LAL,23,2023-24,Colin Castleton,C,C. Castleton
LAL,23,2023-24,Austin Reaves,G,A. Reaves
LAL,23,2023-24,Harry Giles III,F-C,H. Giles III
LAL,23,2023-24,Maxwell Lewis,F,M. Lewis
LAL,23,2023-24,LeBron James,F,L. James
LAL,23,2023-24,Spencer Dinwiddie,G,S. Dinwiddie
LAL,23,2023-24,Rui Hachimura,F,R. Hachimura
LAL,23,2023-24,Christian Wood,F,C. Wood
MEM,23,2023-24,Jordan Goodwin,G,J. Goodwin
MEM,23,2023-24,Scotty Pippen Jr.,G,S. Pippen Jr.
MEM,23,2023-24,Jake LaRavia,F,J. LaRavia
MEM,23,2023-24,Vince Williams Jr.,G,V. Williams Jr.
MEM,23,2023-24,Santi Aldama,F-C,S. Aldama
MEM,23,2023-24,Ziaire Williams,F,Z. Williams
MEM,23,2023-24,Luke Kennard,G,L. Kennard
MEM,23,2023-24,Ja Morant,G,J. Morant
MEM,23,2023-24,Jaren Jackson Jr.,F-C,J. Jackson Jr.
MEM,23,2023-24,Brandon Clarke,F,B. Clarke
MEM,23,2023-24,Yuta Watanabe,G-F,Y. Watanabe
MEM,23,2023-24,Desmond Bane,G,D. Bane
MEM,23,2023-24,Derrick Rose,G,D. Rose
MEM,23,2023-24,Lamar Stevens,F,L. Stevens
MEM,23,2023-24,Marcus Smart,G,M. Smart
MEM,23,2023-24,GG Jackson,F,G. Jackson
MEM,23,2023-24,John Konchar,G,J. Konchar
MEM,23,2023-24,Trey Jemison III,C,T. Jemison III
MIA,23,2023-24,Josh Richardson,G,J. Richardson
MIA,23,2023-24,Terry Rozier,G,T. Rozier
MIA,23,2023-24,Delon Wright,G,D. Wright
MIA,23,2023-24,Nikola Jović,F,N. Jović
MIA,23,2023-24,Jamal Cain,F,J. Cain
MIA,23,2023-24,Patty Mills,G,P. Mills
MIA,23,2023-24,Jaime Jaquez Jr.,G,J. Jaquez Jr.
MIA,23,2023-24,Bam Adebayo,C-F,B. Adebayo
MIA,23,2023-24,Tyler Herro,G,T. Herro
MIA,23,2023-24,Alondes Williams,G,A. Williams
MIA,23,2023-24,Caleb Martin,F,C. Martin
MIA,23,2023-24,Cole Swider,F,C. Swider
MIA,23,2023-24,Jimmy Butler III,F,J. Butler III
MIA,23,2023-24,Haywood Highsmith,F,H. Highsmith
MIA,23,2023-24,Orlando Robinson,C,O. Robinson
MIA,23,2023-24,Thomas Bryant,C-F,T. Bryant
MIA,23,2023-24,Kevin Love,F-C,K. Love
MIA,23,2023-24,Duncan Robinson,F,D. Robinson
MIL,23,2023-24,Jaylin Galloway,F,J. Galloway
MIL,23,2023-24,Damian Lillard,G,D. Lillard
MIL,23,2023-24,MarJon Beauchamp,F,M. Beauchamp
MIL,23,2023-24,Malik Beasley,G,M. Beasley
MIL,23,2023-24,Chris Livingston,F,C. Livingston
MIL,23,2023-24,Bobby Portis,F,B. Portis
MIL,23,2023-24,Brook Lopez,C,B. Lopez
MIL,23,2023-24,Danilo Gallinari,F,D. Gallinari
MIL,23,2023-24,AJ Green,G,A. Green
MIL,23,2023-24,Patrick Beverley,G,P. Beverley
MIL,23,2023-24,Khris Middleton,F,K. Middleton
MIL,23,2023-24,TyTy Washington Jr.,G,T. Washington Jr.
MIL,23,2023-24,Pat Connaughton,G,P. Connaughton
MIL,23,2023-24,Giannis Antetokounmpo,F,G. Antetokounmpo
MIL,23,2023-24,Thanasis Antetokounmpo,F,T. Antetokounmpo
MIL,23,2023-24,Andre Jackson Jr.,G,A. Jackson Jr.
MIL,23,2023-24,Ryan Rollins,G,R. Rollins
MIL,23,2023-24,Jae Crowder,F,J. Crowder
MIN,23,2023-24,Jaylen Clark,G,J. Clark
MIN,23,2023-24,Kyle Anderson,F-G,K. Anderson
MIN,23,2023-24,Jaden McDaniels,F,J. McDaniels
MIN,23,2023-24,Anthony Edwards,G,A. Edwards
MIN,23,2023-24,Jordan McLaughlin,G,J. McLaughlin
MIN,23,2023-24,Wendell Moore Jr.,G,W. Moore Jr.
MIN,23,2023-24,Josh Minott,F,J. Minott
MIN,23,2023-24,Nickeil Alexander-Walker,G,N. Alexander-Walker
MIN,23,2023-24,Mike Conley,G,M. Conley
MIN,23,2023-24,Naz Reid,C-F,N. Reid
MIN,23,2023-24,Daishen Nix,G,D. Nix
MIN,23,2023-24,Monté Morris,G,M. Morris
MIN,23,2023-24,T.J. Warren,F,T. Warren
MIN,23,2023-24,Rudy Gobert,C,R. Gobert
MIN,23,2023-24,Karl-Anthony Towns,C-F,K. Towns
MIN,23,2023-24,Leonard Miller,F,L. Miller
MIN,23,2023-24,Luka Garza,C,L. Garza
NOP,23,2023-24,Dereon Seabron,G,D. Seabron
NOP,23,2023-24,Zion Williamson,F,Z. Williamson
NOP,23,2023-24,CJ McCollum,G,C. McCollum
NOP,23,2023-24,Herbert Jones,F,H. Jones
NOP,23,2023-24,Naji Marshall,F,N. Marshall
NOP,23,2023-24,Dyson Daniels,G,D. Daniels
NOP,23,2023-24,Brandon Ingram,F,B. Ingram
NOP,23,2023-24,Jose Alvarado,G,J. Alvarado
NOP,23,2023-24,Jonas Valančiūnas,C,J. Valančiūnas
NOP,23,2023-24,Larry Nance Jr.,F-C,L. Nance Jr.
NOP,23,2023-24,Jordan Hawkins,G,J. Hawkins
NOP,23,2023-24,Trey Murphy III,F,T. Murphy III
NOP,23,2023-24,E.J. Liddell,F,E. Liddell
NOP,23,2023-24,Malcolm Hill,F,M. Hill
NOP,23,2023-24,Matt Ryan,F,M. Ryan
NOP,23,2023-24,Cody Zeller,F-C,C. Zeller
NOP,23,2023-24,Jeremiah Robinson-Earl,F,J. Robinson-Earl
NYK,23,2023-24,Donte DiVincenzo,G,D. DiVincenzo
NYK,23,2023-24,Jacob Toppin,F,J. Toppin
NYK,23,2023-24,Duane Washington Jr.,G,D. Washington Jr.
NYK,23,2023-24,Miles McBride,G,M. McBride
NYK,23,2023-24,Josh Hart,G,J. Hart
NYK,23,2023-24,Charlie Brown Jr.,G,C. Brown Jr.
NYK,23,2023-24,Precious Achiuwa,F,P. Achiuwa
NYK,23,2023-24,DaQuan Jeffries,G-F,D. Jeffries
NYK,23,2023-24,OG Anunoby,F-G,O. Anunoby
NYK,23,2023-24,Jalen Brunson,G,J. Brunson
NYK,23,2023-24,Shake Milton,G-F,S. Milton
NYK,23,2023-24,Alec Burks,G,A. Burks
NYK,23,2023-24,Mamadi Diakite,F,M. Diakite
NYK,23,2023-24,Mitchell Robinson,C-F,M. Robinson
NYK,23,2023-24,Julius Randle,F-C,J. Randle
NYK,23,2023-24,Bojan Bogdanovic,F,B. Bogdanovic
NYK,23,2023-24,Jericho Sims,C,J. Sims
NYK,23,2023-24,Isaiah Hartenstein,C-F,I. Hartenstein
OKC,23,2023-24,Shai Gilgeous-Alexander,G,S. Gilgeous-Alexander
OKC,23,2023-24,Josh Giddey,G,J. Giddey
OKC,23,2023-24,Luguentz Dort,G,L. Dort
OKC,23,2023-24,Jaylin Williams,F,J. Williams
OKC,23,2023-24,Chet Holmgren,C-F,C. Holmgren
OKC,23,2023-24,Jalen Williams,G-F,J. Williams
OKC,23,2023-24,Isaiah Joe,G,I. Joe
OKC,23,2023-24,Lindy Waters III,F,L. Waters III
OKC,23,2023-24,Ousmane Dieng,F,O. Dieng
OKC,23,2023-24,Adam Flagler,G,A. Flagler
OKC,23,2023-24,Bismack Biyombo,C,B. Biyombo
OKC,23,2023-24,Keyontae Johnson,F,K. Johnson
OKC,23,2023-24,Aaron Wiggins,G,A. Wiggins
OKC,23,2023-24,Cason Wallace,G,C. Wallace
OKC,23,2023-24,Olivier Sarr,C,O. Sarr
OKC,23,2023-24,Gordon Hayward,F,G. Hayward
OKC,23,2023-24,Kenrich Williams,G-F,K. Williams
OKC,23,2023-24,Mike Muscala,F-C,M. Muscala
ORL,23,2023-24,Anthony Black,G,A. Black
ORL,23,2023-24,Jonathan Isaac,F,J. Isaac
ORL,23,2023-24,Caleb Houstan,G,C. Houstan
ORL,23,2023-24,Chuma Okeke,F,C. Okeke
ORL,23,2023-24,Jalen Suggs,G,J. Suggs
ORL,23,2023-24,Paolo Banchero,F,P. Banchero
ORL,23,2023-24,Joe Ingles,F-G,J. Ingles
ORL,23,2023-24,Kevon Harris,G,K. Harris
ORL,23,2023-24,Trevelin Queen,G,T. Queen
ORL,23,2023-24,Jett Howard,G,J. Howard
ORL,23,2023-24,Gary Harris,G,G. Harris
ORL,23,2023-24,Markelle Fultz,G,M. Fultz
ORL,23,2023-24,Moritz Wagner,F-C,M. Wagner
ORL,23,2023-24,Franz Wagner,F,F. Wagner
ORL,23,2023-24,Admiral Schofield,F,A. Schofield
ORL,23,2023-24,Wendell Carter Jr.,C-F,W. Carter Jr.
ORL,23,2023-24,Goga Bitadze,C-F,G. Bitadze
ORL,23,2023-24,Cole Anthony,G,C. Anthony
PHI,23,2023-24,Tyrese Maxey,G,T. Maxey
PHI,23,2023-24,KJ Martin,F,K. Martin
PHI,23,2023-24,Mo Bamba,C,M. Bamba
PHI,23,2023-24,Kyle Lowry,G,K. Lowry
PHI,23,2023-24,De'Anthony Melton,G,D. Melton
PHI,23,2023-24,Kelly Oubre Jr.,F-G,K. Oubre Jr.
PHI,23,2023-24,Jeff Dowtin Jr.,G,J. Dowtin Jr.
PHI,23,2023-24,Tobias Harris,F,T. Harris
PHI,23,2023-24,Ricky Council IV,G,R. Council IV
PHI,23,2023-24,Buddy Hield,G,B. Hield
PHI,23,2023-24,Joel Embiid,C-F,J. Embiid
PHI,23,2023-24,Cameron Payne,G,C. Payne
PHI,23,2023-24,Terquavion Smith,G,T. Smith
PHI,23,2023-24,Robert Covington,F,R. Covington
PHI,23,2023-24,Nicolas Batum,G-F,N. Batum
PHI,23,2023-24,Paul Reed,F,P. Reed
PHX,23,2023-24,Royce O'Neale,F,R. O'Neale
PHX,23,2023-24,Devin Booker,G,D. Booker
PHX,23,2023-24,Josh Okogie,G,J. Okogie
PHX,23,2023-24,Bradley Beal,G,B. Beal
PHX,23,2023-24,Isaiah Thomas,G,I. Thomas
PHX,23,2023-24,Grayson Allen,G,G. Allen
PHX,23,2023-24,Damion Lee,G-F,D. Lee
PHX,23,2023-24,Bol Bol,C-F,B. Bol
PHX,23,2023-24,Ish Wainright,F,I. Wainright
PHX,23,2023-24,Drew Eubanks,F-C,D. Eubanks
PHX,23,2023-24,Jusuf Nurkić,C,J. Nurkić
PHX,23,2023-24,David Roddy,F,D. Roddy
PHX,23,2023-24,Eric Gordon,G,E. Gordon
PHX,23,2023-24,Nassir Little,F-G,N. Little
PHX,23,2023-24,Udoka Azubuike,C-F,U. Azubuike
PHX,23,2023-24,Thaddeus Young,F,T. Young
PHX,23,2023-24,Kevin Durant,F,K. Durant
PHX,23,2023-24,Saben Lee,G,S. Lee
POR,23,2023-24,Scoot Henderson,G,S. Henderson
POR,23,2023-24,Anfernee Simons,G,A. Simons
POR,23,2023-24,Deandre Ayton,C,D. Ayton
POR,23,2023-24,Matisse Thybulle,G-F,M. Thybulle
POR,23,2023-24,Dalano Banton,F,D. Banton
POR,23,2023-24,Kris Murray,F,K. Murray
POR,23,2023-24,Jerami Grant,F,J. Grant
POR,23,2023-24,Moses Brown,C,M. Brown
POR,23,2023-24,Malcolm Brogdon,G,M. Brogdon
POR,23,2023-24,Shaedon Sharpe,G,S. Sharpe
POR,23,2023-24,Ashton Hagans,G-F,A. Hagans
POR,23,2023-24,Justin Minaya,F,J. Minaya
POR,23,2023-24,Duop Reath,C,D. Reath
POR,23,2023-24,Toumani Camara,F,T. Camara
POR,23,2023-24,Jabari Walker,F,J. Walker
POR,23,2023-24,Robert Williams III,C-F,R. Williams III
POR,23,2023-24,Ibou Badji,C,I. Badji
POR,23,2023-24,Rayan Rupert,G-F,R. Rupert
SAC,23,2023-24,JaVale McGee,C-F,J. McGee
SAC,23,2023-24,Malik Monk,G,M. Monk
SAC,23,2023-24,Chris Duarte,G,C. Duarte
SAC,23,2023-24,De'Aaron Fox,G,D. Fox
SAC,23,2023-24,Sasha Vezenkov,F,S. Vezenkov
SAC,23,2023-24,Mason Jones,G,M. Jones
SAC,23,2023-24,Kevin Huerter,G-F,K. Huerter
SAC,23,2023-24,Domantas Sabonis,F-C,D. Sabonis
SAC,23,2023-24,Keegan Murray,F,K. Murray
SAC,23,2023-24,Davion Mitchell,G,D. Mitchell
SAC,23,2023-24,Kessler Edwards,F,K. Edwards
SAC,23,2023-24,Jalen Slawson,F,J. Slawson
SAC,23,2023-24,Colby Jones,G,C. Jones
SAC,23,2023-24,Keon Ellis,G,K. Ellis
SAC,23,2023-24,Alex Len,C,A. Len
SAC,23,2023-24,Jordan Ford,G,J. Ford
SAC,23,2023-24,Harrison Barnes,F,H. Barnes
SAC,23,2023-24,Trey Lyles,F,T. Lyles
SAS,23,2023-24,RaiQuan Gray,F,R. Gray
SAS,23,2023-24,Victor Wembanyama,F-C,V. Wembanyama
SAS,23,2023-24,Keldon Johnson,F-G,K. Johnson
SAS,23,2023-24,Devonte' Graham,G,D. Graham
SAS,23,2023-24,Jeremy Sochan,F,J. Sochan
SAS,23,2023-24,Blake Wesley,G,B. Wesley
SAS,23,2023-24,Cedi Osman,F,C. Osman
SAS,23,2023-24,Jamaree Bouyea,G,J. Bouyea
SAS,23,2023-24,Malaki Branham,F,M. Branham
SAS,23,2023-24,Zach Collins,F-C,Z. Collins
SAS,23,2023-24,Devin Vassell,G-F,D. Vassell
SAS,23,2023-24,Sidy Cissoko,G,S. Cissoko
SAS,23,2023-24,Dominick Barlow,F,D. Barlow
SAS,23,2023-24,David Duke Jr.,G,D. Duke Jr.
SAS,23,2023-24,Charles Bassey,C-F,C. Bassey
SAS,23,2023-24,Julian Champagnie,F,J. Champagnie
SAS,23,2023-24,Tre Jones,G,T. Jones
SAS,23,2023-24,Sandro Mamukelashvili,F-C,S. Mamukelashvili
TOR,23,2023-24,Malik Williams,C,M. Williams
TOR,23,2023-24,Javon Freeman-Liberty,G,J. Freeman-Liberty
TOR,23,2023-24,Gradey Dick,G-F,G. Dick
TOR,23,2023-24,Jalen McDaniels,F,J. McDaniels
TOR,23,2023-24,D.J. Carton,G,D. Carton
TOR,23,2023-24,Scottie Barnes,F-G,S. Barnes
TOR,23,2023-24,Immanuel Quickley,G,I. Quickley
TOR,23,2023-24,RJ Barrett,F-G,R. Barrett
TOR,23,2023-24,Bruce Brown,G-F,B. Brown
TOR,23,2023-24,Jordan Nwora,F,J. Nwora
TOR,23,2023-24,Mouhamadou Gueye,F,M. Gueye
TOR,23,2023-24,Garrett Temple,G-F,G. Temple
TOR,23,2023-24,Jakob Poeltl,C,J. Poeltl
TOR,23,2023-24,Chris Boucher,F,C. Boucher
TOR,23,2023-24,Ochai Agbaji,G,O. Agbaji
TOR,23,2023-24,Gary Trent Jr.,G,G. Trent Jr.
TOR,23,2023-24,Kelly Olynyk,F-C,K. Olynyk
UTA,23,2023-24,Jordan Clarkson,G,J. Clarkson
UTA,23,2023-24,Taylor Hendricks,F,T. Hendricks
UTA,23,2023-24,Collin Sexton,G,C. Sexton
UTA,23,2023-24,Keyonte George,G,K. George
UTA,23,2023-24,Talen Horton-Tucker,G,T. Horton-Tucker
UTA,23,2023-24,Brice Sensabaugh,F,B. Sensabaugh
UTA,23,2023-24,Jason Preston,G,J. Preston
UTA,23,2023-24,Kris Dunn,G,K. Dunn
UTA,23,2023-24,Kira Lewis Jr.,G,K. Lewis Jr.
UTA,23,2023-24,Luka Samanic,F,L. Samanic
UTA,23,2023-24,John Collins,F-C,J. Collins
UTA,23,2023-24,Lauri Markkanen,F-C,L. Markkanen
UTA,23,2023-24,Walker Kessler,C,W. Kessler
UTA,23,2023-24,Micah Potter,C,M. Potter
UTA,23,2023-24,Darius Bazley,F,D. Bazley
UTA,23,2023-24,Johnny Juzang,G,J. Juzang
UTA,23,2023-24,Kenneth Lofton Jr.,F,K. Lofton Jr.
UTA,23,2023-24,Omer Yurtseven,C,O. Yurtseven
WAS,23,2023-24,Bilal Coulibaly,G,B. Coulibaly
WAS,23,2023-24,Tristan Vukcevic,F,T. Vukcevic
WAS,23,2023-24,Johnny Davis,G,J. Davis
WAS,23,2023-24,Jared Butler,G,J. Butler
WAS,23,2023-24,Tyus Jones,G,T. Jones
WAS,23,2023-24,Patrick Baldwin Jr.,F,P. Baldwin Jr.
WAS,23,2023-24,Deni Avdija,F,D. Avdija
WAS,23,2023-24,Jordan Poole,G,J. Poole
WAS,23,2023-24,Jules Bernard,G,J. Bernard
WAS,23,2023-24,Anthony Gill,F,A. Gill
WAS,23,2023-24,Landry Shamet,G,L. Shamet
WAS,23,2023-24,Richaun Holmes,F,R. Holmes
WAS,23,2023-24,Corey Kispert,F,C. Kispert
WAS,23,2023-24,Kyle Kuzma,F,K. Kuzma
WAS,23,2023-24,Marvin Bagley III,F,M. Bagley III
WAS,23,2023-24,Eugene Omoruyi,F,E. Omoruyi
WAS,23,2023-24,Justin Champagnie,G-F,J. Champagnie
ATL,24,2024-25,Jacob Toppin,F,J. Toppin
ATL,24,2024-25,Jalen Johnson,F,J. Johnson
ATL,24,2024-25,Keaton Wallace,G,K. Wallace
ATL,24,2024-25,Caris LeVert,G,C. LeVert
ATL,24,2024-25,Kobe Bufkin,G,K. Bufkin
ATL,24,2024-25,Dyson Daniels,G,D. Daniels
ATL,24,2024-25,Zaccharie Risacher,F,Z. Risacher
ATL,24,2024-25,Trae Young,G,T. Young
ATL,24,2024-25,Terance Mann,G-F,T. Mann
ATL,24,2024-25,Clint Capela,C,C. Capela
ATL,24,2024-25,Onyeka Okongwu,F-C,O. Okongwu
ATL,24,2024-25,Mouhamed Gueye,F,M. Gueye
ATL,24,2024-25,Georges Niang,F,G. Niang
ATL,24,2024-25,Larry Nance Jr.,F-C,L. Nance Jr.
ATL,24,2024-25,Garrison Mathews,G,G. Mathews
ATL,24,2024-25,Dominick Barlow,F,D. Barlow
ATL,24,2024-25,Vít Krejčí,G,V. Krejčí
ATL,24,2024-25,Daeqwon Plowden,G-F,D. Plowden
BKN,24,2024-25,Dariq Whitehead,G-F,D. Whitehead
BKN,24,2024-25,D'Angelo Russell,G,D. Russell
BKN,24,2024-25,Cameron Johnson,F,C. Johnson
BKN,24,2024-25,Reece Beekman,G,R. Beekman
BKN,24,2024-25,Ziaire Williams,F,Z. Williams
BKN,24,2024-25,Trendon Watford,G-F,T. Watford
BKN,24,2024-25,Tyson Etienne,G,T. Etienne
BKN,24,2024-25,Tosan Evbuomwan,F,T. Evbuomwan
BKN,24,2024-25,Tyrese Martin,F,T. Martin
BKN,24,2024-25,De'Anthony Melton,G,D. Melton
BKN,24,2024-25,Day'Ron Sharpe,C,D. Sharpe
BKN,24,2024-25,Noah Clowney,F-C,N. Clowney
BKN,24,2024-25,Jalen Wilson,F,J. Wilson
BKN,24,2024-25,Cam Thomas,G,C. Thomas
BKN,24,2024-25,Drew Timme,F,D. Timme
BKN,24,2024-25,Maxwell Lewis,F,M. Lewis
BKN,24,2024-25,Nic Claxton,C,N. Claxton
BKN,24,2024-25,Keon Johnson,G,K. Johnson
BOS,24,2024-25,Jayson Tatum,F-G,J. Tatum
BOS,24,2024-25,Miles Norris,F,M. Norris
BOS,24,2024-25,Jrue Holiday,G,J. Holiday
BOS,24,2024-25,Jaylen Brown,G-F,J. Brown
BOS,24,2024-25,Kristaps Porziņģis,F-C,K. Porziņģis
BOS,24,2024-25,Derrick White,G,D. White
BOS,24,2024-25,Payton Pritchard,G,P. Pritchard
BOS,24,2024-25,Torrey Craig,F,T. Craig
BOS,24,2024-25,Drew Peterson,F,D. Peterson
BOS,24,2024-25,JD Davison,G,J. Davison
BOS,24,2024-25,Xavier Tillman,F,X. Tillman
BOS,24,2024-25,Jordan Walsh,G,J. Walsh
BOS,24,2024-25,Sam Hauser,F,S. Hauser
BOS,24,2024-25,Luke Kornet,C-F,L. Kornet
BOS,24,2024-25,Al Horford,C-F,A. Horford
BOS,24,2024-25,Baylor Scheierman,G,B. Scheierman
BOS,24,2024-25,Neemias Queta,C,N. Queta
CHA,24,2024-25,Miles Bridges,F,M. Bridges
CHA,24,2024-25,LaMelo Ball,G,L. Ball
CHA,24,2024-25,Grant Williams,F,G. Williams
CHA,24,2024-25,DaQuan Jeffries,G-F,D. Jeffries
CHA,24,2024-25,Mark Williams,C,M. Williams
CHA,24,2024-25,Damion Baugh,G,D. Baugh
CHA,24,2024-25,Nick Smith Jr.,G,N. Smith Jr.
CHA,24,2024-25,Wendell Moore Jr.,G,W. Moore Jr.
CHA,24,2024-25,Josh Green,G,J. Green
CHA,24,2024-25,Jusuf Nurkić,C,J. Nurkić
CHA,24,2024-25,Josh Okogie,G,J. Okogie
CHA,24,2024-25,Moussa Diabaté,F,M. Diabaté
CHA,24,2024-25,Tre Mann,G,T. Mann
CHA,24,2024-25,Brandon Miller,F,B. Miller
CHA,24,2024-25,KJ Simpson,G,K. Simpson
CHA,24,2024-25,Seth Curry,G,S. Curry
CHA,24,2024-25,Tidjane Salaün,F,T. Salaün
CHA,24,2024-25,Taj Gibson,F,T. Gibson
CHI,24,2024-25,Coby White,G,C. White
CHI,24,2024-25,Lonzo Ball,G,L. Ball
CHI,24,2024-25,Josh Giddey,G,J. Giddey
CHI,24,2024-25,Jevon Carter,G,J. Carter
CHI,24,2024-25,Jalen Smith,F-C,J. Smith
CHI,24,2024-25,Nikola Vučević,C,N. Vučević
CHI,24,2024-25,Ayo Dosunmu,G,A. Dosunmu
CHI,24,2024-25,Jahmir Young,G,J. Young
CHI,24,2024-25,Zach Collins,F-C,Z. Collins
CHI,24,2024-25,Kevin Huerter,G-F,K. Huerter
CHI,24,2024-25,Matas Buzelis,F,M. Buzelis
CHI,24,2024-25,Julian Phillips,F,J. Phillips
CHI,24,2024-25,Emanuel Miller,F,E. Miller
CHI,24,2024-25,Talen Horton-Tucker,G,T. Horton-Tucker
CHI,24,2024-25,Dalen Terry,F,D. Terry
CHI,24,2024-25,Tre Jones,G,T. Jones
CHI,24,2024-25,E.J. Liddell,F,E. Liddell
CHI,24,2024-25,Patrick Williams,F,P. Williams
CLE,24,2024-25,Max Strus,G-F,M. Strus
CLE,24,2024-25,Ty Jerome,G-F,T. Jerome
CLE,24,2024-25,Evan Mobley,C,E. Mobley
CLE,24,2024-25,Sam Merrill,G,S. Merrill
CLE,24,2024-25,Javonte Green,G,J. Green
CLE,24,2024-25,Craig Porter Jr.,G,C. Porter Jr.
CLE,24,2024-25,Darius Garland,G,D. Garland
CLE,24,2024-25,De'Andre Hunter,F-G,D. Hunter
CLE,24,2024-25,Tristan Thompson,C-F,T. Thompson
CLE,24,2024-25,Chuma Okeke,F,C. Okeke
CLE,24,2024-25,Emoni Bates,F,E. Bates
CLE,24,2024-25,Jaylon Tyson,G-F,J. Tyson
CLE,24,2024-25,Nae'Qwan Tomlin,F,N. Tomlin
CLE,24,2024-25,Jarrett Allen,C,J. Allen
CLE,24,2024-25,Dean Wade,F-C,D. Wade
CLE,24,2024-25,Luke Travers,F,L. Travers
CLE,24,2024-25,Isaac Okoro,F-G,I. Okoro
CLE,24,2024-25,Donovan Mitchell,G,D. Mitchell
DAL,24,2024-25,Danté Exum,G,D. Exum
DAL,24,2024-25,Max Christie,G,M. Christie
DAL,24,2024-25,Jaden Hardy,G,J. Hardy
DAL,24,2024-25,Dereck Lively II,C,D. Lively II
DAL,24,2024-25,Anthony Davis,F-C,A. Davis
DAL,24,2024-25,Dwight Powell,F-C,D. Powell
DAL,24,2024-25,Olivier-Maxence Prosper,F,O. Prosper
DAL,24,2024-25,Brandon Williams,G,B. Williams
DAL,24,2024-25,Kyrie Irving,G,K. Irving
DAL,24,2024-25,Naji Marshall,F,N. Marshall
DAL,24,2024-25,Caleb Martin,F,C. Martin
DAL,24,2024-25,Kessler Edwards,F,K. Edwards
DAL,24,2024-25,Daniel Gafford,F-C,D. Gafford
DAL,24,2024-25,Kai Jones,C-F,K. Jones
DAL,24,2024-25,P.J. Washington,F,P. Washington
DAL,24,2024-25,Spencer Dinwiddie,G,S. Dinwiddie
DAL,24,2024-25,Klay Thompson,G,K. Thompson
DEN,24,2024-25,Christian Braun,G,C. Braun
DEN,24,2024-25,Michael Porter Jr.,F,M. Porter Jr.
DEN,24,2024-25,Julian Strawther,G,J. Strawther
DEN,24,2024-25,Russell Westbrook,G,R. Westbrook
DEN,24,2024-25,Hunter Tyson,F,H. Tyson
DEN,24,2024-25,DeAndre Jordan,C,D. Jordan
DEN,24,2024-25,Peyton Watson,G,P. Watson
DEN,24,2024-25,Dario Šarić,F-C,D. Šarić
DEN,24,2024-25,PJ Hall,C,P. Hall
DEN,24,2024-25,DaRon Holmes II,F,D. Holmes II
DEN,24,2024-25,Nikola Jokić,C,N. Jokić
DEN,24,2024-25,Spencer Jones,F,S. Jones
DEN,24,2024-25,Zeke Nnaji,F-C,Z. Nnaji
DEN,24,2024-25,Trey Alexander,G,T. Alexander
DEN,24,2024-25,Jalen Pickett,G,J. Pickett
DEN,24,2024-25,Jamal Murray,G,J. Murray
DEN,24,2024-25,Vlatko Čančar,F,V. Čančar
DEN,24,2024-25,Aaron Gordon,F,A. Gordon
DET,24,2024-25,Jalen Duren,C,J. Duren
DET,24,2024-25,Ronald Holland II,F,R. Holland II
DET,24,2024-25,Cade Cunningham,G,C. Cunningham
DET,24,2024-25,Malik Beasley,G,M. Beasley
DET,24,2024-25,Paul Reed,F,P. Reed
DET,24,2024-25,Tim Hardaway Jr.,G-F,T. Hardaway Jr.
DET,24,2024-25,Ausar Thompson,G-F,A. Thompson
DET,24,2024-25,Tobias Harris,F,T. Harris
DET,24,2024-25,Ron Harper Jr.,G-F,R. Harper Jr.
DET,24,2024-25,Dennis Schröder,G,D. Schröder
DET,24,2024-25,Simone Fontecchio,F,S. Fontecchio
DET,24,2024-25,Jaden Ivey,G,J. Ivey
DET,24,2024-25,Daniss Jenkins,G,D. Jenkins
DET,24,2024-25,Marcus Sasser,G,M. Sasser
DET,24,2024-25,Isaiah Stewart,F-C,I. Stewart
DET,24,2024-25,Bobi Klintman,F,B. Klintman
DET,24,2024-25,Tolu Smith,F,T. Smith
DET,24,2024-25,Lindy Waters III,F,L. Waters III
GSW,24,2024-25,Gary Payton II,G,G. Payton II
GSW,24,2024-25,Jonathan Kuminga,F,J. Kuminga
GSW,24,2024-25,Taran Armstrong,G,T. Armstrong
GSW,24,2024-25,Brandin Podziemski,G,B. Podziemski
GSW,24,2024-25,Moses Moody,G,M. Moody
GSW,24,2024-25,Kevon Looney,F,K. Looney
GSW,24,2024-25,Buddy Hield,G,B. Hield
GSW,24,2024-25,Jimmy Butler III,F,J. Butler III
GSW,24,2024-25,Braxton Key,F,B. Key
GSW,24,2024-25,Gui Santos,F,G. Santos
GSW,24,2024-25,Quinten Post,C,Q. Post
GSW,24,2024-25,Draymond Green,F,D. Green
GSW,24,2024-25,Stephen Curry,G,S. Curry
GSW,24,2024-25,Kevin Knox II,F,K. Knox II
GSW,24,2024-25,Trayce Jackson-Davis,F,T. Jackson-Davis
GSW,24,2024-25,Jackson Rowe,F,J. Rowe
GSW,24,2024-25,Pat Spencer,G,P. Spencer
HOU,24,2024-25,Aaron Holiday,G,A. Holiday
HOU,24,2024-25,Amen Thompson,G-F,A. Thompson
HOU,24,2024-25,Jock Landale,C,J. Landale
HOU,24,2024-25,N'Faly Dante,C,N. Dante
HOU,24,2024-25,Jalen Green,G,J. Green
HOU,24,2024-25,Fred VanVleet,G,F. VanVleet
HOU,24,2024-25,Cam Whitmore,F,C. Whitmore
HOU,24,2024-25,Jae'Sean Tate,F,J. Tate
HOU,24,2024-25,Dillon Brooks,G-F,D. Brooks
HOU,24,2024-25,Jabari Smith Jr.,F,J. Smith Jr.
HOU,24,2024-25,Steven Adams,C,S. Adams
HOU,24,2024-25,Reed Sheppard,G,R. Sheppard
HOU,24,2024-25,Tari Eason,F,T. Eason
HOU,24,2024-25,Nate Williams,G,N. Williams
HOU,24,2024-25,Alperen Sengun,C,A. Sengun
HOU,24,2024-25,Jeff Green,F,J. Green
HOU,24,2024-25,David Roddy,F,D. Roddy
HOU,24,2024-25,Jack McVeigh,G-F,J. McVeigh
IND,24,2024-25,Tyrese Haliburton,G,T. Haliburton
IND,24,2024-25,Bennedict Mathurin,G-F,B. Mathurin
IND,24,2024-25,Obi Toppin,F,O. Toppin
IND,24,2024-25,Andrew Nembhard,G-F,A. Nembhard
IND,24,2024-25,Thomas Bryant,C-F,T. Bryant
IND,24,2024-25,Jarace Walker,F,J. Walker
IND,24,2024-25,Enrique Freeman,F,E. Freeman
IND,24,2024-25,T.J. McConnell,G,T. McConnell
IND,24,2024-25,RayJ Dennis,G,R. Dennis
IND,24,2024-25,Johnny Furphy,G,J. Furphy
IND,24,2024-25,Tony Bradley,C-F,T. Bradley
IND,24,2024-25,James Johnson,F,J. Johnson
IND,24,2024-25,Isaiah Jackson,F,I. Jackson
IND,24,2024-25,Aaron Nesmith,G-F,A. Nesmith
IND,24,2024-25,Ben Sheppard,G,B. Sheppard
IND,24,2024-25,Quenton Jackson,G,Q. Jackson
IND,24,2024-25,Myles Turner,C-F,M. Turner
IND,24,2024-25,Pascal Siakam,F,P. Siakam
LAC,24,2024-25,James Harden,G,J. Harden
LAC,24,2024-25,Kawhi Leonard,F,K. Leonard
LAC,24,2024-25,Seth Lundy,G-F,S. Lundy
LAC,24,2024-25,Amir Coffey,G-F,A. Coffey
LAC,24,2024-25,Kris Dunn,G,K. Dunn
LAC,24,2024-25,Trentyn Flowers,F,T. Flowers
LAC,24,2024-25,Bogdan Bogdanović,G,B. Bogdanović
LAC,24,2024-25,Jordan Miller,G,J. Miller
LAC,24,2024-25,Cam Christie,G,C. Christie
LAC,24,2024-25,Drew Eubanks,F-C,D. Eubanks
LAC,24,2024-25,Kobe Brown,F,K. Brown
LAC,24,2024-25,Patrick Baldwin Jr.,F,P. Baldwin Jr.
LAC,24,2024-25,Norman Powell,G,N. Powell
LAC,24,2024-25,Ben Simmons,G-F,B. Simmons
LAC,24,2024-25,Nicolas Batum,G-F,N. Batum
LAC,24,2024-25,Ivica Zubac,C,I. Zubac
LAC,24,2024-25,Derrick Jones Jr.,F,D. Jones Jr.
LAC,24,2024-25,Patty Mills,G,P. Mills
LAL,24,2024-25,Jarred Vanderbilt,F,J. Vanderbilt
LAL,24,2024-25,Dalton Knecht,F,D. Knecht
LAL,24,2024-25,Gabe Vincent,G,G. Vincent
LAL,24,2024-25,Bronny James,G,B. James
LAL,24,2024-25,Christian Koloko,C,C. Koloko
LAL,24,2024-25,Jaxson Hayes,C-F,J. Hayes
LAL,24,2024-25,Maxi Kleber,F,M. Kleber
LAL,24,2024-25,Austin Reaves,G,A. Reaves
LAL,24,2024-25,Dorian Finney-Smith,F,D. Finney-Smith
LAL,24,2024-25,Shake Milton,G,S. Milton
LAL,24,2024-25,LeBron James,F,L. James
LAL,24,2024-25,Alex Len,C,A. Len
LAL,24,2024-25,Rui Hachimura,F,R. Hachimura
LAL,24,2024-25,Jordan Goodwin,G,J. Goodwin
LAL,24,2024-25,Trey Jemison III,C,T. Jemison III
LAL,24,2024-25,Luka Dončić,F-G,L. Dončić
LAL,24,2024-25,Markieff Morris,F,M. Morris
MEM,24,2024-25,Zyon Pullin,G,Z. Pullin
MEM,24,2024-25,Jaylen Wells,F,J. Wells
MEM,24,2024-25,Scotty Pippen Jr.,G,S. Pippen Jr.
MEM,24,2024-25,Kentavious Caldwell-Pope,G,K. Caldwell-Pope
MEM,24,2024-25,Vince Williams Jr.,G,V. Williams Jr.
MEM,24,2024-25,Santi Aldama,F-C,S. Aldama
MEM,24,2024-25,Lamar Stevens,F,L. Stevens
MEM,24,2024-25,Luke Kennard,G,L. Kennard
MEM,24,2024-25,Ja Morant,G,J. Morant
MEM,24,2024-25,Jaren Jackson Jr.,F-C,J. Jackson Jr.
MEM,24,2024-25,Zach Edey,C,Z. Edey
MEM,24,2024-25,Brandon Clarke,F,B. Clarke
MEM,24,2024-25,Yuki Kawamura,G,Y. Kawamura
MEM,24,2024-25,Cam Spencer,G,C. Spencer
MEM,24,2024-25,Jay Huff,C,J. Huff
MEM,24,2024-25,Marvin Bagley III,F,M. Bagley III
MEM,24,2024-25,GG Jackson,F,G. Jackson
MEM,24,2024-25,John Konchar,G,J. Konchar
MEM,24,2024-25,Cole Anthony,G,C. Anthony
MIA,24,2024-25,Isaiah Stevens,G,I. Stevens
MIA,24,2024-25,Terry Rozier,G,T. Rozier
MIA,24,2024-25,Nikola Jović,F,N. Jović
MIA,24,2024-25,Kel'el Ware,C,K. Ware
MIA,24,2024-25,Josh Christopher,G,J. Christopher
MIA,24,2024-25,Pelle Larsson,G,P. Larsson
MIA,24,2024-25,Jaime Jaquez Jr.,G,J. Jaquez Jr.
MIA,24,2024-25,Dru Smith,G,D. Smith
MIA,24,2024-25,Bam Adebayo,C-F,B. Adebayo
MIA,24,2024-25,Tyler Herro,G,T. Herro
MIA,24,2024-25,Keshad Johnson,F,K. Johnson
MIA,24,2024-25,Alec Burks,G,A. Burks
MIA,24,2024-25,Kyle Anderson,F-G,K. Anderson
MIA,24,2024-25,Andrew Wiggins,F,A. Wiggins
MIA,24,2024-25,Haywood Highsmith,F,H. Highsmith
MIA,24,2024-25,Kevin Love,F-C,K. Love
MIA,24,2024-25,Davion Mitchell,G,D. Mitchell
MIA,24,2024-25,Duncan Robinson,F,D. Robinson
MIL,24,2024-25,Damian Lillard,G,D. Lillard
MIL,24,2024-25,Jericho Sims,C,J. Sims
MIL,24,2024-25,Kevin Porter Jr.,G-F,K. Porter Jr.
MIL,24,2024-25,Gary Trent Jr.,G,G. Trent Jr.
MIL,24,2024-25,Chris Livingston,F,C. Livingston
MIL,24,2024-25,Bobby Portis,F,B. Portis
MIL,24,2024-25,Brook Lopez,C,B. Lopez
MIL,24,2024-25,Taurean Prince,F,T. Prince
MIL,24,2024-25,Ryan Rollins,G,R. Rollins
MIL,24,2024-25,Jamaree Bouyea,G,J. Bouyea
MIL,24,2024-25,Stanley Umude,G,S. Umude
MIL,24,2024-25,Kyle Kuzma,F,K. Kuzma
MIL,24,2024-25,AJ Green,G,A. Green
MIL,24,2024-25,Tyler Smith,F,T. Smith
MIL,24,2024-25,Pat Connaughton,G,P. Connaughton
MIL,24,2024-25,Giannis Antetokounmpo,F,G. Antetokounmpo
MIL,24,2024-25,Pete Nance,F,P. Nance
MIL,24,2024-25,Andre Jackson Jr.,G,A. Jackson Jr.
MIN,24,2024-25,Donte DiVincenzo,G,D. DiVincenzo
MIN,24,2024-25,Terrence Shannon Jr.,G-F,T. Shannon Jr.
MIN,24,2024-25,Jaden McDaniels,F,J. McDaniels
MIN,24,2024-25,Rob Dillingham,G,R. Dillingham
MIN,24,2024-25,Anthony Edwards,G,A. Edwards
MIN,24,2024-25,Joe Ingles,F-G,J. Ingles
MIN,24,2024-25,Josh Minott,F,J. Minott
MIN,24,2024-25,Nickeil Alexander-Walker,G,N. Alexander-Walker
MIN,24,2024-25,Mike Conley,G,M. Conley
MIN,24,2024-25,Naz Reid,C-F,N. Reid
MIN,24,2024-25,Tristen Newton,G,T. Newton
MIN,24,2024-25,Jesse Edwards,C,J. Edwards
MIN,24,2024-25,Jaylen Clark,G,J. Clark
MIN,24,2024-25,Rudy Gobert,C,R. Gobert
MIN,24,2024-25,Julius Randle,F-C,J. Randle
MIN,24,2024-25,Leonard Miller,F,L. Miller
MIN,24,2024-25,Luka Garza,C,L. Garza
MIN,24,2024-25,Bones Hyland,G,B. Hyland
NOP,24,2024-25,Keion Brooks Jr.,F,K. Brooks Jr.
NOP,24,2024-25,Bruce Brown,G-F,B. Brown
NOP,24,2024-25,Zion Williamson,F,Z. Williamson
NOP,24,2024-25,Herbert Jones,F,H. Jones
NOP,24,2024-25,CJ McCollum,G,C. McCollum
NOP,24,2024-25,Elfrid Payton,G,E. Payton
NOP,24,2024-25,Dejounte Murray,G,D. Murray
NOP,24,2024-25,Jamal Cain,F,J. Cain
NOP,24,2024-25,Brandon Boston,G,B. Boston
NOP,24,2024-25,Antonio Reeves,G,A. Reeves
NOP,24,2024-25,Kelly Olynyk,F-C,K. Olynyk
NOP,24,2024-25,Jose Alvarado,G,J. Alvarado
NOP,24,2024-25,Karlo Matković,F-C,K. Matković
NOP,24,2024-25,Yves Missi,C,Y. Missi
NOP,24,2024-25,Lester Quinones,G,L. Quinones
NOP,24,2024-25,Jordan Hawkins,G,J. Hawkins
NOP,24,2024-25,Trey Murphy III,F,T. Murphy III
NOP,24,2024-25,Jeremiah Robinson-Earl,F,J. Robinson-Earl
NYK,24,2024-25,P.J. Tucker,F,P. Tucker
NYK,24,2024-25,Delon Wright,G,D. Wright
NYK,24,2024-25,MarJon Beauchamp,F,M. Beauchamp
NYK,24,2024-25,Cameron Payne,G,C. Payne
NYK,24,2024-25,Miles McBride,G,M. McBride
NYK,24,2024-25,Josh Hart,G,J. Hart
NYK,24,2024-25,Pacôme Dadiet,F,P. Dadiet
NYK,24,2024-25,Precious Achiuwa,F,P. Achiuwa
NYK,24,2024-25,OG Anunoby,F-G,O. Anunoby
NYK,24,2024-25,Kevin McCullar Jr.,G,K. McCullar Jr.
NYK,24,2024-25,Jalen Brunson,G,J. Brunson
NYK,24,2024-25,Tyler Kolek,G,T. Kolek
NYK,24,2024-25,Mitchell Robinson,C-F,M. Robinson
NYK,24,2024-25,Mikal Bridges,G-F,M. Bridges
NYK,24,2024-25,Anton Watson,F,A. Watson
NYK,24,2024-25,Karl-Anthony Towns,C-F,K. Towns
NYK,24,2024-25,Landry Shamet,G,L. Shamet
NYK,24,2024-25,Ariel Hukporti,C,A. Hukporti
OKC,24,2024-25,Shai Gilgeous-Alexander,G,S. Gilgeous-Alexander
OKC,24,2024-25,Dillon Jones,F,D. Jones
OKC,24,2024-25,Luguentz Dort,G,L. Dort
OKC,24,2024-25,Jaylin Williams,F,J. Williams
OKC,24,2024-25,Chet Holmgren,C-F,C. Holmgren
OKC,24,2024-25,Jalen Williams,G-F,J. Williams
OKC,24,2024-25,Alex Caruso,G,A. Caruso
OKC,24,2024-25,Isaiah Joe,G,I. Joe
OKC,24,2024-25,Ousmane Dieng,F,O. Dieng
OKC,24,2024-25,Adam Flagler,G,A. Flagler
OKC,24,2024-25,Branden Carlson,C,B. Carlson
OKC,24,2024-25,Aaron Wiggins,G,A. Wiggins
OKC,24,2024-25,Cason Wallace,G,C. Wallace
OKC,24,2024-25,Ajay Mitchell,G,A. Mitchell
OKC,24,2024-25,Kenrich Williams,G-F,K. Williams
OKC,24,2024-25,Nikola Topić,G,N. Topić
OKC,24,2024-25,Isaiah Hartenstein,C-F,I. Hartenstein
OKC,24,2024-25,Alex Ducas,G,A. Ducas
ORL,24,2024-25,Anthony Black,G,A. Black
ORL,24,2024-25,Jonathan Isaac,F,J. Isaac
ORL,24,2024-25,Caleb Houstan,G,C. Houstan
ORL,24,2024-25,Desmond Bane,G,D. Bane
ORL,24,2024-25,Jalen Suggs,G,J. Suggs
ORL,24,2024-25,Paolo Banchero,F,P. Banchero
ORL,24,2024-25,Mac McClung,G,M. McClung
ORL,24,2024-25,Cory Joseph,G,C. Joseph
ORL,24,2024-25,Trevelin Queen,G,T. Queen
ORL,24,2024-25,Jett Howard,G,J. Howard
ORL,24,2024-25,Gary Harris,G,G. Harris
ORL,24,2024-25,Moritz Wagner,F-C,M. Wagner
ORL,24,2024-25,Franz Wagner,F,F. Wagner
ORL,24,2024-25,Tristan da Silva,F,T. da Silva
ORL,24,2024-25,Wendell Carter Jr.,C-F,W. Carter Jr.
ORL,24,2024-25,Goga Bitadze,C-F,G. Bitadze
ORL,24,2024-25,Ethan Thompson,G,E. Thompson
PHI,24,2024-25,Tyrese Maxey,G,T. Maxey
PHI,24,2024-25,Andre Drummond,C,A. Drummond
PHI,24,2024-25,Quentin Grimes,G,Q. Grimes
PHI,24,2024-25,Kyle Lowry,G,K. Lowry
PHI,24,2024-25,Paul George,F,P. George
PHI,24,2024-25,Kelly Oubre Jr.,F-G,K. Oubre Jr.
PHI,24,2024-25,Jeff Dowtin Jr.,G,J. Dowtin Jr.
PHI,24,2024-25,Jared Butler,G,J. Butler
PHI,24,2024-25,Ricky Council IV,G,R. Council IV
PHI,24,2024-25,Lonnie Walker IV,G-F,L. Walker IV
PHI,24,2024-25,Jalen Hood-Schifino,G,J. Hood-Schifino
PHI,24,2024-25,Justin Edwards,F,J. Edwards
PHI,24,2024-25,Jared McCain,G,J. McCain
PHI,24,2024-25,Joel Embiid,C-F,J. Embiid
PHI,24,2024-25,Eric Gordon,G,E. Gordon
PHI,24,2024-25,Guerschon Yabusele,F,G. Yabusele
PHI,24,2024-25,Adem Bona,F,A. Bona
PHI,24,2024-25,Alex Reese,F-C,A. Reese
PHX,24,2024-25,Royce O'Neale,F,R. O'Neale
PHX,24,2024-25,Ryan Dunn,F,R. Dunn
PHX,24,2024-25,Devin Booker,G,D. Booker
PHX,24,2024-25,Nick Richards,C,N. Richards
PHX,24,2024-25,Bradley Beal,G,B. Beal
PHX,24,2024-25,Oso Ighodaro,F,O. Ighodaro
PHX,24,2024-25,Grayson Allen,G,G. Allen
PHX,24,2024-25,Damion Lee,G-F,D. Lee
PHX,24,2024-25,Bol Bol,C-F,B. Bol
PHX,24,2024-25,Collin Gillespie,G,C. Gillespie
PHX,24,2024-25,TyTy Washington Jr.,G,T. Washington Jr.
PHX,24,2024-25,Jalen Bridges,F,J. Bridges
PHX,24,2024-25,Cody Martin,F,C. Martin
PHX,24,2024-25,Vasilije Micic,G,V. Micic
PHX,24,2024-25,Tyus Jones,G,T. Jones
PHX,24,2024-25,Mason Plumlee,F-C,M. Plumlee
PHX,24,2024-25,Monté Morris,G,M. Morris
PHX,24,2024-25,Kevin Durant,F,K. Durant
POR,24,2024-25,Scoot Henderson,G,S. Henderson
POR,24,2024-25,Anfernee Simons,G,A. Simons
POR,24,2024-25,Deandre Ayton,C,D. Ayton
POR,24,2024-25,Matisse Thybulle,G-F,M. Thybulle
POR,24,2024-25,Dalano Banton,F,D. Banton
POR,24,2024-25,Deni Avdija,F,D. Avdija
POR,24,2024-25,Jerami Grant,F,J. Grant
POR,24,2024-25,Justin Minaya,F,J. Minaya
POR,24,2024-25,Bryce McGowens,G,B. McGowens
POR,24,2024-25,Shaedon Sharpe,G,S. Sharpe
POR,24,2024-25,Rayan Rupert,G-F,R. Rupert
POR,24,2024-25,Donovan Clingan,C,D. Clingan
POR,24,2024-25,Kris Murray,F,K. Murray
POR,24,2024-25,Sidy Cissoko,G,S. Cissoko
POR,24,2024-25,Duop Reath,C,D. Reath
POR,24,2024-25,Toumani Camara,F,T. Camara
POR,24,2024-25,Jabari Walker,F,J. Walker
POR,24,2024-25,Robert Williams III,C-F,R. Williams III
SAC,24,2024-25,Malik Monk,G,M. Monk
SAC,24,2024-25,Terence Davis,G,T. Davis
SAC,24,2024-25,Isaac Jones,F,I. Jones
SAC,24,2024-25,Doug McDermott,F,D. McDermott
SAC,24,2024-25,Zach LaVine,G,Z. LaVine
SAC,24,2024-25,DeMar DeRozan,G-F,D. DeRozan
SAC,24,2024-25,Domantas Sabonis,F-C,D. Sabonis
SAC,24,2024-25,Keegan Murray,F,K. Murray
SAC,24,2024-25,Mason Jones,G,M. Jones
SAC,24,2024-25,Jonas Valančiūnas,C,J. Valančiūnas
SAC,24,2024-25,Markelle Fultz,G,M. Fultz
SAC,24,2024-25,Devin Carter,G,D. Carter
SAC,24,2024-25,Keon Ellis,G,K. Ellis
SAC,24,2024-25,Isaiah Crawford,F,I. Crawford
SAC,24,2024-25,Jake LaRavia,F,J. LaRavia
SAC,24,2024-25,Trey Lyles,F,T. Lyles
SAC,24,2024-25,Jae Crowder,F,J. Crowder
SAS,24,2024-25,Keldon Johnson,F-G,K. Johnson
SAS,24,2024-25,Victor Wembanyama,F-C,V. Wembanyama
SAS,24,2024-25,Chris Paul,G,C. Paul
SAS,24,2024-25,De'Aaron Fox,G,D. Fox
SAS,24,2024-25,Stephon Castle,G,S. Castle
SAS,24,2024-25,David Duke Jr.,G,D. Duke Jr.
SAS,24,2024-25,Jeremy Sochan,F,J. Sochan
SAS,24,2024-25,Jordan McLaughlin,G,J. McLaughlin
SAS,24,2024-25,Blake Wesley,G,B. Wesley
SAS,24,2024-25,Bismack Biyombo,C,B. Biyombo
SAS,24,2024-25,Malaki Branham,F,M. Branham
SAS,24,2024-25,Devin Vassell,G-F,D. Vassell
SAS,24,2024-25,Riley Minix,F,R. Minix
SAS,24,2024-25,Charles Bassey,C-F,C. Bassey
SAS,24,2024-25,Julian Champagnie,F,J. Champagnie
SAS,24,2024-25,Harrison Barnes,F,H. Barnes
SAS,24,2024-25,Sandro Mamukelashvili,F-C,S. Mamukelashvili
SAS,24,2024-25,Harrison Ingram,F,H. Ingram
TOR,24,2024-25,A.J. Lawson,G,A. Lawson
TOR,24,2024-25,Gradey Dick,G-F,G. Dick
TOR,24,2024-25,Jonathan Mogbo,F,J. Mogbo
TOR,24,2024-25,Brandon Ingram,F,B. Ingram
TOR,24,2024-25,Scottie Barnes,F-G,S. Barnes
TOR,24,2024-25,Immanuel Quickley,G,I. Quickley
TOR,24,2024-25,Jared Rhoden,G,J. Rhoden
TOR,24,2024-25,RJ Barrett,F-G,R. Barrett
TOR,24,2024-25,Colin Castleton,C,C. Castleton
TOR,24,2024-25,Ja'Kobe Walter,G,J. Walter
TOR,24,2024-25,Garrett Temple,G-F,G. Temple
TOR,24,2024-25,Jakob Poeltl,C,J. Poeltl
TOR,24,2024-25,Ulrich Chomche,C,U. Chomche
TOR,24,2024-25,Jamal Shead,G,J. Shead
TOR,24,2024-25,Chris Boucher,F,C. Boucher
TOR,24,2024-25,Ochai Agbaji,G,O. Agbaji
TOR,24,2024-25,Jamison Battle,F,J. Battle
UTA,24,2024-25,Jordan Clarkson,G,J. Clarkson
UTA,24,2024-25,Taylor Hendricks,F,T. Hendricks
UTA,24,2024-25,Collin Sexton,G,C. Sexton
UTA,24,2024-25,Keyonte George,G,K. George
UTA,24,2024-25,Cody Williams,F,C. Williams
UTA,24,2024-25,Jaden Springer,G,J. Springer
UTA,24,2024-25,Isaiah Collier,G,I. Collier
UTA,24,2024-25,Elijah Harkless,G,E. Harkless
UTA,24,2024-25,Svi Mykhailiuk,G-F,S. Mykhailiuk
UTA,24,2024-25,John Collins,F-C,J. Collins
UTA,24,2024-25,Kyle Filipowski,C,K. Filipowski
UTA,24,2024-25,Lauri Markkanen,F-C,L. Markkanen
UTA,24,2024-25,Walker Kessler,C,W. Kessler
UTA,24,2024-25,Micah Potter,C,M. Potter
UTA,24,2024-25,Brice Sensabaugh,F,B. Sensabaugh
UTA,24,2024-25,Johnny Juzang,G,J. Juzang
UTA,24,2024-25,Oscar Tshiebwe,F-C,O. Tshiebwe
UTA,24,2024-25,KJ Martin,F,K. Martin
WAS,24,2024-25,Bilal Coulibaly,G,B. Coulibaly
WAS,24,2024-25,Tristan Vukcevic,F,T. Vukcevic
WAS,24,2024-25,Colby Jones,G,C. Jones
WAS,24,2024-25,Jaylen Martin,G,J. Martin
WAS,24,2024-25,AJ Johnson,G,A. Johnson
WAS,24,2024-25,Bub Carrington,G,B. Carrington
WAS,24,2024-25,Justin Champagnie,G-F,J. Champagnie
WAS,24,2024-25,Jordan Poole,G,J. Poole
WAS,24,2024-25,Saddiq Bey,G-F,S. Bey
WAS,24,2024-25,Malcolm Brogdon,G,M. Brogdon
WAS,24,2024-25,Anthony Gill,F,A. Gill
WAS,24,2024-25,Kyshawn George,F,K. George
WAS,24,2024-25,Alex Sarr,C,A. Sarr
WAS,24,2024-25,JT Thor,F,J. Thor
WAS,24,2024-25,Richaun Holmes,F,R. Holmes
WAS,24,2024-25,Corey Kispert,F,C. Kispert
WAS,24,2024-25,Khris Middleton,F,K. Middleton
WAS,24,2024-25,Marcus Smart,G,M. Smart
ATL,25,2025-26,Keshon Gilbert,G,K. Gilbert
ATL,25,2025-26,RayJ Dennis,G,R. Dennis
ATL,25,2025-26,Jonathan Kuminga,F,J. Kuminga
ATL,25,2025-26,Jalen Johnson,F,J. Johnson
ATL,25,2025-26,Keaton Wallace,G,K. Wallace
ATL,25,2025-26,CJ McCollum,G,C. McCollum
ATL,25,2025-26,Gabe Vincent,G,G. Vincent
ATL,25,2025-26,Dyson Daniels,G,D. Daniels
ATL,25,2025-26,Nickeil Alexander-Walker,G,N. Alexander-Walker
ATL,25,2025-26,Buddy Hield,G,B. Hield
ATL,25,2025-26,Zaccharie Risacher,F,Z. Risacher
ATL,25,2025-26,Christian Koloko,C,C. Koloko
ATL,25,2025-26,Tony Bradley,C-F,T. Bradley
ATL,25,2025-26,Asa Newell,F,A. Newell
ATL,25,2025-26,Onyeka Okongwu,F-C,O. Okongwu
ATL,25,2025-26,Mouhamed Gueye,F,M. Gueye
ATL,25,2025-26,Corey Kispert,F,C. Kispert
ATL,25,2025-26,Jock Landale,C,J. Landale
BKN,25,2025-26,Josh Minott,F,J. Minott
BKN,25,2025-26,Ziaire Williams,F,Z. Williams
BKN,25,2025-26,Danny Wolf,F,D. Wolf
BKN,25,2025-26,Drake Powell,G-F,D. Powell
BKN,25,2025-26,Egor Dëmin,G,E. Dëmin
BKN,25,2025-26,E.J. Liddell,F,E. Liddell
BKN,25,2025-26,Tyson Etienne,G,T. Etienne
BKN,25,2025-26,Terance Mann,G-F,T. Mann
BKN,25,2025-26,Michael Porter Jr.,F,M. Porter Jr.
BKN,25,2025-26,Malachi Smith,G,M. Smith
BKN,25,2025-26,Day'Ron Sharpe,C,D. Sharpe
BKN,25,2025-26,Noah Clowney,F-C,N. Clowney
BKN,25,2025-26,Jalen Wilson,F,J. Wilson
BKN,25,2025-26,Ochai Agbaji,G,O. Agbaji
BKN,25,2025-26,Chaney Johnson,G-F,C. Johnson
BKN,25,2025-26,Nic Claxton,C,N. Claxton
BKN,25,2025-26,Ben Saraf,G,B. Saraf
BKN,25,2025-26,Nolan Traore,G,N. Traore
BOS,25,2025-26,Jayson Tatum,F-G,J. Tatum
BOS,25,2025-26,Nikola Vučević,C,N. Vučević
BOS,25,2025-26,Jaylen Brown,G-F,J. Brown
BOS,25,2025-26,John Tonje,G,J. Tonje
BOS,25,2025-26,Derrick White,G,D. White
BOS,25,2025-26,Payton Pritchard,G,P. Pritchard
BOS,25,2025-26,Ron Harper Jr.,G-F,R. Harper Jr.
BOS,25,2025-26,Jordan Walsh,G,J. Walsh
BOS,25,2025-26,Hugo González,G,H. González
BOS,25,2025-26,Sam Hauser,F,S. Hauser
BOS,25,2025-26,Max Shulga,G,M. Shulga
BOS,25,2025-26,Dalano Banton,F,D. Banton
BOS,25,2025-26,Luka Garza,C,L. Garza
BOS,25,2025-26,Baylor Scheierman,G,B. Scheierman
BOS,25,2025-26,Amari Williams,F-C,A. Williams
BOS,25,2025-26,Neemias Queta,C,N. Queta
CHA,25,2025-26,Miles Bridges,F,M. Bridges
CHA,25,2025-26,LaMelo Ball,G,L. Ball
CHA,25,2025-26,Grant Williams,F,G. Williams
CHA,25,2025-26,Coby White,G,C. White
CHA,25,2025-26,Sion James,G,S. James
CHA,25,2025-26,Kon Knueppel,G-F,K. Knueppel
CHA,25,2025-26,Josh Green,G,J. Green
CHA,25,2025-26,Ryan Kalkbrenner,C,R. Kalkbrenner
CHA,25,2025-26,Antonio Reeves,G,A. Reeves
CHA,25,2025-26,Moussa Diabaté,F,M. Diabaté
CHA,25,2025-26,PJ Hall,C,P. Hall
CHA,25,2025-26,Tosan Evbuomwan,F,T. Evbuomwan
CHA,25,2025-26,Pat Connaughton,G,P. Connaughton
CHA,25,2025-26,Tre Mann,G,T. Mann
CHA,25,2025-26,Brandon Miller,F,B. Miller
CHA,25,2025-26,Xavier Tillman,F,X. Tillman
CHA,25,2025-26,Tidjane Salaün,F,T. Salaün
CHA,25,2025-26,Liam McNeeley,F,L. McNeeley
CHI,25,2025-26,Collin Sexton,G,C. Sexton
CHI,25,2025-26,Josh Giddey,G,J. Giddey
CHI,25,2025-26,Mac McClung,G,M. McClung
CHI,25,2025-26,Rob Dillingham,G,R. Dillingham
CHI,25,2025-26,Yuki Kawamura,G,Y. Kawamura
CHI,25,2025-26,Leonard Miller,F,L. Miller
CHI,25,2025-26,Zach Collins,F-C,Z. Collins
CHI,25,2025-26,Nick Richards,C,N. Richards
CHI,25,2025-26,Matas Buzelis,F,M. Buzelis
CHI,25,2025-26,Mouhamadou Gueye,F,M. Gueye
CHI,25,2025-26,Anfernee Simons,G,A. Simons
CHI,25,2025-26,Noa Essengue,F,N. Essengue
CHI,25,2025-26,Jalen Smith,F-C,J. Smith
CHI,25,2025-26,Guerschon Yabusele,F,G. Yabusele
CHI,25,2025-26,Tre Jones,G,T. Jones
CHI,25,2025-26,Isaac Okoro,F-G,I. Okoro
CHI,25,2025-26,Patrick Williams,F,P. Williams
CHI,25,2025-26,Lachlan Olbrich,C,L. Olbrich
CLE,25,2025-26,James Harden,G,J. Harden
CLE,25,2025-26,Max Strus,G-F,M. Strus
CLE,25,2025-26,Thomas Bryant,C-F,T. Bryant
CLE,25,2025-26,Evan Mobley,C,E. Mobley
CLE,25,2025-26,Sam Merrill,G,S. Merrill
CLE,25,2025-26,Dennis Schröder,G,D. Schröder
CLE,25,2025-26,Craig Porter Jr.,G,C. Porter Jr.
CLE,25,2025-26,Riley Minix,F,R. Minix
CLE,25,2025-26,Keon Ellis,G,K. Ellis
CLE,25,2025-26,Jaylon Tyson,G-F,J. Tyson
CLE,25,2025-26,Tristan Enaruna,F,T. Enaruna
CLE,25,2025-26,Larry Nance Jr.,F-C,L. Nance Jr.
CLE,25,2025-26,Tyrese Proctor,G,T. Proctor
CLE,25,2025-26,Jarrett Allen,C,J. Allen
CLE,25,2025-26,Dean Wade,F-C,D. Wade
CLE,25,2025-26,Olivier Sarr,C,O. Sarr
CLE,25,2025-26,Nae'Qwan Tomlin,F,N. Tomlin
CLE,25,2025-26,Donovan Mitchell,G,D. Mitchell
DAL,25,2025-26,John Poulakidas,G,J. Poulakidas
DAL,25,2025-26,Max Christie,G,M. Christie
DAL,25,2025-26,Dereck Lively II,C,D. Lively II
DAL,25,2025-26,Dwight Powell,F-C,D. Powell
DAL,25,2025-26,AJ Johnson,G,A. Johnson
DAL,25,2025-26,Ryan Nembhard,G,R. Nembhard
DAL,25,2025-26,Brandon Williams,G,B. Williams
DAL,25,2025-26,Kyrie Irving,G,K. Irving
DAL,25,2025-26,Naji Marshall,F,N. Marshall
DAL,25,2025-26,Caleb Martin,F,C. Martin
DAL,25,2025-26,Khris Middleton,F,K. Middleton
DAL,25,2025-26,Daniel Gafford,F-C,D. Gafford
DAL,25,2025-26,Tyler Smith,F,T. Smith
DAL,25,2025-26,P.J. Washington,F,P. Washington
DAL,25,2025-26,Moussa Cisse,C,M. Cisse
DAL,25,2025-26,Klay Thompson,G,K. Thompson
DAL,25,2025-26,Cooper Flagg,F,C. Flagg
DAL,25,2025-26,Marvin Bagley III,F,M. Bagley III
DEN,25,2025-26,Christian Braun,G,C. Braun
DEN,25,2025-26,Curtis Jones,G,C. Jones
DEN,25,2025-26,Julian Strawther,G,J. Strawther
DEN,25,2025-26,Tyus Jones,G,T. Jones
DEN,25,2025-26,Peyton Watson,G,P. Watson
DEN,25,2025-26,Tim Hardaway Jr.,G-F,T. Hardaway Jr.
DEN,25,2025-26,Bruce Brown,G-F,B. Brown
DEN,25,2025-26,DaRon Holmes II,F,D. Holmes II
DEN,25,2025-26,Nikola Jokić,C,N. Jokić
DEN,25,2025-26,Jonas Valančiūnas,C,J. Valančiūnas
DEN,25,2025-26,Spencer Jones,F,S. Jones
DEN,25,2025-26,Zeke Nnaji,F-C,Z. Nnaji
DEN,25,2025-26,Cameron Johnson,F,C. Johnson
DEN,25,2025-26,Jalen Pickett,G,J. Pickett
DEN,25,2025-26,KJ Simpson,G,K. Simpson
DEN,25,2025-26,Jamal Murray,G,J. Murray
DEN,25,2025-26,Aaron Gordon,F,A. Gordon
DEN,25,2025-26,David Roddy,F,D. Roddy
DET,25,2025-26,Jalen Duren,C,J. Duren
DET,25,2025-26,Cade Cunningham,G,C. Cunningham
DET,25,2025-26,Isaac Jones,F,I. Jones
DET,25,2025-26,Ronald Holland II,F,R. Holland II
DET,25,2025-26,Paul Reed,F,P. Reed
DET,25,2025-26,Caris LeVert,G,C. LeVert
DET,25,2025-26,Ausar Thompson,G-F,A. Thompson
DET,25,2025-26,Tobias Harris,F,T. Harris
DET,25,2025-26,Wendell Moore Jr.,G,W. Moore Jr.
DET,25,2025-26,Chaz Lanier,G,C. Lanier
DET,25,2025-26,Daniss Jenkins,G,D. Jenkins
DET,25,2025-26,Marcus Sasser,G,M. Sasser
DET,25,2025-26,Kevin Huerter,G-F,K. Huerter
DET,25,2025-26,Isaiah Stewart,F-C,I. Stewart
DET,25,2025-26,Javonte Green,G,J. Green
DET,25,2025-26,Tolu Smith,F,T. Smith
DET,25,2025-26,Duncan Robinson,F,D. Robinson
GSW,25,2025-26,Gary Payton II,G,G. Payton II
GSW,25,2025-26,Brandin Podziemski,G,B. Podziemski
GSW,25,2025-26,Will Richard,G,W. Richard
GSW,25,2025-26,Moses Moody,G,M. Moody
GSW,25,2025-26,Kristaps Porziņģis,F-C,K. Porziņģis
GSW,25,2025-26,De'Anthony Melton,G,D. Melton
GSW,25,2025-26,Jimmy Butler III,F,J. Butler III
GSW,25,2025-26,Gui Santos,F,G. Santos
GSW,25,2025-26,LJ Cryer,G,L. Cryer
GSW,25,2025-26,Nate Williams,G,N. Williams
GSW,25,2025-26,Al Horford,C-F,A. Horford
GSW,25,2025-26,Quinten Post,C,Q. Post
GSW,25,2025-26,Draymond Green,F,D. Green
GSW,25,2025-26,Charles Bassey,C-F,C. Bassey
GSW,25,2025-26,Stephen Curry,G,S. Curry
GSW,25,2025-26,Seth Curry,G,S. Curry
GSW,25,2025-26,Malevy Leons,F,M. Leons
GSW,25,2025-26,Pat Spencer,G,P. Spencer
HOU,25,2025-26,Aaron Holiday,G,A. Holiday
HOU,25,2025-26,Amen Thompson,G-F,A. Thompson
HOU,25,2025-26,Dorian Finney-Smith,F,D. Finney-Smith
HOU,25,2025-26,JD Davison,G,J. Davison
HOU,25,2025-26,Fred VanVleet,G,F. VanVleet
HOU,25,2025-26,Kevin Durant,F,K. Durant
HOU,25,2025-26,Jae'Sean Tate,F,J. Tate
HOU,25,2025-26,Jabari Smith Jr.,F,J. Smith Jr.
HOU,25,2025-26,Steven Adams,C,S. Adams
HOU,25,2025-26,Tristen Newton,G,T. Newton
HOU,25,2025-26,Reed Sheppard,G,R. Sheppard
HOU,25,2025-26,Tari Eason,F,T. Eason
HOU,25,2025-26,Josh Okogie,G,J. Okogie
HOU,25,2025-26,Isaiah Crawford,F,I. Crawford
HOU,25,2025-26,Alperen Sengun,C,A. Sengun
HOU,25,2025-26,Clint Capela,C,C. Capela
HOU,25,2025-26,Jeff Green,F,J. Green
IND,25,2025-26,Tyrese Haliburton,G,T. Haliburton
IND,25,2025-26,Obi Toppin,F,O. Toppin
IND,25,2025-26,Andrew Nembhard,G-F,A. Nembhard
IND,25,2025-26,Taelon Peter,G,T. Peter
IND,25,2025-26,Jarace Walker,F,J. Walker
IND,25,2025-26,Kam Jones,G,K. Jones
IND,25,2025-26,T.J. McConnell,G,T. McConnell
IND,25,2025-26,Micah Potter,C,M. Potter
IND,25,2025-26,Johnny Furphy,G,J. Furphy
IND,25,2025-26,Jalen Slawson,F,J. Slawson
IND,25,2025-26,Aaron Nesmith,G-F,A. Nesmith
IND,25,2025-26,Kobe Brown,F,K. Brown
IND,25,2025-26,Ben Sheppard,G,B. Sheppard
IND,25,2025-26,Quenton Jackson,G,Q. Jackson
IND,25,2025-26,Jay Huff,C,J. Huff
IND,25,2025-26,Ivica Zubac,C,I. Zubac
IND,25,2025-26,Pascal Siakam,F,P. Siakam
IND,25,2025-26,Ethan Thompson,G,E. Thompson
LAC,25,2025-26,Norchad Omier,F,N. Omier
LAC,25,2025-26,Sean Pedulla,G,S. Pedulla
LAC,25,2025-26,Bradley Beal,G,B. Beal
LAC,25,2025-26,Kawhi Leonard,F,K. Leonard
LAC,25,2025-26,Kobe Sanders,G,K. Sanders
LAC,25,2025-26,Derrick Jones Jr.,F,D. Jones Jr.
LAC,25,2025-26,Bogdan Bogdanović,G,B. Bogdanović
LAC,25,2025-26,Kris Dunn,G,K. Dunn
LAC,25,2025-26,Bennedict Mathurin,G-F,B. Mathurin
LAC,25,2025-26,Darius Garland,G,D. Garland
LAC,25,2025-26,Brook Lopez,C,B. Lopez
LAC,25,2025-26,Cam Christie,G,C. Christie
LAC,25,2025-26,TyTy Washington Jr.,G,T. Washington Jr.
LAC,25,2025-26,Yanic Konan Niederhäuser,C,Y. Konan Niederhäuser
LAC,25,2025-26,John Collins,F-C,J. Collins
LAC,25,2025-26,Jordan Miller,G,J. Miller
LAC,25,2025-26,Isaiah Jackson,F,I. Jackson
LAC,25,2025-26,Nicolas Batum,G-F,N. Batum
LAL,25,2025-26,Adou Thiero,G,A. Thiero
LAL,25,2025-26,Jarred Vanderbilt,F,J. Vanderbilt
LAL,25,2025-26,Dalton Knecht,F,D. Knecht
LAL,25,2025-26,Deandre Ayton,C,D. Ayton
LAL,25,2025-26,Bronny James,G,B. James
LAL,25,2025-26,Luke Kennard,G,L. Kennard
LAL,25,2025-26,Jaxson Hayes,C-F,J. Hayes
LAL,25,2025-26,Jake LaRavia,F,J. LaRavia
LAL,25,2025-26,Maxi Kleber,F,M. Kleber
LAL,25,2025-26,Austin Reaves,G,A. Reaves
LAL,25,2025-26,Drew Timme,F,D. Timme
LAL,25,2025-26,Nick Smith Jr.,G,N. Smith Jr.
LAL,25,2025-26,LeBron James,F,L. James
LAL,25,2025-26,Rui Hachimura,F,R. Hachimura
LAL,25,2025-26,Chris Mañon,G,C. Mañon
LAL,25,2025-26,Marcus Smart,G,M. Smart
LAL,25,2025-26,Luka Dončić,F-G,L. Dončić
MEM,25,2025-26,Jahmai Mashack,G,J. Mashack
MEM,25,2025-26,Jaylen Wells,F,J. Wells
MEM,25,2025-26,Scotty Pippen Jr.,G,S. Pippen Jr.
MEM,25,2025-26,Ty Jerome,G-F,T. Jerome
MEM,25,2025-26,Kentavious Caldwell-Pope,G,K. Caldwell-Pope
MEM,25,2025-26,Walter Clayton Jr.,G,W. Clayton Jr.
MEM,25,2025-26,Santi Aldama,F-C,S. Aldama
MEM,25,2025-26,Javon Small,G,J. Small
MEM,25,2025-26,Ja Morant,G,J. Morant
MEM,25,2025-26,Zach Edey,C,Z. Edey
MEM,25,2025-26,Brandon Clarke,F,B. Clarke
MEM,25,2025-26,Olivier-Maxence Prosper,F,O. Prosper
MEM,25,2025-26,Rayan Rupert,G-F,R. Rupert
MEM,25,2025-26,Taylor Hendricks,F,T. Hendricks
MEM,25,2025-26,Cedric Coward,G,C. Coward
MEM,25,2025-26,Cam Spencer,G,C. Spencer
MEM,25,2025-26,GG Jackson,F,G. Jackson
MEM,25,2025-26,Taj Gibson,F,T. Gibson
MIA,25,2025-26,Simone Fontecchio,F,S. Fontecchio
MIA,25,2025-26,Trevor Keels,G,T. Keels
MIA,25,2025-26,Nikola Jović,F,N. Jović
MIA,25,2025-26,Kel'el Ware,C,K. Ware
MIA,25,2025-26,Pelle Larsson,G,P. Larsson
MIA,25,2025-26,Jaime Jaquez Jr.,G,J. Jaquez Jr.
MIA,25,2025-26,Dru Smith,G,D. Smith
MIA,25,2025-26,Bam Adebayo,C-F,B. Adebayo
MIA,25,2025-26,Tyler Herro,G,T. Herro
MIA,25,2025-26,Myron Gardner,F,M. Gardner
MIA,25,2025-26,Keshad Johnson,F,K. Johnson
MIA,25,2025-26,Jahmir Young,G,J. Young
MIA,25,2025-26,Andrew Wiggins,F,A. Wiggins
MIA,25,2025-26,Norman Powell,G,N. Powell
MIA,25,2025-26,Kasparas Jakučionis,G,K. Jakučionis
MIA,25,2025-26,Davion Mitchell,G,D. Mitchell
MIA,25,2025-26,Vladislav Goldin,C,V. Goldin
MIL,25,2025-26,Jericho Sims,C,J. Sims
MIL,25,2025-26,Myles Turner,C-F,M. Turner
MIL,25,2025-26,Gary Trent Jr.,G,G. Trent Jr.
MIL,25,2025-26,Kevin Porter Jr.,G-F,K. Porter Jr.
MIL,25,2025-26,Bobby Portis,F,B. Portis
MIL,25,2025-26,Gary Harris,G,G. Harris
MIL,25,2025-26,Taurean Prince,F,T. Prince
MIL,25,2025-26,Ryan Rollins,G,R. Rollins
MIL,25,2025-26,Kyle Kuzma,F,K. Kuzma
MIL,25,2025-26,AJ Green,G,A. Green
MIL,25,2025-26,Ousmane Dieng,F,O. Dieng
MIL,25,2025-26,Alex Antetokounmpo,F,A. Antetokounmpo
MIL,25,2025-26,Cormac Ryan,G,C. Ryan
MIL,25,2025-26,Giannis Antetokounmpo,F,G. Antetokounmpo
MIL,25,2025-26,Pete Nance,F,P. Nance
MIL,25,2025-26,Thanasis Antetokounmpo,F,T. Antetokounmpo
MIL,25,2025-26,Andre Jackson Jr.,G,A. Jackson Jr.
MIN,25,2025-26,Donte DiVincenzo,G,D. DiVincenzo
MIN,25,2025-26,Terrence Shannon Jr.,G-F,T. Shannon Jr.
MIN,25,2025-26,Jaden McDaniels,F,J. McDaniels
MIN,25,2025-26,Julian Phillips,F,J. Phillips
MIN,25,2025-26,Anthony Edwards,G,A. Edwards
MIN,25,2025-26,Joe Ingles,F-G,J. Ingles
MIN,25,2025-26,Bones Hyland,G,B. Hyland
MIN,25,2025-26,Mike Conley,G,M. Conley
MIN,25,2025-26,Naz Reid,C-F,N. Reid
MIN,25,2025-26,Kyle Anderson,F-G,K. Anderson
MIN,25,2025-26,Ayo Dosunmu,G,A. Dosunmu
MIN,25,2025-26,Zyon Pullin,G,Z. Pullin
MIN,25,2025-26,Joan Beringer,F,J. Beringer
MIN,25,2025-26,Jaylen Clark,G,J. Clark
MIN,25,2025-26,Enrique Freeman,F,E. Freeman
MIN,25,2025-26,Rudy Gobert,C,R. Gobert
MIN,25,2025-26,Julius Randle,F-C,J. Randle
MIN,25,2025-26,Rocco Zikarsky,C,R. Zikarsky
NOP,25,2025-26,Josh Oduro,C,J. Oduro
NOP,25,2025-26,Jeremiah Fears,G,J. Fears
NOP,25,2025-26,Zion Williamson,F,Z. Williamson
NOP,25,2025-26,Herbert Jones,F,H. Jones
NOP,25,2025-26,Jordan Poole,G,J. Poole
NOP,25,2025-26,Hunter Dickinson,C,H. Dickinson
NOP,25,2025-26,Dejounte Murray,G,D. Murray
NOP,25,2025-26,DeAndre Jordan,C,D. Jordan
NOP,25,2025-26,Bryce McGowens,G,B. McGowens
NOP,25,2025-26,Micah Peavy,G-F,M. Peavy
NOP,25,2025-26,Karlo Matković,F-C,K. Matković
NOP,25,2025-26,Yves Missi,C,Y. Missi
NOP,25,2025-26,Derik Queen,C,D. Queen
NOP,25,2025-26,Trey Alexander,G,T. Alexander
NOP,25,2025-26,Jordan Hawkins,G,J. Hawkins
NOP,25,2025-26,Trey Murphy III,F,T. Murphy III
NOP,25,2025-26,Saddiq Bey,G-F,S. Bey
NOP,25,2025-26,Kevon Looney,F,K. Looney
NYK,25,2025-26,Jordan Clarkson,G,J. Clarkson
NYK,25,2025-26,Dillon Jones,F,D. Jones
NYK,25,2025-26,Miles McBride,G,M. McBride
NYK,25,2025-26,Josh Hart,G,J. Hart
NYK,25,2025-26,Pacôme Dadiet,F,P. Dadiet
NYK,25,2025-26,Jose Alvarado,G,J. Alvarado
NYK,25,2025-26,OG Anunoby,F-G,O. Anunoby
NYK,25,2025-26,Kevin McCullar Jr.,G,K. McCullar Jr.
NYK,25,2025-26,Jalen Brunson,G,J. Brunson
NYK,25,2025-26,Tyler Kolek,G,T. Kolek
NYK,25,2025-26,Jeremy Sochan,F,J. Sochan
NYK,25,2025-26,Mitchell Robinson,C-F,M. Robinson
NYK,25,2025-26,Mikal Bridges,G-F,M. Bridges
NYK,25,2025-26,Karl-Anthony Towns,C-F,K. Towns
NYK,25,2025-26,Landry Shamet,G,L. Shamet
NYK,25,2025-26,Trey Jemison III,C,T. Jemison III
NYK,25,2025-26,Mohamed Diawara,F,M. Diawara
NYK,25,2025-26,Ariel Hukporti,C,A. Hukporti
OKC,25,2025-26,Shai Gilgeous-Alexander,G,S. Gilgeous-Alexander
OKC,25,2025-26,Jared McCain,G,J. McCain
OKC,25,2025-26,Luguentz Dort,G,L. Dort
OKC,25,2025-26,Jaylin Williams,F,J. Williams
OKC,25,2025-26,Chet Holmgren,C-F,C. Holmgren
OKC,25,2025-26,Jalen Williams,G-F,J. Williams
OKC,25,2025-26,Alex Caruso,G,A. Caruso
OKC,25,2025-26,Isaiah Joe,G,I. Joe
OKC,25,2025-26,Thomas Sorber,C,T. Sorber
OKC,25,2025-26,Payton Sandfort,F,P. Sandfort
OKC,25,2025-26,Branden Carlson,C,B. Carlson
OKC,25,2025-26,Aaron Wiggins,G,A. Wiggins
OKC,25,2025-26,Cason Wallace,G,C. Wallace
OKC,25,2025-26,Brooks Barnhizer,G,B. Barnhizer
OKC,25,2025-26,Ajay Mitchell,G,A. Mitchell
OKC,25,2025-26,Kenrich Williams,G-F,K. Williams
OKC,25,2025-26,Nikola Topić,G,N. Topić
OKC,25,2025-26,Isaiah Hartenstein,C-F,I. Hartenstein
ORL,25,2025-26,Alex Morales,G,A. Morales
ORL,25,2025-26,Anthony Black,G,A. Black
ORL,25,2025-26,Jonathan Isaac,F,J. Isaac
ORL,25,2025-26,Jevon Carter,G,J. Carter
ORL,25,2025-26,Desmond Bane,G,D. Bane
ORL,25,2025-26,Jalen Suggs,G,J. Suggs
ORL,25,2025-26,Paolo Banchero,F,P. Banchero
ORL,25,2025-26,Jamal Cain,F,J. Cain
ORL,25,2025-26,Jase Richardson,G,J. Richardson
ORL,25,2025-26,Jett Howard,G,J. Howard
ORL,25,2025-26,Colin Castleton,C,C. Castleton
ORL,25,2025-26,Moritz Wagner,F-C,M. Wagner
ORL,25,2025-26,Franz Wagner,F,F. Wagner
ORL,25,2025-26,Tristan da Silva,F,T. da Silva
ORL,25,2025-26,Wendell Carter Jr.,C-F,W. Carter Jr.
ORL,25,2025-26,Goga Bitadze,C-F,G. Bitadze
ORL,25,2025-26,Noah Penda,G-F,N. Penda
PHI,25,2025-26,Tyrese Maxey,G,T. Maxey
PHI,25,2025-26,Andre Drummond,C,A. Drummond
PHI,25,2025-26,Quentin Grimes,G,Q. Grimes
PHI,25,2025-26,Kyle Lowry,G,K. Lowry
PHI,25,2025-26,Paul George,F,P. George
PHI,25,2025-26,Kelly Oubre Jr.,F-G,K. Oubre Jr.
PHI,25,2025-26,Justin Edwards,F,J. Edwards
PHI,25,2025-26,Trendon Watford,G-F,T. Watford
PHI,25,2025-26,Dalen Terry,F,D. Terry
PHI,25,2025-26,MarJon Beauchamp,F,M. Beauchamp
PHI,25,2025-26,Joel Embiid,C-F,J. Embiid
PHI,25,2025-26,Johni Broome,F,J. Broome
PHI,25,2025-26,Tyrese Martin,F,T. Martin
PHI,25,2025-26,Dominick Barlow,F,D. Barlow
PHI,25,2025-26,Adem Bona,F,A. Bona
PHI,25,2025-26,Jabari Walker,F,J. Walker
PHI,25,2025-26,VJ Edgecombe,G,V. Edgecombe
PHX,25,2025-26,Royce O'Neale,F,R. O'Neale
PHX,25,2025-26,Ryan Dunn,F,R. Dunn
PHX,25,2025-26,Devin Booker,G,D. Booker
PHX,25,2025-26,Amir Coffey,G-F,A. Coffey
PHX,25,2025-26,Dillon Brooks,G-F,D. Brooks
PHX,25,2025-26,Jalen Green,G,J. Green
PHX,25,2025-26,Haywood Highsmith,F,H. Highsmith
PHX,25,2025-26,Grayson Allen,G,G. Allen
PHX,25,2025-26,Khaman Maluach,C,K. Maluach
PHX,25,2025-26,Oso Ighodaro,F,O. Ighodaro
PHX,25,2025-26,Collin Gillespie,G,C. Gillespie
PHX,25,2025-26,Koby Brea,G,K. Brea
PHX,25,2025-26,Mark Williams,C,M. Williams
PHX,25,2025-26,Jamaree Bouyea,G,J. Bouyea
PHX,25,2025-26,Isaiah Livers,F,I. Livers
PHX,25,2025-26,Rasheer Fleming,F,R. Fleming
PHX,25,2025-26,CJ Huntley,F,C. Huntley
PHX,25,2025-26,Jordan Goodwin,G,J. Goodwin
POR,25,2025-26,Jayson Kent,F,J. Kent
POR,25,2025-26,Scoot Henderson,G,S. Henderson
POR,25,2025-26,Damian Lillard,G,D. Lillard
POR,25,2025-26,Blake Wesley,G,B. Wesley
POR,25,2025-26,Caleb Love,G,C. Love
POR,25,2025-26,Chris Youngblood,G,C. Youngblood
POR,25,2025-26,Matisse Thybulle,G-F,M. Thybulle
POR,25,2025-26,Jrue Holiday,G,J. Holiday
POR,25,2025-26,Deni Avdija,F,D. Avdija
POR,25,2025-26,Jerami Grant,F,J. Grant
POR,25,2025-26,Yang Hansen,C,Y. Hansen
POR,25,2025-26,Shaedon Sharpe,G,S. Sharpe
POR,25,2025-26,Donovan Clingan,C,D. Clingan
POR,25,2025-26,Kris Murray,F,K. Murray
POR,25,2025-26,Vít Krejčí,G,V. Krejčí
POR,25,2025-26,Toumani Camara,F,T. Camara
POR,25,2025-26,Robert Williams III,C-F,R. Williams III
POR,25,2025-26,Sidy Cissoko,G,S. Cissoko
SAC,25,2025-26,Malik Monk,G,M. Monk
SAC,25,2025-26,Nique Clifford,G,N. Clifford
SAC,25,2025-26,Killian Hayes,G,K. Hayes
SAC,25,2025-26,Doug McDermott,F,D. McDermott
SAC,25,2025-26,Zach LaVine,G,Z. LaVine
SAC,25,2025-26,Precious Achiuwa,F,P. Achiuwa
SAC,25,2025-26,DeMar DeRozan,G-F,D. DeRozan
SAC,25,2025-26,Domantas Sabonis,F-C,D. Sabonis
SAC,25,2025-26,Keegan Murray,F,K. Murray
SAC,25,2025-26,De'Andre Hunter,F-G,D. Hunter
SAC,25,2025-26,Russell Westbrook,G,R. Westbrook
SAC,25,2025-26,Drew Eubanks,F-C,D. Eubanks
SAC,25,2025-26,Devin Carter,G,D. Carter
SAC,25,2025-26,Patrick Baldwin Jr.,F,P. Baldwin Jr.
SAC,25,2025-26,Isaiah Stevens,G,I. Stevens
SAC,25,2025-26,Daeqwon Plowden,G-F,D. Plowden
SAC,25,2025-26,Dylan Cardwell,C,D. Cardwell
SAC,25,2025-26,Maxime Raynaud,C,M. Raynaud
SAS,25,2025-26,Jordan McLaughlin,G,J. McLaughlin
SAS,25,2025-26,Victor Wembanyama,F-C,V. Wembanyama
SAS,25,2025-26,Dylan Harper,G,D. Harper
SAS,25,2025-26,Keldon Johnson,F-G,K. Johnson
SAS,25,2025-26,De'Aaron Fox,G,D. Fox
SAS,25,2025-26,Stephon Castle,G,S. Castle
SAS,25,2025-26,Luke Kornet,C-F,L. Kornet
SAS,25,2025-26,Kelly Olynyk,F-C,K. Olynyk
SAS,25,2025-26,Carter Bryant,F,C. Bryant
SAS,25,2025-26,Emanuel Miller,F,E. Miller
SAS,25,2025-26,Bismack Biyombo,C,B. Biyombo
SAS,25,2025-26,Devin Vassell,G-F,D. Vassell
SAS,25,2025-26,David Jones Garcia,G,D. Jones Garcia
SAS,25,2025-26,Julian Champagnie,F,J. Champagnie
SAS,25,2025-26,Harrison Barnes,F,H. Barnes
SAS,25,2025-26,Lindy Waters III,F,L. Waters III
SAS,25,2025-26,Mason Plumlee,F-C,M. Plumlee
SAS,25,2025-26,Harrison Ingram,F,H. Ingram
TOR,25,2025-26,A.J. Lawson,G,A. Lawson
TOR,25,2025-26,Gradey Dick,G-F,G. Dick
TOR,25,2025-26,Jonathan Mogbo,F,J. Mogbo
TOR,25,2025-26,Brandon Ingram,F,B. Ingram
TOR,25,2025-26,Scottie Barnes,F-G,S. Barnes
TOR,25,2025-26,Immanuel Quickley,G,I. Quickley
TOR,25,2025-26,RJ Barrett,F-G,R. Barrett
TOR,25,2025-26,Collin Murray-Boyles,F,C. Murray-Boyles
TOR,25,2025-26,Ja'Kobe Walter,G,J. Walter
TOR,25,2025-26,Garrett Temple,G-F,G. Temple
TOR,25,2025-26,Jakob Poeltl,C,J. Poeltl
TOR,25,2025-26,Jamal Shead,G,J. Shead
TOR,25,2025-26,Chucky Hepburn,G,C. Hepburn
TOR,25,2025-26,Trayce Jackson-Davis,F,T. Jackson-Davis
TOR,25,2025-26,Sandro Mamukelashvili,F-C,S. Mamukelashvili
TOR,25,2025-26,Alijah Martin,G,A. Martin
TOR,25,2025-26,Jamison Battle,F,J. Battle
UTA,25,2025-26,Hayden Gray,G,H. Gray
UTA,25,2025-26,Blake Hinson,F,B. Hinson
UTA,25,2025-26,Keyonte George,G,K. George
UTA,25,2025-26,Cody Williams,F,C. Williams
UTA,25,2025-26,Isaiah Collier,G,I. Collier
UTA,25,2025-26,Svi Mykhailiuk,G-F,S. Mykhailiuk
UTA,25,2025-26,Elijah Harkless,G,E. Harkless
UTA,25,2025-26,Ace Bailey,F,A. Bailey
UTA,25,2025-26,Jaren Jackson Jr.,F-C,J. Jackson Jr.
UTA,25,2025-26,Bez Mbeng,G,B. Mbeng
UTA,25,2025-26,Kyle Filipowski,C,K. Filipowski
UTA,25,2025-26,Lauri Markkanen,F-C,L. Markkanen
UTA,25,2025-26,Walker Kessler,C,W. Kessler
UTA,25,2025-26,Brice Sensabaugh,F,B. Sensabaugh
UTA,25,2025-26,Jusuf Nurkić,C,J. Nurkić
UTA,25,2025-26,Oscar Tshiebwe,F-C,O. Tshiebwe
UTA,25,2025-26,Kevin Love,F-C,K. Love
UTA,25,2025-26,John Konchar,G,J. Konchar
WAS,25,2025-26,Julian Reese,F,J. Reese
WAS,25,2025-26,Bilal Coulibaly,G,B. Coulibaly
WAS,25,2025-26,Tristan Vukcevic,F,T. Vukcevic
WAS,25,2025-26,Cam Whitmore,F,C. Whitmore
WAS,25,2025-26,Trae Young,G,T. Young
WAS,25,2025-26,D'Angelo Russell,G,D. Russell
WAS,25,2025-26,Jamir Watkins,F,J. Watkins
WAS,25,2025-26,Bub Carrington,G,B. Carrington
WAS,25,2025-26,Jaden Hardy,G,J. Hardy
WAS,25,2025-26,Justin Champagnie,G-F,J. Champagnie
WAS,25,2025-26,Tre Johnson,G,T. Johnson
WAS,25,2025-26,Leaky Black,F,L. Black
WAS,25,2025-26,Sharife Cooper,G,S. Cooper
WAS,25,2025-26,Anthony Gill,F,A. Gill
WAS,25,2025-26,Kyshawn George,F,K. George
WAS,25,2025-26,Alex Sarr,C,A. Sarr
WAS,25,2025-26,Anthony Davis,F-C,A. Davis
WAS,25,2025-26,Will Riley,F,W. Riley
ATL,22,2022-23,Frank Kaminsky,Forward-Center,F. Kaminsky
ATL,22,2022-23,Jrue Holiday,Guard,J. Holiday
BKN,22,2022-23,Kevin Durant,Forward,K. Durant
BKN,22,2022-23,Kyrie Irving,Guard,K. Irving
BKN,22,2022-23,Markieff Morris,Forward,M. Morris
BKN,22,2022-23,T.J. Warren,Forward,T. Warren
CHA,22,2022-23,Jaden McDaniels,Forward,J. McDaniels
CHA,22,2022-23,Malcolm Lee,Guard,M. Plumlee
CHI,22,2022-23,Goran Dragic,Guard,G. Dragic
CLE,22,2022-23,Kevin Love,Forward-Center,K. Love
DAL,22,2022-23,Dorian Finney-Smith,Forward,D. Finney-Smith
BKN,24,2024-25,Dorian Finney-Smith,Forward,D. Finney-Smith
DAL,22,2022-23,Kemba Walker,Guard,K. Walker
DAL,22,2022-23,Spencer Dinwiddie,Guard,S. Dinwiddie
BKN,23,2023-24,Spencer Dinwiddie,Guard,S. Dinwiddie
DEN,22,2022-23,Bones Hyland,Guard,B. Hyland
LAC,24,2024-25,Bones Hyland,Guard,B. Hyland
DEN,22,2022-23,Davon Reed,Guard,D. Reed
DET,22,2022-23,Bogdan Bogdanović,Guard,B. Bogdanović
DET,23,2023-24,Bogdan Bogdanović,Guard,B. Bogdanović
NYK,23,2023-24,Bogdan Bogdanović,Guard,B. Bogdanović
ATL,24,2024-25,Bogdan Bogdanović,Guard,B. Bogdanović
DET,22,2022-23,Kevin Knox II,Forward,K. Knox II
DET,23,2023-24,Kevin Knox II,Forward,K. Knox II
DET,22,2022-23,Saddiq Bey,Guard-Forward,S. Bey
GSW,22,2022-23,James Wiseman,Center,J. Wiseman
HOU,22,2022-23,Bruno Fernando,Forward-Center,B. Fernando
HOU,22,2022-23,Eric Gordon,Guard,E. Gordon
HOU,22,2022-23,Garrison Mathews,Guard,G. Mathews
IND,25,2025-26,Garrison Mathews,Guard,G. Mathews
LAC,22,2022-23,John Wall,Guard,J. Wall
LAC,22,2022-23,Luke Kennard,Guard,L. Kennard
ATL,25,2025-26,Luke Kennard,Guard,L. Kennard
LAC,22,2022-23,Ralph Jackson,Guard,R. Jackson
PHI,24,2024-25,Ralph Jackson,Guard,R. Jackson
LAL,22,2022-23,Juan Toscano-Anderson,Forward,J. Toscano-Anderson
LAL,22,2022-23,Kendrick Nunn,Guard,K. Nunn
LAL,22,2022-23,Patrick Beverley,Guard,P. Beverley
PHI,23,2023-24,Patrick Beverley,Guard,P. Beverley
LAL,22,2022-23,Roland West,Guard,R. Westbrook
LAL,22,2022-23,Thomas Bryant,Center-Forward,T. Bryant
MEM,22,2022-23,Kennedy Chandler,Guard,K. Chandler
UTA,25,2025-26,Kennedy Chandler,Guard,K. Chandler
MIA,22,2022-23,Dewayne Dedmon,Center,D. Dedmon
MIL,22,2022-23,Gary Hill,Guard,G. Hill
MIL,22,2022-23,Jordan Nwora,Forward,J. Nwora
IND,23,2023-24,Jordan Nwora,Forward,J. Nwora
MIL,22,2022-23,Sandro Mamukelashvili,Forward-Center,S. Mamukelashvili
MIN,22,2022-23,Bryn Forbes,Guard,B. Forbes
MIN,22,2022-23,D'Angelo Russell,Guard,D. Russell
LAL,24,2024-25,D'Angelo Russell,Guard,D. Russell
DAL,25,2025-26,D'Angelo Russell,Guard,D. Russell
NOP,22,2022-23,Devonte' Graham,Guard,D. Graham
NYK,22,2022-23,Cam Reddish,Forward-Guard,C. Reddish
LAL,24,2024-25,Cam Reddish,Forward-Guard,C. Reddish
OKC,22,2022-23,Darius Bazley,Forward,D. Bazley
OKC,22,2022-23,Eugene Omoruyi,Forward,E. Omoruyi
OKC,22,2022-23,Mike Muscala,Forward-Center,M. Muscala
WAS,23,2023-24,Mike Muscala,Forward-Center,M. Muscala
ORL,22,2022-23,Mo Bamba,Center,M. Bamba
LAC,24,2024-25,Mo Bamba,Center,M. Bamba
ORL,22,2022-23,R.J. Hampton,Guard,R. Hampton
ORL,22,2022-23,Terrence Ross,Guard-Forward,T. Ross
PHI,22,2022-23,Matisse Thybulle,Guard-Forward,M. Thybulle
PHX,22,2022-23,Cameron Johnson,Forward,C. Johnson
PHX,22,2022-23,Duane Washington Jr.,Guard,D. Washington Jr.
PHX,22,2022-23,Dario Šarić,Forward-Center,D. Šarić
PHX,22,2022-23,Mikal Bridges,Guard-Forward,M. Bridges
POR,22,2022-23,Jason Hart,Guard,J. Hart
POR,22,2022-23,Scott May,Forward,S. Mays
POR,23,2023-24,Scott May,Forward,S. Mays
SAS,22,2022-23,Isaiah Roby,Forward,I. Roby
SAS,22,2022-23,Jakob Poeltl,Center,J. Poeltl
SAS,22,2022-23,Jim Ard,Center,J. Richardson
SAS,22,2022-23,Stanley Johnson,Forward-Guard,S. Johnson
TOR,22,2022-23,Juancho Hernangomez,Forward,J. Hernangomez
UTA,22,2022-23,Jarred Vanderbilt,Forward,J. Vanderbilt
UTA,22,2022-23,Malik Beasley,Guard,M. Beasley
UTA,22,2022-23,Mike Conley,Guard,M. Conley
UTA,22,2022-23,Nickeil Alexander-Walker,Guard,N. Alexander-Walker
WAS,22,2022-23,Rui Hachimura,Forward,R. Hachimura
WAS,22,2022-23,Will Barton,Guard,W. Barton
ATL,23,2023-24,Patty Mills,Guard,P. Mills
UTA,24,2024-25,Patty Mills,Guard,P. Mills
BKN,23,2023-24,Royce O'Neale,Forward,R. O'Neale
BOS,23,2023-24,Dalano Banton,Forward,D. Banton
CHA,23,2023-24,Gordon Hayward,Forward,G. Hayward
CHA,23,2023-24,Ish Smith,Guard,I. Smith
CHA,23,2023-24,P.J. Washington,Forward,P. Washington
CHA,23,2023-24,Theo Maledon,Guard,T. Maledon
CHA,23,2023-24,Terry Rozier,Guard,T. Rozier
DAL,23,2023-24,Grant Williams,Forward,G. Williams
DAL,23,2023-24,Seth Curry,Guard,S. Curry
DET,23,2023-24,Alec Burks,Guard,A. Burks
DET,23,2023-24,Isaiah Livers,Forward,I. Livers
DET,23,2023-24,Killian Hayes,Guard,K. Hayes
DET,23,2023-24,Marvin Bagley III,Forward,M. Bagley III
WAS,24,2024-25,Marvin Bagley III,Forward,M. Bagley III
WAS,25,2025-26,Marvin Bagley III,Forward,M. Bagley III
GSW,23,2023-24,Cory Joseph,Guard,C. Joseph
IND,23,2023-24,Bob Brown,Forward,B. Brown
TOR,24,2024-25,Bob Brown,Forward,B. Brown
IND,23,2023-24,Buddy Hield,Guard,B. Hield
GSW,25,2025-26,Buddy Hield,Guard,B. Hield
MEM,23,2023-24,Bismack Biyombo,Center,B. Biyombo
MEM,23,2023-24,DeJon Jarreau,Guard,D. Jarreau
MEM,25,2025-26,DeJon Jarreau,Guard,D. Jarreau
MEM,23,2023-24,David Roddy,Forward,D. Roddy
ATL,24,2024-25,David Roddy,Forward,D. Roddy
MEM,23,2023-24,Jim Ard,Center,J. Gilyard
MEM,23,2023-24,Jaylen Nowell,Guard,J. Nowell
NOP,24,2024-25,Jaylen Nowell,Guard,J. Nowell
MEM,23,2023-24,Xavier Tillman,Forward,X. Tillman
MEM,23,2023-24,Zavier Simpson,Guard,Z. Simpson
MIA,23,2023-24,Kyle Lowry,Guard,K. Lowry
MIL,23,2023-24,Cameron Payne,Guard,C. Payne
PHI,25,2025-26,Cameron Payne,Guard,C. Payne
MIN,23,2023-24,Steve Hamilton,Forward,S. Milton
BKN,24,2024-25,Steve Hamilton,Forward,S. Milton
MIN,23,2023-24,Troy Brown Jr.,Guard-Forward,T. Brown Jr.
NOP,23,2023-24,Kira Lewis Jr.,Guard,K. Lewis Jr.
NYK,23,2023-24,Immanuel Quickley,Guard,I. Quickley
NYK,23,2023-24,Quentin Grimes,Guard,Q. Grimes
DAL,24,2024-25,Quentin Grimes,Guard,Q. Grimes
NYK,23,2023-24,RJ Barrett,Forward-Guard,R. Barrett
PHI,23,2023-24,Danuel House Jr.,Forward-Guard,D. House Jr.
PHI,23,2023-24,Furkan Korkmaz,Guard-Forward,F. Korkmaz
PHI,23,2023-24,Jaden Springer,Guard,J. Springer
PHI,23,2023-24,Marcus Morris Sr.,Forward,M. Morris Sr.
PHX,23,2023-24,Chimezie Metu,Forward-Center,C. Metu
PHX,23,2023-24,Jordan Goodwin,Guard,J. Goodwin
PHX,23,2023-24,Keita Bates-Diop,Forward,K. Bates-Diop
PHX,23,2023-24,Yuta Watanabe,Guard-Forward,Y. Watanabe
SAS,23,2023-24,Doug McDermott,Forward,D. McDermott
TOR,23,2023-24,Dennis Schröder,Guard,D. Schröder
BKN,24,2024-25,Dennis Schröder,Guard,D. Schröder
GSW,24,2024-25,Dennis Schröder,Guard,D. Schröder
SAC,25,2025-26,Dennis Schröder,Guard,D. Schröder
TOR,23,2023-24,Jontay Porter,Center-Forward,J. Porter
TOR,23,2023-24,Malachi Flynn,Guard,M. Flynn
TOR,23,2023-24,OG Anunoby,Forward-Guard,O. Anunoby
TOR,23,2023-24,Precious Achiuwa,Forward,P. Achiuwa
TOR,23,2023-24,Pascal Siakam,Forward,P. Siakam
TOR,23,2023-24,Thaddeus Young,Forward,T. Young
ATL,25,2025-26,Thaddeus Young,Forward,T. Young
UTA,23,2023-24,Kelly Olynyk,Forward-Center,K. Olynyk
TOR,24,2024-25,Kelly Olynyk,Forward-Center,K. Olynyk
UTA,23,2023-24,Ochai Agbaji,Guard,O. Agbaji
TOR,25,2025-26,Ochai Agbaji,Guard,O. Agbaji
UTA,23,2023-24,Simone Fontecchio,Forward,S. Fontecchio
WAS,23,2023-24,Don Ford,Forward,D. Gafford
WAS,23,2023-24,Danilo Gallinari,Forward,D. Gallinari
WAS,23,2023-24,Delon Wright,Guard,D. Wright
MIL,24,2024-25,Delon Wright,Guard,D. Wright
ATL,24,2024-25,De'Andre Hunter,Forward-Guard,D. Hunter
CLE,25,2025-26,De'Andre Hunter,Forward-Guard,D. Hunter
BKN,24,2024-25,Ben Simmons,Guard-Forward,B. Simmons
CHA,24,2024-25,Caleb Martin,Forward,C. Martin
PHI,24,2024-25,Caleb Martin,Forward,C. Martin
CHA,24,2024-25,Isaiah Wong,Guard,I. Wong
CHA,24,2024-25,Nick Richards,Center,N. Richards
PHX,25,2025-26,Nick Richards,Center,N. Richards
CHI,24,2024-25,Zach LaVine,Guard,Z. LaVine
CLE,24,2024-25,Caris LeVert,Guard,C. LeVert
CLE,24,2024-25,Georges Niang,Forward,G. Niang
DAL,24,2024-25,Luka Dončić,Forward-Guard,L. Dončić
DAL,24,2024-25,Maxi Kleber,Forward,M. Kleber
DET,24,2024-25,Wendell Moore Jr.,Guard,W. Moore Jr.
GSW,24,2024-25,Aaron Wiggins,Guard,A. Wiggins
GSW,24,2024-25,De'Anthony Melton,Guard,D. Melton
GSW,24,2024-25,Kenny Anderson,Guard,K. Anderson
UTA,25,2025-26,Kenny Anderson,Guard,K. Anderson
GSW,24,2024-25,Lindy Waters III,Forward,L. Waters III
LAC,24,2024-25,Kevin Porter Jr.,Guard-Forward,K. Porter Jr.
LAC,24,2024-25,Terance Mann,Guard-Forward,T. Mann
LAL,24,2024-25,Anthony Davis,Forward-Center,A. Davis
DAL,25,2025-26,Anthony Davis,Forward-Center,A. Davis
LAL,24,2024-25,Max Christie,Guard,M. Christie
MEM,24,2024-25,Desmond Bane,Guard,D. Bane
MEM,24,2024-25,Jake LaRavia,Forward,J. LaRavia
MEM,24,2024-25,Marcus Smart,Guard,M. Smart
MIA,24,2024-25,Jimmy Butler III,Forward,J. Butler III
MIL,24,2024-25,Khris Middleton,Forward,K. Middleton
WAS,25,2025-26,Khris Middleton,Forward,K. Middleton
MIL,24,2024-25,MarJon Beauchamp,Forward,M. Beauchamp
NOP,24,2024-25,Brandon Ingram,Forward,B. Ingram
NOP,24,2024-25,Daniel Theis,Forward-Center,D. Theis
NOP,24,2024-25,JaMychal Green,Forward-Center,J. Green
ORL,24,2024-25,Carmelo Anthony,Forward,C. Anthony
MIL,25,2025-26,Carmelo Anthony,Forward,C. Anthony
ORL,24,2024-25,Kentavious Caldwell-Pope,Guard,K. Caldwell-Pope
PHI,24,2024-25,KJ Martin,Forward,K. Martin
PHI,24,2024-25,Marcus Bagley,Forward,M. Bagley
PHX,24,2024-25,Jusuf Nurkić,Center,J. Nurkić
PHX,24,2024-25,Josh Okogie,Guard,J. Okogie
SAC,24,2024-25,De'Aaron Fox,Guard,D. Fox
SAC,24,2024-25,Kevin Huerter,Guard-Forward,K. Huerter
CHI,25,2025-26,Kevin Huerter,Guard-Forward,K. Huerter
SAS,24,2024-25,Terrence Jones,Forward,T. Jones
ORL,25,2025-26,Terrence Jones,Forward,T. Jones
SAS,24,2024-25,Zach Collins,Forward-Center,Z. Collins
TOR,24,2024-25,Davion Mitchell,Guard,D. Mitchell
TOR,24,2024-25,Oliver Robinson,Guard,O. Robinson
UTA,24,2024-25,Drew Eubanks,Forward-Center,D. Eubanks
WAS,24,2024-25,Jackie Butler,Center,J. Butler
WAS,24,2024-25,James Davis,Center,J. Davis
WAS,24,2024-25,Jonas Valančiūnas,Center,J. Valančiūnas
WAS,24,2024-25,Kyle Kuzma,Forward,K. Kuzma
ATL,25,2025-26,Kristaps Porziņģis,Forward-Center,K. Porziņģis
ATL,25,2025-26,Vít Krejčí,Guard,V. Krejčí
BKN,25,2025-26,Cam Thomas,Guard,C. Thomas
MIL,25,2025-26,Cam Thomas,Guard,C. Thomas
BKN,25,2025-26,Tyrese Martin,Forward,T. Martin
BOS,25,2025-26,Anfernee Simons,Guard,A. Simons
BOS,25,2025-26,Josh Minott,Forward,J. Minott
CHA,25,2025-26,Collin Sexton,Guard,C. Sexton
CHA,25,2025-26,KJ Simpson,Guard,K. Simpson
CHI,25,2025-26,Ayo Dosunmu,Guard,A. Dosunmu
CHI,25,2025-26,Coby White,Guard,C. White
CHI,25,2025-26,Dalen Terry,Forward,D. Terry
CHI,25,2025-26,Jake Carter,Forward,J. Carter
CHI,25,2025-26,Jordan Hill,Forward-Center,J. Phillips
CHI,25,2025-26,Nikola Vučević,Center,N. Vučević
CLE,25,2025-26,Darius Garland,Guard,D. Garland
CLE,25,2025-26,LaMelo Ball,Guard,L. Ball
DAL,25,2025-26,Jim Ard,Center,J. Hardy
DEN,25,2025-26,Hunter Tyson,Forward,H. Tyson
DET,25,2025-26,Jaden Ivey,Guard,J. Ivey
GSW,25,2025-26,Jonathan Kuminga,Forward,J. Kuminga
GSW,25,2025-26,Trayce Jackson-Davis,Forward,T. Jackson-Davis
IND,25,2025-26,Bennedict Mathurin,Guard-Forward,B. Mathurin
IND,25,2025-26,Isaiah Jackson,Forward,I. Jackson
IND,25,2025-26,Jeremiah Robinson-Earl,Forward,J. Robinson-Earl
IND,25,2025-26,RayJ Dennis,Guard,R. Dennis
IND,25,2025-26,Tony Bradley,Center-Forward,T. Bradley
LAC,25,2025-26,Chris Paul,Guard,C. Paul
LAC,25,2025-26,Ivica Zubac,Center,I. Zubac
LAC,25,2025-26,Jim Ard,Center,J. Harden
LAC,25,2025-26,Kedrick Brown,Guard-Forward,K. Brown
LAC,25,2025-26,Yanic Konan Niederhäuser,Center,Y. Niederhäuser
LAL,25,2025-26,Gabe Vincent,Guard,G. Vincent
LAL,25,2025-26,Kobe Bufkin,Guard,K. Bufkin
MEM,25,2025-26,DJ White,Forward,D. Whitehead
MEM,25,2025-26,Jaren Jackson Jr.,Forward-Center,J. Jackson Jr.
MEM,25,2025-26,John Konchar,Guard,J. Konchar
MEM,25,2025-26,Jock Landale,Center,J. Landale
MEM,25,2025-26,Lorenzo Williams,Forward,L. Williamson
MEM,25,2025-26,Tyrese Haliburton,Guard,T. Burton
MEM,25,2025-26,Vince Williams Jr.,Guard,V. Williams Jr.
MIL,25,2025-26,Amir Coffey,Guard-Forward,A. Coffey
MIN,25,2025-26,Rob Dillingham,Guard,R. Dillingham
NOP,25,2025-26,Jose Alvarado,Guard,J. Alvarado
NYK,25,2025-26,Guerschon Yabusele,Forward,G. Yabusele
OKC,25,2025-26,Chris Youngblood,Guard,C. Youngblood
OKC,25,2025-26,Ousmane Dieng,Forward,O. Dieng
PHI,25,2025-26,Jamal Cain,Forward,J. McCain
POR,25,2025-26,Duop Reath,Center,D. Reath
POR,25,2025-26,Rayan Rupert,Guard-Forward,R. Rupert
SAC,25,2025-26,Keon Ellis,Guard,K. Ellis
SAS,25,2025-26,Jeremy Sochan,Forward,J. Sochan
UTA,25,2025-26,Taylor Hendricks,Forward,T. Hendricks
UTA,25,2025-26,Walter Clayton Jr.,Guard,W. Clayton Jr.
WAS,25,2025-26,AJ Johnson,Guard,A. Johnson
WAS,25,2025-26,Corey Kispert,Forward,C. Kispert
WAS,25,2025-26,CJ McCollum,Guard,C. McCollum
WAS,25,2025-26,Malaki Branham,Forward,M. Branham
