tri,yy,season,abbrev,full_name,gp,mpg,ppg,apg,usg_pct,ast_pct,net_rating,touches,front_ct_touches
DAL,22,2022-23,A. Lawson,A.J. Lawson,15,7.2,3.7,0.1,0.189,0.032,-20.1,9.8,5.9
MIL,22,2022-23,A. Green,AJ Green,35,9.9,4.4,0.6,0.159,0.092,-4.9,12.1,7.4
ATL,22,2022-23,A. Griffin,AJ Griffin,72,19.5,8.9,1.0,0.174,0.07,1.5,21.1,14.2
DEN,22,2022-23,A. Gordon,Aaron Gordon,68,30.2,16.3,3.0,0.206,0.129,12.1,42.5,23.9
ATL,22,2022-23,A. Holiday,Aaron Holiday,63,13.4,3.9,1.4,0.129,0.135,0.9,20.5,8.0
IND,22,2022-23,A. Nesmith,Aaron Nesmith,73,24.9,10.1,1.3,0.168,0.073,-4.7,36.1,20.8
OKC,22,2022-23,A. Wiggins,Aaron Wiggins,70,18.5,6.8,1.1,0.143,0.084,1.5,20.9,13.0
ORL,22,2022-23,A. Schofield,Admiral Schofield,37,12.2,4.2,0.8,0.139,0.103,-8.3,19.3,9.6
BOS,22,2022-23,A. Horford,Al Horford,63,30.5,9.8,3.0,0.119,0.128,7.8,45.7,25.4
DET,22,2022-23,A. Burks,Alec Burks,51,22.0,12.8,2.2,0.218,0.15,-1.0,34.6,21.2
OKC,22,2022-23,A. Pokusevski,Aleksej Pokusevski,34,20.6,8.1,1.9,0.179,0.13,-12.7,41.7,22.7
CHI,22,2022-23,A. Caruso,Alex Caruso,67,23.5,5.6,2.9,0.109,0.155,6.1,42.1,17.3
SAC,22,2022-23,A. Len,Alex Len,26,6.2,1.7,0.5,0.132,0.099,6.6,9.8,5.4
SAS,22,2022-23,A. Johnson,Alize Johnson,4,7.4,1.8,0.3,0.145,0.042,19.0,11.5,5.5
BKN,22,2022-23,A. Williams,Alondes Williams,1,5.3,0.0,0.0,0.143,0.0,-53.0,9.0,3.0
HOU,22,2022-23,A. Sengun,Alperen Sengun,75,28.9,14.8,3.9,0.211,0.199,-7.8,56.0,38.5
LAC,22,2022-23,A. Coffey,Amir Coffey,50,12.5,3.4,1.1,0.128,0.119,-8.9,13.6,10.1
CHI,22,2022-23,A. Drummond,Andre Drummond,67,12.7,6.0,0.5,0.196,0.057,2.6,17.2,10.5
GSW,22,2022-23,A. Iguodala,Andre Iguodala,8,14.1,2.1,2.4,0.089,0.183,12.0,24.4,13.3
IND,22,2022-23,A. Nembhard,Andrew Nembhard,75,27.6,9.5,4.5,0.159,0.222,-5.9,49.3,23.7
GSW,22,2022-23,A. Wiggins,Andrew Wiggins,37,32.2,17.1,2.3,0.212,0.1,5.2,46.2,31.6
POR,22,2022-23,A. Simons,Anfernee Simons,62,35.0,21.1,4.1,0.247,0.186,-1.6,67.4,32.3
LAL,22,2022-23,A. Davis,Anthony Davis,56,34.0,25.9,2.6,0.277,0.128,4.8,68.5,38.2
MIN,22,2022-23,A. Edwards,Anthony Edwards,79,36.0,24.6,4.4,0.292,0.192,1.9,71.4,37.1
WAS,22,2022-23,A. Gill,Anthony Gill,59,10.6,3.3,0.6,0.116,0.074,-0.8,11.1,7.3
GSW,22,2022-23,A. Lamb,Anthony Lamb,62,19.3,6.7,1.5,0.136,0.111,1.7,32.6,17.5
LAL,22,2022-23,A. Reaves,Austin Reaves,64,28.8,13.0,3.4,0.154,0.155,4.9,41.9,21.8
MIN,22,2022-23,A. Rivers,Austin Rivers,52,19.5,4.9,1.4,0.104,0.095,-4.9,22.8,13.3
CHI,22,2022-23,A. Dosunmu,Ayo Dosunmu,80,26.2,8.6,2.6,0.145,0.135,-1.3,42.7,16.6
MIA,22,2022-23,B. Adebayo,Bam Adebayo,75,34.6,20.4,3.2,0.251,0.154,1.8,61.9,36.2
BKN,22,2022-23,B. Simmons,Ben Simmons,42,26.3,6.9,6.1,0.142,0.295,2.1,61.4,21.5
IND,22,2022-23,B. Mathurin,Bennedict Mathurin,78,28.5,16.7,1.5,0.235,0.078,-4.3,42.0,28.6
PHX,22,2022-23,B. Biyombo,Bismack Biyombo,61,14.3,4.3,0.9,0.136,0.089,3.1,23.1,13.4
BOS,22,2022-23,B. Griffin,Blake Griffin,41,13.9,4.1,1.5,0.125,0.142,9.9,20.5,12.4
SAS,22,2022-23,B. Wesley,Blake Wesley,37,18.1,5.0,2.6,0.18,0.201,-13.4,36.2,12.9
HOU,22,2022-23,B. Marjanovic,Boban Marjanovic,31,5.5,3.3,0.3,0.206,0.079,18.5,7.3,4.8
MIL,22,2022-23,B. Portis,Bobby Portis,70,26.0,14.1,1.5,0.211,0.087,-0.1,49.5,25.0
ATL,22,2022-23,B. Bogdanović,Bogdan Bogdanović,54,27.9,14.0,2.8,0.196,0.134,1.2,40.5,25.0
DET,22,2022-23,B. Bogdanovic,Bojan Bogdanovic,59,32.1,21.6,2.6,0.251,0.133,-8.2,46.6,33.0
ORL,22,2022-23,B. Bol,Bol Bol,70,21.5,9.1,1.0,0.177,0.069,-4.4,23.4,13.2
LAC,22,2022-23,B. Hyland,Bones Hyland,56,19.4,11.8,3.1,0.271,0.245,-5.3,45.7,19.2
WAS,22,2022-23,B. Beal,Bradley Beal,50,33.5,23.2,5.4,0.288,0.26,0.7,67.9,39.2
LAC,22,2022-23,B. Boston,Brandon Boston,22,11.3,6.5,0.9,0.237,0.129,-7.7,19.5,11.1
MEM,22,2022-23,B. Clarke,Brandon Clarke,56,19.5,10.0,1.3,0.174,0.1,0.7,28.5,17.8
NOP,22,2022-23,B. Ingram,Brandon Ingram,45,34.2,24.7,5.8,0.306,0.277,3.0,66.1,38.4
DET,22,2022-23,B. Key,Braxton Key,3,3.0,1.3,0.0,0.091,0.0,-4.5,3.3,1.3
MIL,22,2022-23,B. Lopez,Brook Lopez,78,30.4,15.9,1.3,0.187,0.06,7.1,34.3,23.5
DEN,22,2022-23,B. Brown,Bruce Brown,80,28.5,11.5,3.4,0.174,0.164,0.8,51.6,24.7
ATL,22,2022-23,B. Fernando,Bruno Fernando,39,10.4,3.9,0.8,0.159,0.117,-8.9,18.4,10.8
CHA,22,2022-23,B. McGowens,Bryce McGowens,46,17.1,5.3,1.2,0.147,0.098,-9.7,19.0,12.5
MIN,22,2022-23,B. Forbes,Bryn Forbes,25,10.7,3.6,0.7,0.155,0.087,-8.5,11.9,8.9
DET,22,2022-23,B. Boeheim,Buddy Boeheim,10,9.0,1.6,0.4,0.131,0.059,2.7,8.7,5.2
IND,22,2022-23,B. Hield,Buddy Hield,80,31.0,16.8,2.8,0.205,0.131,-1.9,58.7,34.0
NOP,22,2022-23,C. McCollum,CJ McCollum,75,35.3,20.9,5.7,0.26,0.242,1.1,75.1,32.7
DET,22,2022-23,C. Cunningham,Cade Cunningham,12,33.3,19.9,6.0,0.287,0.306,-6.1,78.3,24.8
ORL,22,2022-23,C. Houstan,Caleb Houstan,51,15.9,3.8,0.6,0.107,0.051,-5.3,13.9,8.5
MIA,22,2022-23,C. Martin,Caleb Martin,71,29.3,9.6,1.6,0.143,0.082,0.0,38.9,21.7
POR,22,2022-23,C. Reddish,Cam Reddish,40,24.7,9.7,1.4,0.166,0.085,-9.0,28.5,17.8
BKN,22,2022-23,C. Thomas,Cam Thomas,57,16.6,10.6,1.4,0.268,0.133,-1.6,28.9,13.4
BKN,22,2022-23,C. Johnson,Cameron Johnson,42,28.6,15.5,1.9,0.202,0.099,6.6,39.5,25.6
PHX,22,2022-23,C. Payne,Cameron Payne,48,20.2,10.3,4.5,0.239,0.308,4.1,49.6,17.4
CLE,22,2022-23,C. LeVert,Caris LeVert,74,30.2,12.1,3.9,0.183,0.182,4.5,47.1,27.7
CHI,22,2022-23,C. Jones,Carlik Jones,7,8.0,2.9,0.9,0.153,0.133,20.7,14.3,6.0
CLE,22,2022-23,C. Osman,Cedi Osman,77,20.1,8.7,1.5,0.178,0.107,7.5,28.2,19.3
POR,22,2022-23,C. Comanche,Chance Comanche,1,20.8,7.0,0.0,0.14,0.0,-68.1,24.0,9.0
SAS,22,2022-23,C. Bassey,Charles Bassey,35,14.5,5.7,1.4,0.152,0.131,-2.4,24.9,14.2
SAC,22,2022-23,C. Moneke,Chima Moneke,2,4.0,1.0,0.5,0.25,0.25,-57.2,6.5,5.0
SAC,22,2022-23,C. Metu,Chimezie Metu,66,10.4,4.9,0.6,0.168,0.08,6.7,15.6,9.2
TOR,22,2022-23,C. Boucher,Chris Boucher,76,20.0,9.4,0.4,0.175,0.029,-1.3,23.4,12.3
IND,22,2022-23,C. Duarte,Chris Duarte,46,19.5,7.9,1.4,0.181,0.101,-6.2,29.1,18.9
PHX,22,2022-23,C. Paul,Chris Paul,59,32.0,13.9,8.9,0.195,0.389,2.3,74.5,27.1
ATL,22,2022-23,C. Silva,Chris Silva,1,3.0,2.0,0.0,0.25,0.0,12.5,4.0,1.0
DEN,22,2022-23,C. Braun,Christian Braun,76,15.5,4.7,0.8,0.127,0.07,-4.3,18.3,10.6
TOR,22,2022-23,C. Koloko,Christian Koloko,58,13.8,3.1,0.5,0.1,0.05,9.0,14.7,9.4
DAL,22,2022-23,C. Wood,Christian Wood,67,25.9,16.6,1.8,0.259,0.119,-1.3,46.0,26.0
ORL,22,2022-23,C. Okeke,Chuma Okeke,27,19.2,4.7,1.4,0.121,0.101,-10.8,24.1,12.7
ATL,22,2022-23,C. Capela,Clint Capela,65,26.6,12.0,0.9,0.151,0.045,-1.1,37.0,18.0
CHI,22,2022-23,C. White,Coby White,74,23.4,9.7,2.8,0.17,0.159,4.0,38.4,18.6
CHA,22,2022-23,C. Martin,Cody Martin,7,19.1,5.0,1.6,0.121,0.111,-9.7,21.4,13.3
MIA,22,2022-23,C. Zeller,Cody Zeller,15,14.4,6.5,0.7,0.175,0.077,-10.3,23.0,14.6
ORL,22,2022-23,C. Anthony,Cole Anthony,60,25.9,13.0,3.9,0.209,0.228,-0.1,52.9,18.9
LAL,22,2022-23,C. Swider,Cole Swider,7,5.9,1.3,0.6,0.089,0.105,3.3,8.0,4.4
UTA,22,2022-23,C. Sexton,Collin Sexton,48,23.9,14.3,2.9,0.23,0.178,0.1,45.9,19.3
WAS,22,2022-23,C. Kispert,Corey Kispert,74,28.3,11.1,1.2,0.139,0.056,-3.2,32.6,20.1
DET,22,2022-23,C. Joseph,Cory Joseph,62,19.8,6.9,3.5,0.149,0.256,-4.1,40.5,15.5
LAL,22,2022-23,D. Russell,D'Angelo Russell,71,32.5,17.8,6.2,0.225,0.274,1.5,79.2,34.1
HOU,22,2022-23,D. Nix,Daishen Nix,57,16.0,4.0,2.3,0.149,0.191,-8.2,36.0,14.6
TOR,22,2022-23,D. Banton,Dalano Banton,31,9.0,4.6,1.2,0.229,0.202,-6.5,20.6,9.5
CHI,22,2022-23,D. Terry,Dalen Terry,38,5.6,2.2,0.6,0.173,0.157,3.3,8.4,4.2
UTA,22,2022-23,D. Jones,Damian Jones,41,11.6,3.5,0.4,0.102,0.044,-9.0,11.8,6.9
POR,22,2022-23,D. Lillard,Damian Lillard,58,36.3,32.2,7.3,0.331,0.338,2.1,88.1,37.4
PHX,22,2022-23,D. Lee,Damion Lee,74,20.4,8.2,1.3,0.155,0.092,2.7,28.6,17.2
WAS,22,2022-23,D. Gafford,Daniel Gafford,78,20.6,9.0,1.1,0.146,0.074,-2.5,29.2,16.3
IND,22,2022-23,D. Theis,Daniel Theis,7,15.5,7.0,1.3,0.201,0.125,-8.2,23.7,18.0
CLE,22,2022-23,D. Green,Danny Green,11,12.6,5.5,0.5,0.187,0.065,-5.5,18.8,11.7
PHI,22,2022-23,D. House Jr.,Danuel House Jr.,56,14.4,4.8,0.8,0.133,0.074,0.3,16.7,8.9
OKC,22,2022-23,D. Saric,Dario Saric,57,14.1,6.4,1.3,0.186,0.131,1.6,23.7,13.9
PHX,22,2022-23,D. Bazley,Darius Bazley,43,14.3,5.2,0.9,0.165,0.088,-3.6,23.2,11.3
HOU,22,2022-23,D. Days,Darius Days,4,6.2,3.8,0.3,0.21,0.067,-0.2,10.8,5.5
CLE,22,2022-23,D. Garland,Darius Garland,69,35.5,21.6,7.8,0.262,0.328,8.0,76.7,29.3
BKN,22,2022-23,D. Duke Jr.,David Duke Jr.,23,9.9,3.7,0.9,0.187,0.145,-6.3,13.9,6.8
MEM,22,2022-23,D. Roddy,David Roddy,70,18.0,6.7,0.8,0.163,0.064,-1.9,20.9,13.0
SAC,22,2022-23,D. Mitchell,Davion Mitchell,80,18.1,5.6,2.3,0.14,0.173,2.7,35.1,12.7
DAL,22,2022-23,D. Bertans,Davis Bertans,45,10.9,4.6,0.5,0.155,0.065,-4.3,13.3,8.0
DEN,22,2022-23,D. Reed,Davon Reed,43,8.0,2.1,0.5,0.142,0.099,-14.1,14.6,7.1
BKN,22,2022-23,D. Sharpe,Day'Ron Sharpe,48,11.5,4.7,0.8,0.173,0.099,-8.8,18.8,11.4
SAC,22,2022-23,D. Fox,De'Aaron Fox,73,33.4,25.0,6.1,0.288,0.281,3.1,78.2,24.5
ATL,22,2022-23,D. Hunter,De'Andre Hunter,67,31.7,15.4,1.4,0.193,0.059,-0.6,38.0,23.7
PHI,22,2022-23,D. Melton,De'Anthony Melton,77,27.9,10.1,2.6,0.162,0.133,2.7,47.6,23.9
DEN,22,2022-23,D. Jordan,DeAndre Jordan,39,15.0,5.1,0.9,0.134,0.084,-8.4,19.7,11.3
CHI,22,2022-23,D. DeRozan,DeMar DeRozan,74,36.2,24.5,5.1,0.272,0.222,1.5,59.4,36.0
CLE,22,2022-23,D. Wade,Dean Wade,44,20.3,4.7,0.8,0.1,0.056,6.5,22.5,12.9
PHX,22,2022-23,D. Ayton,Deandre Ayton,67,30.4,18.0,1.7,0.231,0.09,0.0,51.9,27.9
ATL,22,2022-23,D. Murray,Dejounte Murray,74,36.4,20.5,6.1,0.239,0.239,-1.1,72.6,28.6
WAS,22,2022-23,D. Wright,Delon Wright,50,24.4,7.4,3.9,0.125,0.209,3.2,47.5,18.7
WAS,22,2022-23,D. Avdija,Deni Avdija,76,26.6,9.2,2.8,0.165,0.142,-0.8,44.8,21.6
LAL,22,2022-23,D. Schröder,Dennis Schröder,66,30.1,12.6,4.5,0.183,0.202,2.8,54.8,23.2
CHA,22,2022-23,D. Smith Jr.,Dennis Smith Jr.,54,25.7,8.8,4.8,0.175,0.275,-2.6,53.9,22.8
SAC,22,2022-23,D. Burton,Deonte Burton,2,3.2,0.0,0.0,0.133,0.0,51.8,2.0,1.5
NOP,22,2022-23,D. Seabron,Dereon Seabron,5,2.3,0.8,0.0,0.156,0.0,36.8,2.8,1.6
CHI,22,2022-23,D. Jones Jr.,Derrick Jones Jr.,64,14.0,5.0,0.5,0.138,0.052,6.7,17.9,9.5
NYK,22,2022-23,D. Rose,Derrick Rose,27,12.5,5.6,1.7,0.22,0.208,-3.5,26.9,10.7
BOS,22,2022-23,D. White,Derrick White,82,28.3,12.4,3.9,0.174,0.191,11.0,47.6,20.3
MEM,22,2022-23,D. Bane,Desmond Bane,58,31.7,21.5,4.4,0.252,0.202,9.0,63.8,34.6
PHX,22,2022-23,D. Booker,Devin Booker,53,34.6,27.8,5.5,0.311,0.251,6.2,64.1,36.6
SAS,22,2022-23,D. Vassell,Devin Vassell,38,31.0,18.5,3.6,0.24,0.173,-11.7,53.2,32.7
WAS,22,2022-23,D. Dotson,Devon Dotson,6,8.9,0.5,1.3,0.102,0.211,-5.7,16.3,9.0
SAS,22,2022-23,D. Graham,Devonte' Graham,73,18.3,7.4,2.7,0.165,0.207,-6.2,34.9,16.6
PHI,22,2022-23,D. Dedmon,Dewayne Dedmon,38,11.2,5.2,0.7,0.195,0.108,-10.6,18.9,10.4
MEM,22,2022-23,D. Brooks,Dillon Brooks,73,30.3,14.3,2.6,0.214,0.117,4.9,41.2,26.7
SAC,22,2022-23,D. Sabonis,Domantas Sabonis,79,34.6,19.1,7.3,0.213,0.297,3.9,83.5,48.1
SAS,22,2022-23,D. Barlow,Dominick Barlow,28,14.6,3.9,0.9,0.107,0.079,-10.7,15.4,9.0
CLE,22,2022-23,D. Mitchell,Donovan Mitchell,68,35.8,28.3,4.4,0.31,0.205,5.9,67.7,31.8
ATL,22,2022-23,D. Williams,Donovan Williams,2,2.1,2.0,0.0,0.385,0.0,60.0,3.5,1.5
GSW,22,2022-23,D. DiVincenzo,Donte DiVincenzo,72,26.3,9.4,3.5,0.146,0.176,2.9,48.3,23.3
BKN,22,2022-23,D. Finney-Smith,Dorian Finney-Smith,66,30.4,8.3,1.5,0.129,0.07,-0.3,37.7,22.2
SAS,22,2022-23,D. McDermott,Doug McDermott,64,20.5,10.2,1.4,0.186,0.098,-9.7,28.2,20.4
GSW,22,2022-23,D. Green,Draymond Green,73,31.5,8.5,6.8,0.129,0.268,7.0,72.8,39.7
POR,22,2022-23,D. Eubanks,Drew Eubanks,78,20.3,6.6,1.3,0.122,0.092,-4.1,27.9,15.4
BKN,22,2022-23,D. Smith,Dru Smith,15,10.6,2.9,1.5,0.133,0.206,-8.8,18.7,6.6
NYK,22,2022-23,D. Washington Jr.,Duane Washington Jr.,31,12.7,7.9,2.0,0.298,0.26,-0.5,30.0,12.2
MIA,22,2022-23,D. Robinson,Duncan Robinson,42,16.4,6.4,1.1,0.172,0.101,-5.0,23.0,16.1
DAL,22,2022-23,D. Powell,Dwight Powell,76,19.2,6.7,0.9,0.123,0.067,6.2,25.1,14.3
CLE,22,2022-23,D. Windler,Dylan Windler,3,3.5,1.7,0.3,0.182,0.2,4.4,6.3,5.0
NOP,22,2022-23,D. Daniels,Dyson Daniels,59,17.7,3.8,2.3,0.113,0.172,0.4,29.1,13.4
BKN,22,2022-23,E. Sumner,Edmond Sumner,53,13.9,7.1,1.3,0.209,0.13,1.7,23.4,11.0
LAC,22,2022-23,E. Gordon,Eric Gordon,69,28.5,12.4,2.7,0.171,0.133,-5.8,38.6,23.4
DET,22,2022-23,E. Omoruyi,Eugene Omoruyi,40,16.1,7.0,0.7,0.192,0.065,-1.9,20.4,13.2
NYK,22,2022-23,E. Fournier,Evan Fournier,27,17.0,6.1,1.3,0.179,0.111,-4.7,22.3,16.0
CLE,22,2022-23,E. Mobley,Evan Mobley,79,34.4,16.2,2.8,0.199,0.122,6.5,59.9,31.2
DAL,22,2022-23,F. Campazzo,Facundo Campazzo,8,6.5,1.3,1.1,0.144,0.3,11.0,14.9,7.4
PHX,22,2022-23,F. Jackson,Frank Jackson,1,5.1,0.0,1.0,0.25,0.25,-22.2,10.0,2.0
HOU,22,2022-23,F. Kaminsky,Frank Kaminsky,36,6.5,2.5,0.9,0.146,0.194,-1.9,13.4,8.3
DAL,22,2022-23,F. Ntilikina,Frank Ntilikina,47,12.9,2.9,1.2,0.125,0.127,5.1,17.8,8.1
ORL,22,2022-23,F. Wagner,Franz Wagner,80,32.6,18.6,3.5,0.23,0.167,1.2,52.9,32.0
TOR,22,2022-23,F. VanVleet,Fred VanVleet,69,36.7,19.3,7.2,0.225,0.276,3.3,84.6,36.8
PHI,22,2022-23,F. Korkmaz,Furkan Korkmaz,37,9.6,3.8,0.6,0.176,0.091,1.4,14.2,9.2
MIA,22,2022-23,G. Vincent,Gabe Vincent,68,25.9,9.4,2.5,0.17,0.139,-0.7,43.1,19.5
IND,22,2022-23,G. York,Gabe York,3,18.6,8.0,1.7,0.173,0.109,17.4,20.7,16.7
NOP,22,2022-23,G. Temple,Garrett Temple,25,6.5,2.0,0.5,0.123,0.117,-5.3,8.3,5.1
ATL,22,2022-23,G. Mathews,Garrison Mathews,54,12.7,4.8,0.5,0.139,0.057,-6.4,13.9,9.0
ORL,22,2022-23,G. Harris,Gary Harris,48,24.7,8.3,1.2,0.125,0.067,-2.8,21.5,16.1
GSW,22,2022-23,G. Payton II,Gary Payton II,22,16.7,4.6,1.4,0.101,0.106,5.4,23.1,13.0
TOR,22,2022-23,G. Trent Jr.,Gary Trent Jr.,66,32.1,17.4,1.6,0.209,0.075,-2.1,38.6,29.9
IND,22,2022-23,G. Hill,George Hill,46,18.1,5.0,2.4,0.11,0.178,1.9,31.7,12.5
PHI,22,2022-23,G. Niang,Georges Niang,78,19.4,8.2,1.0,0.162,0.074,1.3,28.8,15.4
MIL,22,2022-23,G. Antetokounmpo,Giannis Antetokounmpo,63,32.1,31.1,5.7,0.373,0.314,7.2,77.7,36.3
ORL,22,2022-23,G. Bitadze,Goga Bitadze,38,12.0,4.4,1.0,0.147,0.122,3.7,18.2,11.8
MIL,22,2022-23,G. Dragic,Goran Dragic,58,15.0,6.3,2.6,0.198,0.237,-0.6,33.2,13.1
CHA,22,2022-23,G. Hayward,Gordon Hayward,50,31.5,14.7,4.1,0.196,0.187,-3.3,49.0,35.4
SAS,22,2022-23,G. Dieng,Gorgui Dieng,31,11.6,3.9,1.7,0.177,0.221,-18.6,21.1,14.5
BOS,22,2022-23,G. Williams,Grant Williams,79,25.9,8.1,1.7,0.128,0.086,5.9,29.7,16.3
MIL,22,2022-23,G. Allen,Grayson Allen,72,27.4,10.4,2.3,0.143,0.107,4.9,35.0,23.2
POR,22,2022-23,G. Brown III,Greg Brown III,16,5.8,1.8,0.2,0.17,0.055,-3.4,5.3,3.4
DET,22,2022-23,H. Diallo,Hamidou Diallo,56,17.8,9.3,1.0,0.21,0.088,-0.6,27.8,13.7
SAC,22,2022-23,H. Barnes,Harrison Barnes,82,32.5,15.0,1.6,0.168,0.063,4.8,45.9,29.6
MIA,22,2022-23,H. Highsmith,Haywood Highsmith,54,18.0,4.4,0.8,0.121,0.065,-5.2,20.5,11.9
NOP,22,2022-23,H. Jones,Herbert Jones,66,29.6,9.8,2.5,0.144,0.108,3.9,42.8,23.3
NYK,22,2022-23,I. Quickley,Immanuel Quickley,81,28.9,14.9,3.4,0.203,0.178,6.2,52.0,25.1
CLE,22,2022-23,I. Okoro,Isaac Okoro,76,21.7,6.4,1.1,0.117,0.07,5.4,19.8,12.8
NYK,22,2022-23,I. Hartenstein,Isaiah Hartenstein,82,19.9,5.0,1.2,0.107,0.083,4.4,29.8,14.3
IND,22,2022-23,I. Jackson,Isaiah Jackson,63,16.5,7.2,0.8,0.165,0.071,-5.6,22.7,14.4
OKC,22,2022-23,I. Joe,Isaiah Joe,73,19.1,9.5,1.2,0.17,0.087,5.1,25.2,15.8
DET,22,2022-23,I. Livers,Isaiah Livers,52,23.1,6.7,0.8,0.117,0.048,-7.8,26.0,16.3
CLE,22,2022-23,I. Mobley,Isaiah Mobley,12,7.0,2.6,0.3,0.166,0.054,19.8,11.7,6.3
NYK,22,2022-23,I. Roby,Isaiah Roby,42,11.3,4.1,0.9,0.173,0.114,-10.4,18.8,10.3
DET,22,2022-23,I. Stewart,Isaiah Stewart,50,28.3,11.3,1.4,0.17,0.073,-8.0,39.2,22.2
WAS,22,2022-23,I. Todd,Isaiah Todd,6,10.2,1.5,0.7,0.143,0.087,-6.7,13.5,8.5
DEN,22,2022-23,I. Smith,Ish Smith,43,9.3,2.5,2.3,0.187,0.352,-5.3,21.7,8.0
PHX,22,2022-23,I. Wainright,Ish Wainright,60,15.3,4.2,0.9,0.117,0.075,6.1,15.7,10.2
LAC,22,2022-23,I. Zubac,Ivica Zubac,76,28.5,10.8,1.0,0.149,0.05,-0.6,42.5,20.3
BOS,22,2022-23,J. Davison,JD Davison,12,5.5,1.6,0.9,0.157,0.234,-5.8,9.6,3.8
CHA,22,2022-23,J. Thor,JT Thor,69,14.0,3.8,0.5,0.13,0.054,-7.5,19.3,9.9
MEM,22,2022-23,J. Morant,Ja Morant,61,31.9,26.2,8.1,0.338,0.412,7.3,77.0,25.8
GSW,22,2022-23,J. Green,JaMychal Green,57,14.0,6.4,0.9,0.169,0.094,-8.2,22.1,14.0
DAL,22,2022-23,J. McGee,JaVale McGee,42,8.4,4.4,0.3,0.214,0.051,-7.3,11.7,6.3
HOU,22,2022-23,J. Smith Jr.,Jabari Smith Jr.,79,31.0,12.8,1.3,0.183,0.059,-11.3,46.4,23.6
POR,22,2022-23,J. Walker,Jabari Walker,56,11.1,3.9,0.6,0.164,0.08,-9.0,13.4,7.7
DEN,22,2022-23,J. White,Jack White,17,3.9,1.2,0.2,0.133,0.093,-14.1,5.7,3.1
MEM,22,2022-23,J. Gilyard,Jacob Gilyard,1,40.8,3.0,7.0,0.052,0.212,-14.9,77.0,18.0
DAL,22,2022-23,J. Hardy,Jaden Hardy,48,14.8,8.8,1.4,0.248,0.147,-3.1,25.3,12.3
DET,22,2022-23,J. Ivey,Jaden Ivey,74,31.1,16.3,5.2,0.251,0.269,-13.0,58.3,23.4
MIN,22,2022-23,J. McDaniels,Jaden McDaniels,79,30.6,12.1,1.9,0.156,0.082,2.0,39.4,23.3
PHI,22,2022-23,J. Springer,Jaden Springer,16,5.6,2.6,0.5,0.188,0.129,-2.1,5.3,3.5
MIL,22,2022-23,J. Crowder,Jae Crowder,18,18.9,6.9,1.5,0.125,0.102,-0.8,27.6,14.4
HOU,22,2022-23,J. Tate,Jae'Sean Tate,31,21.9,9.1,2.7,0.178,0.184,-7.3,40.9,21.6
MEM,22,2022-23,J. LaRavia,Jake LaRavia,35,11.8,3.0,0.6,0.117,0.068,-7.6,14.2,8.0
TOR,22,2022-23,J. Poeltl,Jakob Poeltl,72,26.5,12.5,2.7,0.18,0.146,-3.1,52.1,30.0
NYK,22,2022-23,J. Brunson,Jalen Brunson,68,35.0,24.0,6.2,0.266,0.28,2.1,84.3,29.2
DET,22,2022-23,J. Duren,Jalen Duren,67,24.9,9.1,1.1,0.139,0.069,-8.3,35.8,16.5
HOU,22,2022-23,J. Green,Jalen Green,76,34.2,22.1,3.7,0.274,0.169,-8.7,65.9,34.1
ATL,22,2022-23,J. Johnson,Jalen Johnson,70,14.9,5.6,1.2,0.156,0.106,0.3,22.5,9.3
PHI,22,2022-23,J. McDaniels,Jalen McDaniels,80,23.9,9.4,1.6,0.165,0.094,-3.4,35.4,18.8
IND,22,2022-23,J. Smith,Jalen Smith,68,18.8,9.4,1.0,0.201,0.076,-3.8,29.9,18.0
ORL,22,2022-23,J. Suggs,Jalen Suggs,53,23.5,9.9,2.9,0.196,0.179,-1.3,43.1,18.2
OKC,22,2022-23,J. Williams,Jalen Williams,75,30.3,14.1,3.3,0.18,0.152,-1.0,46.5,22.2
MIA,22,2022-23,J. Cain,Jamal Cain,18,13.3,5.4,0.7,0.139,0.076,5.5,14.3,7.9
DEN,22,2022-23,J. Murray,Jamal Murray,65,32.8,20.0,6.2,0.256,0.265,6.4,71.4,33.9
MIA,22,2022-23,J. Bouyea,Jamaree Bouyea,5,14.1,3.0,0.8,0.12,0.091,-13.2,23.6,9.6
CHA,22,2022-23,J. Bouknight,James Bouknight,34,15.2,5.6,1.2,0.192,0.117,-8.3,22.4,13.1
PHI,22,2022-23,J. Harden,James Harden,58,36.8,21.0,10.7,0.247,0.439,6.1,93.5,34.0
IND,22,2022-23,J. Johnson,James Johnson,18,9.0,2.8,0.8,0.152,0.135,-1.1,12.9,7.2
DET,22,2022-23,J. Wiseman,James Wiseman,45,19.3,10.0,0.7,0.212,0.057,-17.2,32.3,15.0
OKC,22,2022-23,J. Butler,Jared Butler,6,12.8,6.2,1.3,0.208,0.16,2.6,25.0,13.3
DET,22,2022-23,J. Rhoden,Jared Rhoden,14,14.1,3.2,0.3,0.106,0.028,4.3,17.1,10.1
MEM,22,2022-23,J. Jackson Jr.,Jaren Jackson Jr.,63,28.4,18.6,1.0,0.243,0.048,9.8,41.7,24.7
LAL,22,2022-23,J. Vanderbilt,Jarred Vanderbilt,78,24.1,7.9,2.4,0.136,0.134,-1.5,31.6,17.1
UTA,22,2022-23,J. Brantley,Jarrell Brantley,4,9.7,5.5,0.8,0.172,0.125,16.2,17.5,10.0
CLE,22,2022-23,J. Allen,Jarrett Allen,68,32.6,14.3,1.7,0.162,0.073,7.7,42.6,25.2
ATL,22,2022-23,J. Culver,Jarrett Culver,10,13.7,4.4,0.6,0.164,0.055,-5.7,20.5,10.9
LAC,22,2022-23,J. Preston,Jason Preston,14,8.8,2.9,1.9,0.166,0.307,-1.6,22.1,7.1
CHI,22,2022-23,J. Green,Javonte Green,32,15.0,5.2,0.7,0.128,0.062,5.9,21.8,10.8
NOP,22,2022-23,J. Hayes,Jaxson Hayes,47,13.0,5.0,0.7,0.149,0.088,-5.4,15.8,10.1
WAS,22,2022-23,J. Huff,Jay Huff,7,13.6,7.3,1.4,0.155,0.135,-1.1,17.9,12.6
ORL,22,2022-23,J. Scrubb,Jay Scrubb,2,15.1,6.5,0.5,0.151,0.056,-28.5,24.5,9.0
BOS,22,2022-23,J. Brown,Jaylen Brown,67,35.9,26.6,3.5,0.307,0.163,5.4,64.0,34.8
MIN,22,2022-23,J. Nowell,Jaylen Nowell,65,19.3,10.8,2.0,0.238,0.156,0.0,33.2,18.6
OKC,22,2022-23,J. Williams,Jaylin Williams,49,18.7,5.9,1.6,0.133,0.109,-4.6,36.7,20.3
BOS,22,2022-23,J. Tatum,Jayson Tatum,74,36.9,30.1,4.6,0.319,0.205,8.5,74.9,39.2
TOR,22,2022-23,J. Dowtin Jr.,Jeff Dowtin Jr.,25,10.3,2.4,1.2,0.106,0.154,-0.6,17.6,8.3
DEN,22,2022-23,J. Green,Jeff Green,56,19.5,7.8,1.2,0.167,0.095,-8.0,25.7,17.1
POR,22,2022-23,J. Grant,Jerami Grant,63,35.6,20.5,2.4,0.227,0.103,-1.2,53.3,32.9
OKC,22,2022-23,J. Robinson-Earl,Jeremiah Robinson-Earl,43,18.9,6.8,1.0,0.143,0.069,-0.9,28.0,15.2
SAS,22,2022-23,J. Sochan,Jeremy Sochan,56,26.0,11.0,2.5,0.195,0.132,-7.0,44.3,21.9
NYK,22,2022-23,J. Sims,Jericho Sims,52,15.6,3.4,0.5,0.074,0.044,-6.7,19.6,8.0
MIL,22,2022-23,J. Carter,Jevon Carter,81,22.4,8.0,2.4,0.149,0.15,1.9,38.5,15.1
MIA,22,2022-23,J. Butler III,Jimmy Butler III,64,33.4,22.9,5.3,0.248,0.264,1.2,63.3,37.2
PHX,22,2022-23,J. Landale,Jock Landale,69,14.2,6.6,1.0,0.182,0.101,7.9,23.6,15.4
BKN,22,2022-23,J. Harris,Joe Harris,74,20.6,7.6,1.4,0.141,0.091,-1.0,21.8,15.7
MIL,22,2022-23,J. Ingles,Joe Ingles,46,22.7,6.9,3.3,0.122,0.181,2.5,33.2,20.2
TOR,22,2022-23,J. Wieskamp,Joe Wieskamp,9,5.5,1.0,0.3,0.115,0.083,1.0,5.1,4.2
PHI,22,2022-23,J. Embiid,Joel Embiid,66,34.6,33.1,4.2,0.37,0.233,8.8,71.0,51.4
POR,22,2022-23,J. Butler Jr.,John Butler Jr.,19,11.6,2.4,0.6,0.102,0.066,-16.1,8.3,5.1
ATL,22,2022-23,J. Collins,John Collins,71,30.0,13.1,1.2,0.168,0.052,-0.2,42.7,21.5
MEM,22,2022-23,J. Konchar,John Konchar,72,20.7,5.1,1.4,0.1,0.082,7.0,30.1,14.5
LAC,22,2022-23,J. Wall,John Wall,34,22.2,11.4,5.2,0.259,0.38,-6.6,55.4,18.2
WAS,22,2022-23,J. Davis,Johnny Davis,28,15.1,5.8,1.0,0.192,0.1,-6.2,20.0,12.8
UTA,22,2022-23,J. Juzang,Johnny Juzang,18,12.9,4.8,0.4,0.187,0.051,-17.7,16.3,10.2
NOP,22,2022-23,J. Valančiūnas,Jonas Valančiūnas,79,24.9,14.1,1.8,0.229,0.108,-0.7,50.5,30.9
ORL,22,2022-23,J. Isaac,Jonathan Isaac,11,11.3,5.0,0.5,0.198,0.085,-5.8,19.5,10.0
GSW,22,2022-23,J. Kuminga,Jonathan Kuminga,67,20.8,9.9,1.9,0.195,0.132,-1.4,34.1,19.8
UTA,22,2022-23,J. Clarkson,Jordan Clarkson,61,32.6,20.8,4.4,0.273,0.209,0.8,56.1,31.7
WAS,22,2022-23,J. Goodwin,Jordan Goodwin,62,17.8,6.6,2.7,0.165,0.22,-4.5,37.9,15.1
SAS,22,2022-23,J. Hall,Jordan Hall,9,9.2,3.1,1.2,0.197,0.22,-13.1,17.8,8.9
MIN,22,2022-23,J. McLaughlin,Jordan McLaughlin,43,15.8,3.7,3.4,0.112,0.264,5.8,35.5,12.4
IND,22,2022-23,J. Nwora,Jordan Nwora,62,19.2,8.7,1.4,0.187,0.107,-10.2,26.9,16.6
GSW,22,2022-23,J. Poole,Jordan Poole,82,30.0,20.4,4.5,0.282,0.234,-0.8,65.7,32.4
WAS,22,2022-23,J. Schakel,Jordan Schakel,2,3.1,1.5,0.5,0.154,0.167,50.0,5.0,2.5
NOP,22,2022-23,J. Alvarado,Jose Alvarado,61,21.5,9.0,3.0,0.191,0.199,3.7,46.0,18.1
HOU,22,2022-23,J. Christopher,Josh Christopher,64,12.3,5.8,1.1,0.215,0.149,-13.9,18.7,11.6
OKC,22,2022-23,J. Giddey,Josh Giddey,76,31.1,16.6,6.2,0.239,0.293,-2.2,76.7,36.5
DAL,22,2022-23,J. Green,Josh Green,60,25.7,9.1,1.7,0.14,0.096,2.5,34.2,17.2
NYK,22,2022-23,J. Hart,Josh Hart,76,32.3,9.8,3.8,0.124,0.154,5.9,43.7,22.0
MIN,22,2022-23,J. Minott,Josh Minott,15,6.4,3.1,0.3,0.176,0.065,10.4,7.6,4.4
PHX,22,2022-23,J. Okogie,Josh Okogie,72,18.8,7.3,1.5,0.174,0.104,4.9,23.7,13.6
NOP,22,2022-23,J. Richardson,Josh Richardson,65,23.5,10.1,2.7,0.18,0.16,-5.2,41.7,21.0
SAS,22,2022-23,J. Primo,Joshua Primo,4,23.3,7.0,4.5,0.173,0.237,1.7,43.0,15.3
MIL,22,2022-23,J. Holiday,Jrue Holiday,67,32.6,19.3,7.4,0.244,0.321,9.2,73.1,25.3
UTA,22,2022-23,J. Toscano-Anderson,Juan Toscano-Anderson,52,13.5,3.0,1.3,0.109,0.122,-9.9,19.7,9.3
TOR,22,2022-23,J. Hernangomez,Juancho Hernangomez,42,14.6,2.9,0.6,0.092,0.051,0.5,17.0,9.2
SAS,22,2022-23,J. Champagnie,Julian Champagnie,17,18.8,9.7,0.6,0.181,0.043,-10.6,23.1,13.5
NYK,22,2022-23,J. Randle,Julius Randle,77,35.5,25.1,4.1,0.288,0.184,2.7,69.4,43.5
BOS,22,2022-23,J. Champagnie,Justin Champagnie,5,6.9,2.2,0.8,0.188,0.148,-9.5,10.0,5.8
DAL,22,2022-23,J. Holiday,Justin Holiday,46,15.4,4.5,0.9,0.132,0.08,-9.1,17.3,11.2
BOS,22,2022-23,J. Jackson,Justin Jackson,23,4.7,0.9,0.4,0.122,0.145,-28.3,5.1,3.0
POR,22,2022-23,J. Minaya,Justin Minaya,4,22.2,4.3,1.0,0.123,0.056,-12.0,24.3,13.7
POR,22,2022-23,J. Winslow,Justise Winslow,29,26.8,6.8,3.4,0.139,0.177,-2.6,52.4,22.8
POR,22,2022-23,J. Nurkić,Jusuf Nurkić,52,26.8,13.3,2.9,0.218,0.16,0.3,53.8,31.6
HOU,22,2022-23,K. Martin,KJ Martin,82,28.0,12.7,1.5,0.16,0.079,-8.0,35.5,22.1
SAC,22,2022-23,K. Okpala,KZ Okpala,35,7.1,1.3,0.4,0.081,0.065,1.5,7.0,4.9
CHA,22,2022-23,K. Jones,Kai Jones,46,11.9,3.4,0.3,0.121,0.041,-3.1,13.7,7.2
MIN,22,2022-23,K. Towns,Karl-Anthony Towns,29,33.0,20.8,4.8,0.25,0.225,1.8,60.7,42.5
LAC,22,2022-23,K. Leonard,Kawhi Leonard,52,33.6,23.8,3.9,0.267,0.19,6.1,57.2,36.3
SAC,22,2022-23,K. Murray,Keegan Murray,80,29.8,12.2,1.2,0.156,0.053,1.7,34.9,24.2
SAS,22,2022-23,K. Bates-Diop,Keita Bates-Diop,67,21.7,9.7,1.5,0.165,0.099,-8.5,25.9,16.6
SAS,22,2022-23,K. Johnson,Keldon Johnson,63,32.8,22.0,2.9,0.273,0.137,-11.3,57.7,33.9
UTA,22,2022-23,K. Olynyk,Kelly Olynyk,68,28.6,12.5,3.7,0.176,0.173,0.4,56.1,28.4
CHA,22,2022-23,K. Oubre Jr.,Kelly Oubre Jr.,48,32.2,20.3,1.1,0.257,0.057,-7.7,44.7,31.8
DAL,22,2022-23,K. Walker,Kemba Walker,9,16.0,8.0,2.1,0.215,0.216,-1.9,28.7,12.2
IND,22,2022-23,K. Brown,Kendall Brown,6,6.7,1.5,0.5,0.093,0.091,8.2,6.7,4.5
WAS,22,2022-23,K. Nunn,Kendrick Nunn,70,13.8,7.1,1.3,0.227,0.137,-2.3,20.4,11.2
MEM,22,2022-23,K. Chandler,Kennedy Chandler,36,7.8,2.2,1.6,0.15,0.278,-5.4,16.3,5.8
MEM,22,2022-23,K. Lofton Jr.,Kenneth Lofton Jr.,24,7.3,5.0,0.8,0.267,0.198,-13.4,11.6,8.4
OKC,22,2022-23,K. Williams,Kenrich Williams,53,22.8,8.0,2.0,0.134,0.117,4.1,31.2,19.2
DEN,22,2022-23,K. Caldwell-Pope,Kentavious Caldwell-Pope,76,31.3,10.8,2.4,0.136,0.092,9.8,38.2,25.5
SAC,22,2022-23,K. Ellis,Keon Ellis,16,4.4,1.5,0.4,0.124,0.136,-14.3,6.7,3.9
POR,22,2022-23,K. Johnson,Keon Johnson,40,10.4,4.7,1.5,0.237,0.226,-16.2,21.3,8.8
SAC,22,2022-23,K. Edwards,Kessler Edwards,36,10.7,2.8,0.6,0.119,0.073,2.2,13.1,8.0
PHX,22,2022-23,K. Durant,Kevin Durant,47,35.6,29.1,5.0,0.305,0.228,6.8,66.3,38.8
SAC,22,2022-23,K. Huerter,Kevin Huerter,75,29.4,15.2,2.9,0.197,0.137,4.5,44.0,30.5
POR,22,2022-23,K. Knox II,Kevin Knox II,63,15.1,6.6,0.5,0.175,0.053,-11.4,21.5,10.4
MIA,22,2022-23,K. Love,Kevin Love,62,20.0,8.2,1.9,0.185,0.131,3.9,37.7,20.3
HOU,22,2022-23,K. Porter Jr.,Kevin Porter Jr.,59,34.3,19.2,5.7,0.239,0.26,-8.3,79.0,34.8
ORL,22,2022-23,K. Harris,Kevon Harris,34,13.4,4.1,0.5,0.129,0.049,0.3,13.4,7.9
GSW,22,2022-23,K. Looney,Kevon Looney,82,23.9,7.0,2.5,0.104,0.136,4.4,41.3,25.1
SAS,22,2022-23,K. Birch,Khem Birch,20,8.1,2.2,0.4,0.113,0.063,2.8,10.4,6.1
MIL,22,2022-23,K. Middleton,Khris Middleton,33,24.3,15.1,4.9,0.259,0.288,6.1,48.8,25.2
DET,22,2022-23,K. Hayes,Killian Hayes,76,28.3,10.3,6.2,0.201,0.325,-10.9,62.1,21.6
NOP,22,2022-23,K. Lewis Jr.,Kira Lewis Jr.,25,9.4,4.6,0.9,0.192,0.137,11.2,20.4,9.4
GSW,22,2022-23,K. Thompson,Klay Thompson,69,33.0,21.9,2.4,0.256,0.105,2.9,47.9,37.3
CHA,22,2022-23,K. Simmons,Kobi Simmons,5,5.6,1.0,1.0,0.119,0.313,-34.9,8.4,4.8
UTA,22,2022-23,K. Dunn,Kris Dunn,22,25.8,13.2,5.6,0.195,0.315,-4.3,65.4,19.5
WAS,22,2022-23,K. Porziņģis,Kristaps Porziņģis,65,32.6,23.2,2.7,0.272,0.125,1.4,60.2,40.0
MIN,22,2022-23,K. Anderson,Kyle Anderson,69,28.4,9.4,4.9,0.143,0.225,2.3,52.5,30.1
WAS,22,2022-23,K. Kuzma,Kyle Kuzma,64,35.0,21.2,3.7,0.273,0.164,0.3,59.3,33.6
MIA,22,2022-23,K. Lowry,Kyle Lowry,55,31.2,11.2,5.1,0.162,0.233,1.1,69.6,32.3
DAL,22,2022-23,K. Irving,Kyrie Irving,60,37.3,27.1,5.5,0.286,0.233,4.7,75.7,32.5
CHA,22,2022-23,L. Ball,LaMelo Ball,36,35.2,23.3,8.4,0.289,0.352,-4.7,90.2,29.9
CLE,22,2022-23,L. Stevens,Lamar Stevens,62,18.1,5.3,0.5,0.136,0.04,1.2,20.7,10.5
PHX,22,2022-23,L. Shamet,Landry Shamet,40,20.2,8.7,2.3,0.186,0.167,2.2,35.4,18.4
NOP,22,2022-23,L. Nance Jr.,Larry Nance Jr.,65,21.2,6.8,1.8,0.118,0.117,6.7,30.1,19.0
UTA,22,2022-23,L. Markkanen,Lauri Markkanen,66,34.4,25.6,1.9,0.259,0.086,3.8,51.5,32.3
LAL,22,2022-23,L. James,LeBron James,55,35.5,28.9,6.8,0.322,0.308,4.6,78.4,37.2
UTA,22,2022-23,L. Bolmaro,Leandro Bolmaro,14,4.9,0.4,0.5,0.155,0.121,0.7,8.2,3.4
GSW,22,2022-23,L. Quinones,Lester Quinones,4,4.5,2.5,0.5,0.283,0.125,14.6,11.8,6.3
MIL,22,2022-23,L. Wigginton,Lindell Wigginton,7,12.4,7.1,2.0,0.251,0.264,-20.2,23.9,9.0
OKC,22,2022-23,L. Waters III,Lindy Waters III,41,12.9,5.2,0.7,0.148,0.071,10.5,16.1,10.6
LAL,22,2022-23,L. Walker IV,Lonnie Walker IV,56,23.2,11.7,1.1,0.198,0.071,-7.3,25.2,15.2
PHI,22,2022-23,L. King,Louis King,1,28.8,20.0,2.0,0.205,0.091,5.2,41.0,26.0
OKC,22,2022-23,L. Dort,Luguentz Dort,74,30.7,13.7,2.1,0.194,0.09,0.9,37.1,22.1
DAL,22,2022-23,L. Dončić,Luka Dončić,66,36.2,32.4,8.0,0.368,0.408,2.1,89.6,34.1
MIN,22,2022-23,L. Garza,Luka Garza,28,8.7,6.5,0.6,0.245,0.103,2.0,15.2,9.8
UTA,22,2022-23,L. Samanic,Luka Samanic,7,23.0,9.9,2.1,0.193,0.115,-1.7,34.1,19.9
MEM,22,2022-23,L. Kennard,Luke Kennard,59,22.3,9.3,1.5,0.144,0.091,7.3,27.3,17.2
BOS,22,2022-23,L. Kornet,Luke Kornet,69,11.7,3.8,0.8,0.111,0.093,3.9,12.9,8.0
PHI,22,2022-23,M. McClung,Mac McClung,2,20.5,12.5,4.5,0.243,0.29,19.6,37.5,22.5
TOR,22,2022-23,M. Flynn,Malachi Flynn,53,13.0,4.6,1.3,0.168,0.145,-3.5,26.4,12.0
SAS,22,2022-23,M. Branham,Malaki Branham,66,23.5,10.2,1.9,0.188,0.112,-11.1,35.5,15.9
BOS,22,2022-23,M. Brogdon,Malcolm Brogdon,67,26.0,14.9,3.7,0.223,0.223,5.1,53.1,21.7
CHI,22,2022-23,M. Hill,Malcolm Hill,5,1.8,1.0,0.0,0.167,0.0,39.1,2.0,1.3
LAL,22,2022-23,M. Beasley,Malik Beasley,81,25.8,12.7,1.5,0.207,0.086,-2.2,34.3,21.2
SAC,22,2022-23,M. Monk,Malik Monk,77,22.3,13.5,3.9,0.247,0.258,1.0,40.4,25.1
CLE,22,2022-23,M. Diakite,Mamadi Diakite,22,8.0,2.6,0.4,0.164,0.07,0.7,11.5,6.5
MIL,22,2022-23,M. Beauchamp,MarJon Beauchamp,52,13.5,5.1,0.7,0.175,0.072,-7.2,14.9,10.3
LAC,22,2022-23,M. Morris Sr.,Marcus Morris Sr.,65,28.1,11.2,1.8,0.176,0.09,-0.3,37.0,24.2
BOS,22,2022-23,M. Smart,Marcus Smart,61,32.1,11.5,6.3,0.176,0.256,6.3,59.6,25.5
CHA,22,2022-23,M. Williams,Mark Williams,43,19.3,9.0,0.4,0.168,0.033,-4.7,22.3,12.3
ORL,22,2022-23,M. Fultz,Markelle Fultz,60,29.6,14.0,5.7,0.208,0.29,-3.7,66.6,22.2
DAL,22,2022-23,M. Morris,Markieff Morris,35,10.1,3.8,0.9,0.159,0.114,1.7,14.5,9.1
CHI,22,2022-23,M. Simonovic,Marko Simonovic,7,2.8,0.9,0.0,0.145,0.0,27.3,5.5,2.8
DET,22,2022-23,M. Bagley III,Marvin Bagley III,42,23.6,12.0,0.9,0.202,0.058,-10.6,34.1,20.2
LAC,22,2022-23,M. Plumlee,Mason Plumlee,79,26.0,10.8,3.1,0.149,0.166,-5.9,40.8,24.6
POR,22,2022-23,M. Thybulle,Matisse Thybulle,71,16.9,4.1,0.7,0.102,0.059,-0.5,15.8,8.9
MIN,22,2022-23,M. Ryan,Matt Ryan,34,9.1,3.6,0.5,0.157,0.068,2.2,10.8,7.5
SAC,22,2022-23,M. Dellavedova,Matthew Dellavedova,32,6.6,1.5,1.3,0.122,0.279,-8.8,15.2,5.2
LAL,22,2022-23,M. Christie,Max Christie,41,12.5,3.1,0.5,0.1,0.054,-7.1,12.1,6.8
MIA,22,2022-23,M. Strus,Max Strus,80,28.4,11.5,2.1,0.17,0.115,-3.8,44.1,26.5
DAL,22,2022-23,M. Kleber,Maxi Kleber,37,25.1,5.9,1.4,0.1,0.079,-2.9,32.5,17.8
DAL,22,2022-23,M. Wright IV,McKinley Wright IV,27,12.4,4.2,2.1,0.16,0.275,-14.9,24.8,9.6
MIL,22,2022-23,M. Leonard,Meyers Leonard,9,12.6,4.8,0.1,0.14,0.012,-12.5,17.7,10.3
BOS,22,2022-23,M. Kabengele,Mfiondu Kabengele,4,9.1,1.5,0.0,0.107,0.0,-6.9,10.0,5.0
UTA,22,2022-23,M. Potter,Micah Potter,7,7.5,3.4,0.6,0.121,0.133,-4.2,12.6,5.4
ORL,22,2022-23,M. Carter-Williams,Michael Carter-Williams,4,11.1,4.3,1.8,0.191,0.28,-32.4,25.0,8.0
PHI,22,2022-23,M. Foster Jr.,Michael Foster Jr.,1,1.0,0.0,0.0,0.0,0.0,-100.0,1.0,0.0
DEN,22,2022-23,M. Porter Jr.,Michael Porter Jr.,62,29.0,17.4,1.0,0.22,0.048,10.4,36.7,23.3
BKN,22,2022-23,M. Bridges,Mikal Bridges,83,35.7,20.1,3.3,0.223,0.141,0.8,51.3,31.5
MIN,22,2022-23,M. Conley,Mike Conley,67,30.3,11.9,6.7,0.161,0.295,1.3,70.2,28.1
BOS,22,2022-23,M. Muscala,Mike Muscala,63,15.0,6.1,0.8,0.146,0.069,8.8,25.7,12.9
NYK,22,2022-23,M. McBride,Miles McBride,64,11.9,3.5,1.1,0.141,0.13,3.6,18.8,8.9
NYK,22,2022-23,M. Robinson,Mitchell Robinson,59,26.9,7.4,0.9,0.101,0.044,7.3,27.2,13.7
LAL,22,2022-23,M. Bamba,Mo Bamba,49,15.7,6.6,0.9,0.166,0.086,1.5,24.8,14.6
WAS,22,2022-23,M. Morris,Monte Morris,62,27.4,10.3,5.3,0.155,0.249,0.1,57.9,22.5
PHI,22,2022-23,M. Harrell,Montrezl Harrell,57,11.9,5.6,0.6,0.178,0.073,2.2,17.2,11.4
ORL,22,2022-23,M. Wagner,Moritz Wagner,57,19.5,10.5,1.5,0.201,0.115,-1.1,35.1,21.6
LAC,22,2022-23,M. Brown,Moses Brown,36,8.2,4.3,0.1,0.188,0.021,3.5,11.2,5.0
GSW,22,2022-23,M. Moody,Moses Moody,63,13.0,4.8,0.8,0.141,0.085,-0.6,14.2,10.3
LAC,22,2022-23,M. Diabaté,Moussa Diabaté,22,8.9,2.7,0.2,0.125,0.029,-3.2,8.1,4.6
IND,22,2022-23,M. Turner,Myles Turner,62,29.4,18.0,1.4,0.225,0.074,-1.2,42.5,30.1
NOP,22,2022-23,N. Marshall,Naji Marshall,77,23.3,9.1,2.5,0.172,0.147,-0.1,39.5,20.5
POR,22,2022-23,N. Little,Nassir Little,54,18.1,6.6,0.9,0.158,0.075,-8.8,22.4,12.6
POR,22,2022-23,N. Williams,Nate Williams,5,25.3,10.6,2.0,0.139,0.1,-11.0,18.8,13.0
MIN,22,2022-23,N. Knight,Nathan Knight,38,7.7,3.7,0.3,0.177,0.065,-2.3,11.1,6.6
MIN,22,2022-23,N. Reid,Naz Reid,68,18.4,11.5,1.1,0.242,0.098,-4.2,36.2,21.0
SAC,22,2022-23,N. Queta,Neemias Queta,5,5.7,2.4,0.2,0.141,0.067,-43.5,8.0,4.6
BKN,22,2022-23,N. Noel,Nerlens Noel,17,11.5,2.1,0.6,0.113,0.074,-16.8,15.2,7.1
BKN,22,2022-23,N. Claxton,Nic Claxton,76,29.9,12.6,1.9,0.155,0.091,3.7,41.4,23.4
CHA,22,2022-23,N. Richards,Nick Richards,65,18.7,8.2,0.6,0.151,0.046,-4.5,24.2,12.5
MIN,22,2022-23,N. Alexander-Walker,Nickeil Alexander-Walker,59,15.0,6.2,1.8,0.177,0.168,-2.0,28.2,10.7
LAC,22,2022-23,N. Batum,Nicolas Batum,78,21.9,6.1,1.6,0.111,0.095,4.5,28.8,16.0
DEN,22,2022-23,N. Jokić,Nikola Jokić,69,33.7,24.5,9.8,0.263,0.412,12.5,98.6,52.1
MIA,22,2022-23,N. Jović,Nikola Jović,15,13.6,5.5,0.7,0.185,0.076,-3.5,23.2,13.3
CHI,22,2022-23,N. Vučević,Nikola Vučević,82,33.5,17.6,3.2,0.218,0.146,-0.5,66.3,45.1
BOS,22,2022-23,N. Vonleh,Noah Vonleh,23,7.5,1.1,0.3,0.09,0.051,-1.4,9.5,3.7
LAC,22,2022-23,N. Powell,Norman Powell,60,26.1,17.0,1.8,0.251,0.115,-3.8,35.9,23.3
TOR,22,2022-23,O. Anunoby,OG Anunoby,67,35.6,16.8,2.0,0.192,0.08,3.0,46.8,30.7
NYK,22,2022-23,O. Toppin,Obi Toppin,67,15.7,7.4,1.0,0.187,0.091,2.4,25.6,14.0
UTA,22,2022-23,O. Agbaji,Ochai Agbaji,59,20.5,7.9,1.1,0.154,0.072,-0.2,22.9,14.2
OKC,22,2022-23,O. Sarr,Olivier Sarr,9,12.6,4.0,0.4,0.13,0.048,6.8,18.0,9.1
MIA,22,2022-23,O. Yurtseven,Omer Yurtseven,9,9.2,4.4,0.2,0.159,0.035,1.7,12.9,8.2
ATL,22,2022-23,O. Okongwu,Onyeka Okongwu,80,23.1,9.9,1.0,0.15,0.06,1.8,29.4,15.8
MIA,22,2022-23,O. Robinson,Orlando Robinson,31,13.7,3.7,0.8,0.116,0.086,3.8,17.6,9.7
IND,22,2022-23,O. Brissett,Oshae Brissett,65,16.7,6.1,0.7,0.155,0.055,0.6,26.4,14.0
TOR,22,2022-23,O. Porter Jr.,Otto Porter Jr.,8,18.3,5.5,1.0,0.104,0.078,-5.0,26.1,14.8
OKC,22,2022-23,O. Dieng,Ousmane Dieng,39,14.6,4.9,1.2,0.154,0.108,2.9,18.8,11.5
PHI,22,2022-23,P. Tucker,P.J. Tucker,75,25.6,3.5,0.8,0.066,0.04,4.0,21.0,10.9
CHA,22,2022-23,P. Washington,P.J. Washington,73,32.6,15.7,2.4,0.2,0.107,-7.2,57.0,30.4
SAC,22,2022-23,P. Dozier,PJ Dozier,16,5.0,1.4,0.6,0.203,0.196,-12.9,10.9,4.3
ORL,22,2022-23,P. Banchero,Paolo Banchero,72,33.7,20.0,3.7,0.272,0.171,-4.2,64.8,30.9
TOR,22,2022-23,P. Siakam,Pascal Siakam,71,37.4,24.2,5.8,0.27,0.244,2.4,80.4,41.3
MIL,22,2022-23,P. Connaughton,Pat Connaughton,61,23.7,7.6,1.3,0.133,0.069,3.4,33.0,17.2
GSW,22,2022-23,P. Baldwin Jr.,Patrick Baldwin Jr.,31,7.3,3.9,0.4,0.227,0.083,-12.3,11.5,7.8
CHI,22,2022-23,P. Beverley,Patrick Beverley,67,27.1,6.2,2.9,0.107,0.137,-1.5,39.7,16.9
CHI,22,2022-23,P. Williams,Patrick Williams,82,28.3,10.2,1.2,0.156,0.059,-2.4,38.6,19.3
BKN,22,2022-23,P. Mills,Patty Mills,40,14.2,6.2,1.4,0.182,0.136,-5.8,19.9,10.6
LAC,22,2022-23,P. George,Paul George,56,34.6,23.8,5.1,0.294,0.237,4.0,69.3,32.7
PHI,22,2022-23,P. Reed,Paul Reed,69,10.9,4.2,0.4,0.152,0.051,-0.4,13.7,7.4
BOS,22,2022-23,P. Pritchard,Payton Pritchard,48,13.4,5.6,1.3,0.193,0.153,1.4,24.2,11.0
DEN,22,2022-23,P. Watson,Peyton Watson,23,8.1,3.3,0.5,0.174,0.087,-12.0,10.3,4.9
TOR,22,2022-23,P. Achiuwa,Precious Achiuwa,55,20.7,9.2,0.9,0.19,0.063,-1.6,32.3,18.9
NYK,22,2022-23,Q. Grimes,Quentin Grimes,71,29.9,11.3,2.1,0.142,0.096,4.4,31.4,22.7
WAS,22,2022-23,Q. Jackson,Quenton Jackson,9,15.0,6.2,1.7,0.164,0.155,-6.7,26.4,13.6
DET,22,2022-23,R. Hampton,R.J. Hampton,47,15.9,6.4,1.1,0.175,0.11,-8.7,23.7,12.2
NYK,22,2022-23,R. Barrett,RJ Barrett,73,33.9,19.6,2.8,0.256,0.124,-1.2,50.7,33.4
BKN,22,2022-23,R. Gray,RaiQuan Gray,1,35.1,16.0,7.0,0.205,0.35,-17.5,54.0,38.0
CLE,22,2022-23,R. Neto,Raul Neto,48,10.5,3.3,1.6,0.133,0.226,1.4,20.8,8.3
DAL,22,2022-23,R. Bullock Jr.,Reggie Bullock Jr.,78,30.3,7.2,1.4,0.098,0.063,-1.8,34.1,20.3
DEN,22,2022-23,R. Jackson,Reggie Jackson,68,24.4,10.2,3.4,0.205,0.211,-2.2,48.9,19.9
SAC,22,2022-23,R. Holmes,Richaun Holmes,42,8.3,3.1,0.2,0.132,0.04,-9.3,10.1,6.4
CLE,22,2022-23,R. Rubio,Ricky Rubio,33,17.2,5.2,3.5,0.172,0.295,3.0,39.4,15.0
LAC,22,2022-23,R. Covington,Robert Covington,48,16.2,6.0,1.2,0.149,0.105,-1.0,28.8,12.9
BOS,22,2022-23,R. Williams III,Robert Williams III,35,23.5,8.0,1.4,0.113,0.086,11.4,31.3,18.5
CLE,22,2022-23,R. Lopez,Robin Lopez,37,8.1,3.0,0.5,0.156,0.105,-8.7,9.0,6.1
DET,22,2022-23,R. McGruder,Rodney McGruder,32,16.4,5.7,0.9,0.135,0.071,-3.5,18.7,12.6
SAS,22,2022-23,R. Langford,Romeo Langford,43,19.6,6.9,1.2,0.148,0.08,-8.5,21.9,14.7
TOR,22,2022-23,R. Harper Jr.,Ron Harper Jr.,9,5.3,2.2,0.4,0.136,0.108,21.8,6.6,5.1
BKN,22,2022-23,R. O'Neale,Royce O'Neale,76,31.7,8.8,3.7,0.136,0.155,2.1,61.0,27.5
UTA,22,2022-23,R. Gay,Rudy Gay,56,14.6,5.2,1.0,0.173,0.095,2.9,23.6,11.5
MIN,22,2022-23,R. Gobert,Rudy Gobert,70,30.7,13.4,1.2,0.161,0.058,0.4,44.2,24.1
LAL,22,2022-23,R. Hachimura,Rui Hachimura,63,23.3,11.2,0.9,0.194,0.06,-1.2,30.3,16.7
LAC,22,2022-23,R. Westbrook,Russell Westbrook,73,29.1,15.9,7.5,0.266,0.364,-0.2,64.1,24.0
NYK,22,2022-23,R. Arcidiacono,Ryan Arcidiacono,20,8.6,1.3,1.2,0.106,0.195,-12.8,19.6,6.6
GSW,22,2022-23,R. Rollins,Ryan Rollins,12,5.2,1.9,0.5,0.26,0.214,-38.1,11.6,5.7
PHX,22,2022-23,S. Lee,Saben Lee,25,14.9,6.0,2.7,0.184,0.278,-4.4,34.3,11.2
ATL,22,2022-23,S. Bey,Saddiq Bey,77,27.6,13.8,1.5,0.194,0.08,-3.1,36.8,23.9
BOS,22,2022-23,S. Hauser,Sam Hauser,80,16.1,6.4,0.9,0.141,0.076,7.7,19.1,11.0
CLE,22,2022-23,S. Merrill,Sam Merrill,5,11.7,5.0,1.0,0.177,0.143,-3.3,17.4,12.2
SAS,22,2022-23,S. Mamukelashvili,Sandro Mamukelashvili,43,15.3,6.1,1.4,0.177,0.134,-10.1,27.2,15.0
MEM,22,2022-23,S. Aldama,Santi Aldama,77,21.8,9.0,1.3,0.157,0.076,2.6,29.2,15.6
TOR,22,2022-23,S. Barnes,Scottie Barnes,77,34.8,15.3,4.8,0.2,0.195,3.2,71.1,34.4
LAL,22,2022-23,S. Pippen Jr.,Scotty Pippen Jr.,6,5.3,2.3,0.3,0.231,0.125,-1.5,12.0,3.5
MIL,22,2022-23,S. Ibaka,Serge Ibaka,16,11.6,4.1,0.3,0.159,0.036,-6.5,13.5,9.2
BKN,22,2022-23,S. Curry,Seth Curry,61,19.8,9.2,1.6,0.188,0.121,-3.5,32.2,18.0
POR,22,2022-23,S. Sharpe,Shaedon Sharpe,80,22.2,9.9,1.2,0.186,0.079,-7.6,26.1,16.5
OKC,22,2022-23,S. Gilgeous-Alexander,Shai Gilgeous-Alexander,68,35.5,31.4,5.5,0.318,0.249,2.7,73.1,25.3
PHI,22,2022-23,S. Milton,Shake Milton,76,20.6,8.4,3.2,0.175,0.213,3.9,39.1,17.0
LAL,22,2022-23,S. Harrison,Shaquille Harrison,5,24.0,8.8,6.0,0.162,0.306,-0.4,57.3,19.5
UTA,22,2022-23,S. Fontecchio,Simone Fontecchio,52,14.7,6.3,0.8,0.192,0.079,-13.1,18.7,12.0
POR,22,2022-23,S. Mays,Skylar Mays,6,31.5,15.3,8.3,0.182,0.368,-16.3,80.2,27.8
BKN,22,2022-23,S. Dinwiddie,Spencer Dinwiddie,79,34.5,17.3,6.5,0.22,0.297,-0.1,69.0,26.1
UTA,22,2022-23,S. Johnson,Stanley Johnson,30,15.6,5.8,2.2,0.148,0.179,-7.0,26.0,11.7
DET,22,2022-23,S. Umude,Stanley Umude,1,2.1,2.0,0.0,0.5,0.0,95.0,3.0,2.0
GSW,22,2022-23,S. Curry,Stephen Curry,56,34.7,29.4,6.3,0.297,0.274,5.8,79.3,31.5
LAL,22,2022-23,S. Brown,Sterling Brown,4,6.1,0.0,0.5,0.061,0.077,0.4,6.0,2.8
MEM,22,2022-23,S. Adams,Steven Adams,42,27.0,8.6,2.3,0.139,0.107,9.7,43.2,22.9
CHA,22,2022-23,S. Mykhailiuk,Svi Mykhailiuk,32,14.6,6.9,1.7,0.191,0.167,1.0,19.7,13.2
IND,22,2022-23,T. McConnell,T.J. McConnell,75,20.4,8.7,5.3,0.182,0.39,-2.4,54.9,18.9
PHX,22,2022-23,T. Warren,T.J. Warren,42,16.4,7.5,1.0,0.185,0.081,4.4,21.5,12.1
WAS,22,2022-23,T. Gibson,Taj Gibson,49,9.8,3.4,0.7,0.151,0.094,-1.1,15.0,9.2
UTA,22,2022-23,T. Horton-Tucker,Talen Horton-Tucker,65,20.2,10.7,3.8,0.25,0.274,0.1,45.4,16.9
HOU,22,2022-23,T. Eason,Tari Eason,82,21.6,9.3,1.1,0.184,0.075,-4.8,32.6,15.9
MIN,22,2022-23,T. Prince,Taurean Prince,54,22.1,9.1,1.6,0.165,0.094,0.9,28.3,19.2
LAC,22,2022-23,T. Mann,Terance Mann,81,23.1,8.8,2.3,0.149,0.139,0.3,37.0,17.9
SAC,22,2022-23,T. Davis,Terence Davis,64,13.1,6.7,1.0,0.215,0.11,4.0,20.6,13.9
PHX,22,2022-23,T. Ross,Terrence Ross,63,21.1,8.3,1.5,0.166,0.101,-2.6,21.8,15.0
CHA,22,2022-23,T. Rozier,Terry Rozier,63,35.3,21.1,5.1,0.262,0.22,-6.2,75.2,35.9
CHI,22,2022-23,T. Taylor,Terry Taylor,31,8.5,2.9,0.3,0.129,0.052,4.5,9.8,6.2
TOR,22,2022-23,T. Young,Thaddeus Young,54,14.7,4.4,1.4,0.131,0.133,-5.6,26.4,14.4
MIL,22,2022-23,T. Antetokounmpo,Thanasis Antetokounmpo,37,5.6,1.4,0.4,0.138,0.115,-26.6,6.9,3.7
CHA,22,2022-23,T. Maledon,Theo Maledon,44,19.4,6.7,3.5,0.166,0.247,-8.9,47.3,16.8
DAL,22,2022-23,T. Pinson,Theo Pinson,40,8.1,2.4,1.2,0.136,0.196,-7.6,16.2,7.3
DEN,22,2022-23,T. Bryant,Thomas Bryant,59,18.3,9.8,0.5,0.181,0.042,-4.7,26.8,12.8
DAL,22,2022-23,T. Hardaway Jr.,Tim Hardaway Jr.,71,30.3,14.4,1.8,0.201,0.088,3.4,44.8,23.8
PHI,22,2022-23,T. Harris,Tobias Harris,74,32.9,14.7,2.5,0.18,0.114,5.5,48.6,28.8
CHI,22,2022-23,T. Bradley,Tony Bradley,12,2.8,1.6,0.1,0.174,0.042,9.9,5.2,2.9
PHX,22,2022-23,T. Craig,Torrey Craig,79,24.7,7.4,1.5,0.128,0.08,-3.7,32.5,16.1
ATL,22,2022-23,T. Young,Trae Young,73,34.8,26.2,10.2,0.313,0.414,1.3,80.3,24.6
SAS,22,2022-23,T. Jones,Tre Jones,68,29.2,12.9,6.6,0.189,0.306,-7.8,67.1,19.3
OKC,22,2022-23,T. Mann,Tre Mann,67,17.7,7.7,1.8,0.2,0.144,1.0,30.3,15.9
POR,22,2022-23,T. Watford,Trendon Watford,62,19.1,7.4,2.1,0.158,0.162,-7.1,35.1,16.0
ATL,22,2022-23,T. Forrest,Trent Forrest,23,12.0,2.3,1.7,0.116,0.186,-10.1,20.5,7.3
PHI,22,2022-23,T. Queen,Trevelin Queen,7,10.0,3.0,0.9,0.194,0.109,9.2,17.3,9.7
HOU,22,2022-23,T. Hudgins,Trevor Hudgins,5,5.7,1.8,0.6,0.177,0.176,7.0,12.2,6.0
NYK,22,2022-23,T. Keels,Trevor Keels,3,2.7,1.0,0.0,0.211,0.0,-94.7,2.7,2.0
SAC,22,2022-23,T. Lyles,Trey Lyles,74,16.9,7.6,0.9,0.174,0.073,4.0,26.6,14.7
NOP,22,2022-23,T. Murphy III,Trey Murphy III,79,31.0,14.5,1.4,0.159,0.063,0.5,35.9,22.7
LAL,22,2022-23,T. Brown Jr.,Troy Brown Jr.,76,24.5,7.1,1.3,0.119,0.067,-0.5,26.7,14.2
GSW,22,2022-23,T. Jerome,Ty Jerome,45,18.1,6.9,3.0,0.147,0.233,-5.6,39.2,17.5
HOU,22,2022-23,T. Washington Jr.,TyTy Washington Jr.,31,14.0,4.7,1.5,0.17,0.152,-6.1,28.5,13.1
DAL,22,2022-23,T. Dorsey,Tyler Dorsey,3,2.8,3.0,0.0,0.227,0.0,7.0,2.3,1.7
MIA,22,2022-23,T. Herro,Tyler Herro,67,34.9,20.1,4.2,0.25,0.19,2.7,65.5,34.7
IND,22,2022-23,T. Haliburton,Tyrese Haliburton,56,33.6,20.7,10.4,0.238,0.457,-1.0,94.2,32.5
ATL,22,2022-23,T. Martin,Tyrese Martin,16,4.1,1.3,0.1,0.164,0.044,2.3,5.4,3.7
PHI,22,2022-23,T. Maxey,Tyrese Maxey,60,33.6,20.3,3.5,0.236,0.167,5.4,68.5,29.9
MEM,22,2022-23,T. Jones,Tyus Jones,80,24.2,10.3,5.2,0.175,0.286,2.0,55.0,20.4
UTA,22,2022-23,U. Azubuike,Udoka Azubuike,36,10.0,3.5,0.3,0.113,0.043,-11.7,8.6,5.4
MIA,22,2022-23,U. Haslem,Udonis Haslem,7,10.3,3.9,0.0,0.185,0.0,-11.8,15.7,8.6
HOU,22,2022-23,U. Garuba,Usman Garuba,75,12.9,3.0,0.9,0.099,0.096,-12.2,18.8,9.6
UTA,22,2022-23,V. Carey Jr.,Vernon Carey Jr.,11,2.6,0.5,0.3,0.147,0.214,-17.3,4.0,2.5
MIA,22,2022-23,V. Oladipo,Victor Oladipo,42,26.3,10.7,3.5,0.204,0.206,-1.5,49.8,21.3
MEM,22,2022-23,V. Williams Jr.,Vince Williams Jr.,15,7.0,2.0,0.3,0.176,0.062,-14.8,8.1,5.3
DEN,22,2022-23,V. Čančar,Vlatko Čančar,60,14.8,5.0,1.3,0.134,0.125,-3.9,20.3,13.1
ATL,22,2022-23,V. Krejčí,Vít Krejčí,29,5.7,1.2,0.6,0.108,0.137,-1.8,6.9,4.3
UTA,22,2022-23,W. Kessler,Walker Kessler,74,23.0,9.2,0.9,0.13,0.057,3.0,24.4,15.4
ORL,22,2022-23,W. Carter Jr.,Wendell Carter Jr.,57,29.6,15.2,2.3,0.204,0.119,-0.8,52.4,32.7
MIN,22,2022-23,W. Moore Jr.,Wendell Moore Jr.,29,5.3,1.4,0.6,0.139,0.162,-13.5,9.4,4.4
LAL,22,2022-23,W. Gabriel,Wenyen Gabriel,68,15.1,5.5,0.5,0.135,0.049,-0.2,20.0,9.4
MIL,22,2022-23,W. Matthews,Wesley Matthews,52,15.8,3.4,0.7,0.095,0.053,2.8,14.6,9.1
TOR,22,2022-23,W. Barton,Will Barton,56,17.7,6.8,2.0,0.182,0.162,-8.4,29.6,16.2
NOP,22,2022-23,W. Hernangomez,Willy Hernangomez,38,12.0,6.9,0.9,0.222,0.114,1.7,23.3,14.8
WAS,22,2022-23,X. Cooks,Xavier Cooks,10,12.6,3.8,0.6,0.127,0.061,7.4,18.8,8.9
LAC,22,2022-23,X. Moon,Xavier Moon,4,4.9,1.8,1.3,0.233,0.455,9.8,11.3,4.8
CHA,22,2022-23,X. Sneed,Xavier Sneed,4,12.1,4.3,1.3,0.136,0.167,-24.8,16.0,9.8
MEM,22,2022-23,X. Tillman,Xavier Tillman,61,19.3,7.0,1.6,0.136,0.109,0.7,31.3,17.4
BKN,22,2022-23,Y. Watanabe,Yuta Watanabe,58,16.0,5.6,0.8,0.127,0.071,-0.6,17.0,10.0
SAS,22,2022-23,Z. Collins,Zach Collins,63,22.9,11.6,2.9,0.209,0.18,-7.5,38.3,26.4
CHI,22,2022-23,Z. LaVine,Zach LaVine,77,35.9,24.8,4.2,0.278,0.187,0.3,61.9,32.4
DEN,22,2022-23,Z. Nnaji,Zeke Nnaji,53,13.7,5.2,0.3,0.149,0.04,-5.9,13.6,9.4
MEM,22,2022-23,Z. Williams,Ziaire Williams,37,15.2,5.7,0.9,0.178,0.086,-5.2,17.7,10.8
NOP,22,2022-23,Z. Williamson,Zion Williamson,29,33.0,26.0,4.6,0.288,0.231,7.8,66.0,35.7
DAL,23,2023-24,A. Lawson,A.J. Lawson,42,7.4,3.2,0.5,0.18,0.089,1.2,10.2,5.2
MIL,23,2023-24,A. Green,AJ Green,56,11.0,4.5,0.5,0.15,0.068,3.5,12.4,7.7
ATL,23,2023-24,A. Griffin,AJ Griffin,20,8.5,2.4,0.3,0.167,0.041,-14.0,8.5,5.4
DEN,23,2023-24,A. Gordon,Aaron Gordon,73,31.5,13.9,3.5,0.174,0.147,8.7,42.3,23.3
HOU,23,2023-24,A. Holiday,Aaron Holiday,78,16.3,6.6,1.8,0.158,0.157,2.9,25.9,10.3
IND,23,2023-24,A. Nesmith,Aaron Nesmith,72,27.7,12.2,1.5,0.158,0.067,4.3,39.3,22.6
OKC,23,2023-24,A. Wiggins,Aaron Wiggins,78,15.7,6.9,1.1,0.163,0.096,5.7,19.8,10.9
OKC,23,2023-24,A. Flagler,Adam Flagler,2,7.0,1.5,2.0,0.212,0.364,0.0,9.5,5.5
CHI,23,2023-24,A. Sanogo,Adama Sanogo,9,7.3,4.0,0.0,0.21,0.0,21.7,9.8,5.8
ORL,23,2023-24,A. Schofield,Admiral Schofield,23,3.7,1.1,0.3,0.167,0.163,-5.2,7.0,3.7
BOS,23,2023-24,A. Horford,Al Horford,65,26.8,8.6,2.6,0.119,0.124,11.4,33.2,18.6
NYK,23,2023-24,A. Burks,Alec Burks,66,18.4,10.4,1.3,0.234,0.115,-10.7,30.0,18.2
CHA,23,2023-24,A. Pokusevski,Aleksej Pokusevski,28,14.5,5.2,1.3,0.172,0.132,-9.7,22.8,13.1
CHI,23,2023-24,A. Caruso,Alex Caruso,71,28.7,10.1,3.5,0.146,0.167,0.3,52.7,23.3
DAL,23,2023-24,A. Fudge,Alex Fudge,6,6.7,2.5,0.0,0.176,0.0,-47.3,6.7,4.3
SAC,23,2023-24,A. Len,Alex Len,48,9.3,2.5,1.0,0.114,0.142,15.4,14.4,9.3
MIA,23,2023-24,A. Williams,Alondes Williams,7,2.2,0.7,0.0,0.25,0.0,-52.6,5.4,2.1
HOU,23,2023-24,A. Sengun,Alperen Sengun,63,32.5,21.1,5.0,0.27,0.248,0.8,61.4,45.2
CHA,23,2023-24,A. Bailey,Amari Bailey,10,6.5,2.3,0.7,0.207,0.152,5.4,7.6,4.4
HOU,23,2023-24,A. Thompson,Amen Thompson,62,22.4,9.5,2.6,0.173,0.165,2.1,40.3,16.7
LAC,23,2023-24,A. Coffey,Amir Coffey,70,20.9,6.6,1.1,0.119,0.068,-3.4,20.3,12.0
CHI,23,2023-24,A. Drummond,Andre Drummond,79,17.1,8.4,0.5,0.201,0.041,0.8,21.0,12.8
MIL,23,2023-24,A. Jackson Jr.,Andre Jackson Jr.,57,10.0,2.2,0.9,0.097,0.113,-7.3,11.6,5.2
CHI,23,2023-24,A. Funk,Andrew Funk,5,2.7,0.0,0.0,0.108,0.0,17.0,2.8,1.6
IND,23,2023-24,A. Nembhard,Andrew Nembhard,68,25.0,9.2,4.1,0.161,0.208,2.2,46.5,22.6
GSW,23,2023-24,A. Wiggins,Andrew Wiggins,71,27.0,13.2,1.7,0.206,0.087,-1.3,36.9,22.5
POR,23,2023-24,A. Simons,Anfernee Simons,46,34.4,22.6,5.5,0.276,0.268,-10.6,73.3,31.0
ORL,23,2023-24,A. Black,Anthony Black,69,16.9,4.6,1.3,0.123,0.108,-1.0,26.4,12.4
LAL,23,2023-24,A. Davis,Anthony Davis,76,35.5,24.7,3.5,0.261,0.151,2.6,73.4,41.4
MIN,23,2023-24,A. Edwards,Anthony Edwards,79,35.1,25.9,5.1,0.314,0.241,7.3,70.1,37.8
WAS,23,2023-24,A. Gill,Anthony Gill,50,9.3,3.8,0.7,0.177,0.098,1.2,11.9,7.4
BKN,23,2023-24,A. Brooks,Armoni Brooks,10,10.4,4.2,0.5,0.188,0.06,13.7,15.3,10.9
POR,23,2023-24,A. Hagans,Ashton Hagans,19,16.6,4.2,2.8,0.144,0.244,-1.1,38.1,17.6
DET,23,2023-24,A. Thompson,Ausar Thompson,63,25.1,8.8,1.9,0.161,0.108,-5.3,30.9,17.1
LAL,23,2023-24,A. Reaves,Austin Reaves,82,32.1,15.9,5.5,0.198,0.237,-1.0,61.4,25.4
CHI,23,2023-24,A. Dosunmu,Ayo Dosunmu,76,29.1,12.2,3.2,0.168,0.157,-3.3,46.6,23.7
MIA,23,2023-24,B. Adebayo,Bam Adebayo,71,34.0,19.3,3.9,0.247,0.193,0.8,63.0,36.8
IND,23,2023-24,B. Sheppard,Ben Sheppard,57,14.3,4.4,0.9,0.125,0.072,4.7,20.8,12.4
BKN,23,2023-24,B. Simmons,Ben Simmons,15,23.9,6.1,5.7,0.126,0.306,-3.4,58.7,18.0
IND,23,2023-24,B. Mathurin,Bennedict Mathurin,59,26.1,14.5,2.0,0.226,0.105,-2.9,41.9,27.1
WAS,23,2023-24,B. Coulibaly,Bilal Coulibaly,63,27.2,8.4,1.7,0.139,0.086,-11.0,32.9,19.1
OKC,23,2023-24,B. Biyombo,Bismack Biyombo,40,19.8,4.4,1.3,0.106,0.087,-3.8,27.1,14.5
SAS,23,2023-24,B. Wesley,Blake Wesley,61,14.4,4.4,2.7,0.144,0.257,-7.8,27.8,10.9
HOU,23,2023-24,B. Marjanovic,Boban Marjanovic,14,5.1,3.2,0.4,0.247,0.12,-13.4,8.3,4.6
MIL,23,2023-24,B. Portis,Bobby Portis,82,24.5,13.8,1.3,0.224,0.078,-0.1,41.8,21.6
ATL,23,2023-24,B. Bogdanović,Bogdan Bogdanović,79,30.4,16.9,3.1,0.218,0.147,1.9,47.6,29.1
NYK,23,2023-24,B. Bogdanovic,Bojan Bogdanovic,57,25.9,15.2,1.7,0.242,0.102,-11.4,33.5,25.7
PHX,23,2023-24,B. Bol,Bol Bol,43,10.9,5.2,0.4,0.156,0.054,0.1,12.6,7.1
LAC,23,2023-24,B. Hyland,Bones Hyland,37,14.6,6.9,2.5,0.241,0.269,-6.0,31.7,12.9
PHX,23,2023-24,B. Beal,Bradley Beal,53,33.3,18.2,5.0,0.224,0.215,3.0,66.3,29.4
GSW,23,2023-24,B. Podziemski,Brandin Podziemski,74,26.6,9.2,3.7,0.149,0.176,5.9,46.2,23.2
LAC,23,2023-24,B. Boston,Brandon Boston,32,10.8,5.2,0.4,0.24,0.06,-15.7,16.5,9.7
MEM,23,2023-24,B. Clarke,Brandon Clarke,6,22.4,11.3,1.5,0.188,0.111,-3.9,32.2,23.3
NOP,23,2023-24,B. Ingram,Brandon Ingram,64,32.9,20.8,5.7,0.269,0.259,4.0,64.6,37.5
CHA,23,2023-24,B. Miller,Brandon Miller,74,32.2,17.3,2.4,0.235,0.114,-10.2,54.4,32.1
DAL,23,2023-24,B. Williams,Brandon Williams,17,6.6,3.2,1.0,0.239,0.258,-21.7,13.6,5.4
DEN,23,2023-24,B. Key,Braxton Key,20,3.0,1.1,0.5,0.148,0.231,-8.3,5.9,2.7
UTA,23,2023-24,B. Sensabaugh,Brice Sensabaugh,32,18.3,7.5,1.7,0.201,0.134,-14.2,23.9,13.9
MIL,23,2023-24,B. Lopez,Brook Lopez,79,30.5,12.5,1.6,0.156,0.071,5.2,31.3,21.6
TOR,23,2023-24,B. Brown,Bruce Brown,67,27.8,10.8,2.9,0.161,0.132,-5.8,43.2,22.1
ATL,23,2023-24,B. Fernando,Bruno Fernando,45,15.2,6.3,1.0,0.172,0.1,-6.4,19.8,14.5
CHA,23,2023-24,B. McGowens,Bryce McGowens,59,14.9,5.1,0.9,0.147,0.086,-13.0,16.7,11.2
DET,23,2023-24,B. Boeheim,Buddy Boeheim,10,8.4,3.4,0.3,0.161,0.054,10.2,8.0,6.0
PHI,23,2023-24,B. Hield,Buddy Hield,84,25.7,12.1,2.8,0.186,0.143,1.1,49.7,28.5
NOP,23,2023-24,C. McCollum,CJ McCollum,66,32.7,20.0,4.6,0.244,0.209,3.7,67.0,30.0
DET,23,2023-24,C. Cunningham,Cade Cunningham,62,33.5,22.7,7.5,0.298,0.359,-7.9,80.1,29.9
ORL,23,2023-24,C. Houstan,Caleb Houstan,59,13.8,4.3,0.5,0.122,0.051,-1.8,11.7,8.3
MIA,23,2023-24,C. Martin,Caleb Martin,64,27.4,10.0,2.2,0.168,0.118,1.9,39.0,19.6
LAL,23,2023-24,C. Reddish,Cam Reddish,48,20.5,5.4,1.0,0.123,0.062,-2.8,16.9,10.0
BKN,23,2023-24,C. Thomas,Cam Thomas,66,31.4,22.5,2.9,0.296,0.151,-5.2,54.5,30.9
HOU,23,2023-24,C. Whitmore,Cam Whitmore,47,18.7,12.3,0.7,0.255,0.058,-1.0,24.6,13.2
BKN,23,2023-24,C. Johnson,Cameron Johnson,58,27.6,13.4,2.4,0.19,0.129,-3.4,38.5,25.5
PHI,23,2023-24,C. Payne,Cameron Payne,78,16.7,7.4,2.6,0.185,0.222,-0.8,36.2,14.1
CLE,23,2023-24,C. LeVert,Caris LeVert,68,28.8,14.0,5.1,0.224,0.258,2.8,53.2,30.8
OKC,23,2023-24,C. Wallace,Cason Wallace,82,20.6,6.8,1.5,0.127,0.092,3.9,20.7,11.9
SAS,23,2023-24,C. Osman,Cedi Osman,72,17.6,6.8,1.7,0.146,0.131,-13.2,22.8,13.2
SAS,23,2023-24,C. Bassey,Charles Bassey,19,10.8,3.3,1.1,0.11,0.136,-11.6,19.4,8.7
NYK,23,2023-24,C. Brown Jr.,Charlie Brown Jr.,8,4.7,0.8,0.0,0.145,0.0,-1.0,4.4,3.4
OKC,23,2023-24,C. Holmgren,Chet Holmgren,82,29.4,16.5,2.4,0.21,0.112,9.0,55.4,29.2
DET,23,2023-24,C. Metu,Chimezie Metu,51,16.8,6.5,0.9,0.162,0.08,-6.6,21.9,12.0
TOR,23,2023-24,C. Boucher,Chris Boucher,50,14.1,6.4,0.5,0.167,0.044,2.4,16.0,9.1
SAC,23,2023-24,C. Duarte,Chris Duarte,59,12.2,3.9,0.7,0.146,0.082,-3.1,16.3,10.6
MIL,23,2023-24,C. Livingston,Chris Livingston,21,4.3,1.2,0.2,0.136,0.075,-14.3,5.6,2.4
GSW,23,2023-24,C. Paul,Chris Paul,58,26.4,9.2,6.8,0.154,0.342,2.8,58.8,25.3
DEN,23,2023-24,C. Braun,Christian Braun,82,20.2,7.3,1.6,0.152,0.109,0.7,28.9,15.4
LAL,23,2023-24,C. Wood,Christian Wood,50,17.4,6.9,1.0,0.173,0.079,0.0,24.3,12.2
ORL,23,2023-24,C. Okeke,Chuma Okeke,47,9.2,2.3,0.4,0.131,0.076,-7.3,12.1,6.6
ATL,23,2023-24,C. Capela,Clint Capela,73,25.8,11.5,1.2,0.167,0.067,-0.1,30.9,21.9
CHI,23,2023-24,C. White,Coby White,79,36.5,19.1,5.1,0.224,0.204,-0.7,73.3,30.8
CHA,23,2023-24,C. Martin,Cody Martin,28,26.9,7.5,3.7,0.157,0.192,-10.5,43.1,21.4
NOP,23,2023-24,C. Zeller,Cody Zeller,43,7.4,1.8,0.9,0.116,0.149,6.3,12.9,7.8
SAC,23,2023-24,C. Jones,Colby Jones,30,6.4,2.1,0.7,0.178,0.159,1.5,11.4,6.2
ORL,23,2023-24,C. Anthony,Cole Anthony,81,22.4,11.6,2.9,0.232,0.2,2.6,45.9,19.0
MIA,23,2023-24,C. Swider,Cole Swider,18,4.8,2.3,0.3,0.226,0.102,-11.1,7.4,5.2
LAL,23,2023-24,C. Castleton,Colin Castleton,16,3.7,1.5,0.2,0.157,0.107,-35.2,5.3,2.7
DEN,23,2023-24,C. Gillespie,Collin Gillespie,24,9.4,3.6,1.1,0.166,0.164,2.5,20.3,9.2
UTA,23,2023-24,C. Sexton,Collin Sexton,78,26.6,18.7,4.9,0.267,0.283,-3.4,52.1,26.5
WAS,23,2023-24,C. Kispert,Corey Kispert,80,25.8,13.4,2.0,0.191,0.111,-10.7,35.5,22.7
GSW,23,2023-24,C. Joseph,Cory Joseph,26,11.4,2.4,1.6,0.108,0.174,-3.0,22.6,9.5
CLE,23,2023-24,C. Porter Jr.,Craig Porter Jr.,51,12.7,5.6,2.3,0.201,0.265,-1.6,29.8,11.5
LAL,23,2023-24,D. Russell,D'Angelo Russell,76,32.7,18.0,6.3,0.222,0.261,2.6,67.1,28.5
LAL,23,2023-24,D. Hodge,D'Moi Hodge,7,5.9,2.0,0.7,0.172,0.227,-44.2,6.6,3.9
TOR,23,2023-24,D. Carton,D.J. Carton,4,8.9,2.8,0.8,0.125,0.15,-41.3,17.0,7.5
ORL,23,2023-24,D. Wilson,D.J. Wilson,2,7.7,5.0,1.0,0.182,0.222,2.8,10.0,6.0
NYK,23,2023-24,D. Jeffries,DaQuan Jeffries,17,2.7,0.8,0.3,0.193,0.185,-7.4,2.6,2.0
MIN,23,2023-24,D. Nix,Daishen Nix,15,3.3,1.8,0.4,0.241,0.14,20.2,6.7,3.3
POR,23,2023-24,D. Banton,Dalano Banton,54,19.4,10.3,2.4,0.25,0.2,-10.2,40.2,18.0
CHI,23,2023-24,D. Terry,Dalen Terry,59,11.5,3.1,1.4,0.127,0.151,2.2,18.3,8.4
CLE,23,2023-24,D. Jones,Damian Jones,39,6.9,2.7,0.4,0.149,0.097,-18.7,9.2,5.3
MIL,23,2023-24,D. Lillard,Damian Lillard,73,35.3,24.3,7.0,0.274,0.284,6.9,78.9,28.0
DAL,23,2023-24,D. Gafford,Daniel Gafford,74,24.5,11.0,1.6,0.145,0.083,-2.2,37.3,20.0
LAC,23,2023-24,D. Theis,Daniel Theis,60,16.9,6.3,1.0,0.15,0.081,2.4,22.3,11.7
MIL,23,2023-24,D. Gallinari,Danilo Gallinari,49,12.8,5.7,1.1,0.171,0.127,-8.4,21.6,13.0
PHI,23,2023-24,D. Green,Danny Green,2,9.2,0.0,0.5,0.043,0.056,-5.9,8.0,2.5
DAL,23,2023-24,D. Exum,Dante Exum,55,19.8,7.8,2.9,0.148,0.181,10.3,34.5,12.7
PHI,23,2023-24,D. House Jr.,Danuel House Jr.,34,15.0,4.2,0.8,0.116,0.075,2.3,18.5,8.7
GSW,23,2023-24,D. Saric,Dario Saric,64,17.2,8.0,2.3,0.19,0.187,-1.6,35.7,21.9
BKN,23,2023-24,D. Whitehead,Dariq Whitehead,2,12.0,1.5,1.5,0.094,0.143,-42.8,15.0,6.5
UTA,23,2023-24,D. Bazley,Darius Bazley,9,16.9,5.3,0.8,0.118,0.062,-11.3,23.8,11.2
CLE,23,2023-24,D. Garland,Darius Garland,57,33.3,18.0,6.5,0.249,0.295,2.1,75.3,30.7
SAS,23,2023-24,D. Duke Jr.,David Duke Jr.,4,12.8,6.5,1.3,0.179,0.132,4.4,19.3,10.5
PHX,23,2023-24,D. Roddy,David Roddy,65,18.1,6.5,1.2,0.177,0.102,-9.3,26.4,14.8
SAC,23,2023-24,D. Mitchell,Davion Mitchell,72,15.3,5.3,1.9,0.147,0.168,-2.6,28.4,12.2
CHA,23,2023-24,D. Bertans,Davis Bertans,43,15.7,6.7,0.8,0.169,0.076,-7.2,16.3,11.2
BKN,23,2023-24,D. Sharpe,Day'Ron Sharpe,61,15.1,6.8,1.4,0.185,0.137,4.8,26.2,15.3
SAC,23,2023-24,D. Fox,De'Aaron Fox,74,35.9,26.6,5.6,0.3,0.244,4.3,81.4,29.5
ATL,23,2023-24,D. Hunter,De'Andre Hunter,57,29.5,15.6,1.5,0.204,0.073,-1.3,43.5,25.2
PHI,23,2023-24,D. Melton,De'Anthony Melton,38,26.9,11.1,3.0,0.177,0.144,10.0,48.9,21.0
DEN,23,2023-24,D. Jordan,DeAndre Jordan,36,11.0,3.9,0.7,0.147,0.098,-10.7,13.5,8.8
MEM,23,2023-24,D. Jarreau,DeJon Jarreau,9,16.6,4.8,2.9,0.171,0.257,-4.6,37.9,16.3
CHI,23,2023-24,D. DeRozan,DeMar DeRozan,79,37.8,24.0,5.3,0.252,0.22,-1.0,64.4,34.1
CLE,23,2023-24,D. Wade,Dean Wade,54,20.5,5.4,0.8,0.101,0.052,8.3,26.2,14.0
POR,23,2023-24,D. Ayton,Deandre Ayton,55,32.4,16.7,1.6,0.211,0.086,-8.7,54.5,30.1
ATL,23,2023-24,D. Murray,Dejounte Murray,78,35.7,22.5,6.4,0.259,0.274,-2.7,81.3,32.1
MIA,23,2023-24,D. Wright,Delon Wright,47,15.8,4.5,2.5,0.127,0.213,1.0,28.4,11.6
WAS,23,2023-24,D. Avdija,Deni Avdija,75,30.1,14.7,3.8,0.196,0.174,-6.5,55.5,24.5
BKN,23,2023-24,D. Schröder,Dennis Schröder,80,31.1,14.0,6.1,0.202,0.281,-2.8,75.1,30.2
BKN,23,2023-24,D. Smith Jr.,Dennis Smith Jr.,56,18.9,6.6,3.6,0.174,0.276,-0.1,38.4,14.9
DAL,23,2023-24,D. Lively II,Dereck Lively II,55,23.5,8.8,1.1,0.124,0.06,5.0,34.7,17.0
NOP,23,2023-24,D. Seabron,Dereon Seabron,6,9.2,2.3,0.8,0.122,0.116,26.3,14.5,5.8
DAL,23,2023-24,D. Jones Jr.,Derrick Jones Jr.,76,23.5,8.6,1.0,0.146,0.055,1.7,26.1,14.1
MEM,23,2023-24,D. Rose,Derrick Rose,24,16.6,8.0,3.3,0.222,0.31,-3.8,34.3,12.3
BOS,23,2023-24,D. White,Derrick White,73,32.6,15.2,5.2,0.183,0.209,12.5,62.0,22.1
MEM,23,2023-24,D. Bane,Desmond Bane,42,34.4,23.7,5.5,0.273,0.272,-7.2,77.2,37.9
PHX,23,2023-24,D. Booker,Devin Booker,68,36.0,27.1,6.9,0.289,0.299,5.8,73.4,34.9
SAS,23,2023-24,D. Vassell,Devin Vassell,68,33.1,19.5,4.1,0.229,0.192,-6.0,56.6,38.6
SAS,23,2023-24,D. Graham,Devonte' Graham,23,13.6,5.0,2.1,0.175,0.219,3.3,27.1,13.3
DAL,23,2023-24,D. Dennis,Dexter Dennis,4,7.5,5.5,1.0,0.278,0.364,-11.0,15.0,6.5
HOU,23,2023-24,D. Brooks,Dillon Brooks,72,30.9,12.7,1.7,0.176,0.074,0.0,33.5,21.0
NYK,23,2023-24,D. Skapintsev,Dmytro Skapintsev,2,1.1,0.0,0.0,0.25,0.0,15.0,2.0,1.5
SAC,23,2023-24,D. Sabonis,Domantas Sabonis,82,35.7,19.4,8.2,0.22,0.334,0.8,91.5,54.3
SAS,23,2023-24,D. Barlow,Dominick Barlow,33,12.7,4.4,1.1,0.139,0.114,-4.5,17.3,10.1
CLE,23,2023-24,D. Mitchell,Donovan Mitchell,55,35.3,26.6,6.1,0.301,0.268,7.3,79.1,33.1
NYK,23,2023-24,D. DiVincenzo,Donte DiVincenzo,81,29.1,15.5,2.7,0.209,0.133,3.7,48.2,30.3
BKN,23,2023-24,D. Finney-Smith,Dorian Finney-Smith,68,28.4,8.5,1.6,0.132,0.077,-2.2,37.7,21.8
IND,23,2023-24,D. McDermott,Doug McDermott,64,14.1,5.5,1.1,0.144,0.097,-9.3,17.5,12.8
GSW,23,2023-24,D. Green,Draymond Green,55,27.1,8.6,6.0,0.148,0.276,4.9,60.5,32.3
PHX,23,2023-24,D. Eubanks,Drew Eubanks,75,15.6,5.1,0.8,0.129,0.079,-4.1,21.1,12.1
BOS,23,2023-24,D. Peterson,Drew Peterson,3,7.6,3.7,0.3,0.123,0.045,16.0,8.3,4.3
MIA,23,2023-24,D. Smith,Dru Smith,9,14.5,4.3,1.6,0.128,0.187,-15.0,26.3,9.6
MIA,23,2023-24,D. Robinson,Duncan Robinson,68,28.0,12.9,2.8,0.184,0.151,0.5,38.2,28.2
POR,23,2023-24,D. Reath,Duop Reath,68,17.9,9.1,1.0,0.202,0.088,-7.1,28.9,18.5
DAL,23,2023-24,D. Powell,Dwight Powell,63,13.3,3.3,1.3,0.087,0.128,0.3,18.3,10.7
ATL,23,2023-24,D. Windler,Dylan Windler,17,6.4,2.5,0.6,0.129,0.133,-4.6,8.1,5.3
NOP,23,2023-24,D. Daniels,Dyson Daniels,61,22.3,5.8,2.7,0.123,0.157,3.3,39.9,17.2
NOP,23,2023-24,E. Liddell,E.J. Liddell,8,2.9,0.5,0.1,0.148,0.067,-11.7,4.5,2.4
CLE,23,2023-24,E. Bates,Emoni Bates,15,8.9,2.7,0.7,0.196,0.12,-30.7,10.7,6.8
PHX,23,2023-24,E. Gordon,Eric Gordon,68,27.8,11.0,2.0,0.162,0.1,3.5,35.6,18.7
WAS,23,2023-24,E. Omoruyi,Eugene Omoruyi,43,9.1,4.8,0.8,0.208,0.141,-14.1,14.5,8.2
DET,23,2023-24,E. Fournier,Evan Fournier,32,18.1,6.9,1.5,0.187,0.131,-12.1,27.5,17.5
CLE,23,2023-24,E. Mobley,Evan Mobley,50,30.6,15.7,3.2,0.2,0.155,1.2,59.4,32.0
PHI,23,2023-24,F. Petrusev,Filip Petrusev,3,3.1,1.0,0.0,0.15,0.0,30.0,3.7,3.3
CHA,23,2023-24,F. Ntilikina,Frank Ntilikina,5,8.6,1.0,0.8,0.111,0.108,0.2,10.2,6.6
ORL,23,2023-24,F. Wagner,Franz Wagner,72,32.5,19.7,3.7,0.25,0.183,4.3,57.3,32.2
HOU,23,2023-24,F. VanVleet,Fred VanVleet,73,36.8,17.4,8.1,0.194,0.312,3.0,80.1,31.1
PHI,23,2023-24,F. Korkmaz,Furkan Korkmaz,35,8.6,2.5,0.7,0.126,0.108,6.4,12.8,5.8
MEM,23,2023-24,G. Jackson,GG Jackson,48,25.7,14.6,1.2,0.238,0.082,-7.1,39.7,22.8
LAL,23,2023-24,G. Vincent,Gabe Vincent,11,19.8,3.1,1.9,0.105,0.126,6.8,22.9,11.4
TOR,23,2023-24,G. Temple,Garrett Temple,27,10.7,3.3,1.0,0.147,0.14,-13.1,17.1,8.4
ATL,23,2023-24,G. Mathews,Garrison Mathews,66,15.0,4.9,0.6,0.11,0.049,-4.0,14.0,9.2
ORL,23,2023-24,G. Harris,Gary Harris,54,24.0,6.9,1.6,0.114,0.09,3.3,20.3,15.0
GSW,23,2023-24,G. Payton II,Gary Payton II,44,15.5,5.5,1.1,0.13,0.094,5.8,20.8,12.0
TOR,23,2023-24,G. Trent Jr.,Gary Trent Jr.,71,28.1,13.7,1.7,0.195,0.084,-4.6,31.4,24.0
CLE,23,2023-24,G. Niang,Georges Niang,82,22.3,9.4,1.2,0.173,0.075,0.6,36.3,19.3
MIL,23,2023-24,G. Antetokounmpo,Giannis Antetokounmpo,73,35.2,30.4,6.5,0.32,0.314,6.6,79.7,39.9
ORL,23,2023-24,G. Bitadze,Goga Bitadze,62,15.4,5.0,1.3,0.129,0.117,1.8,22.3,14.1
OKC,23,2023-24,G. Hayward,Gordon Hayward,51,24.4,9.8,3.1,0.175,0.17,-6.0,37.0,24.9
TOR,23,2023-24,G. Dick,Gradey Dick,60,21.1,8.5,1.1,0.167,0.078,-13.9,21.5,16.3
CHA,23,2023-24,G. Williams,Grant Williams,76,28.0,10.3,2.3,0.157,0.114,-5.7,37.8,23.1
PHX,23,2023-24,G. Allen,Grayson Allen,75,33.5,13.5,3.0,0.143,0.117,5.1,48.8,23.1
DAL,23,2023-24,G. Brown III,Greg Brown III,6,6.6,2.5,0.7,0.178,0.138,-9.6,6.0,3.5
GSW,23,2023-24,G. Santos,Gui Santos,23,8.4,3.6,0.6,0.142,0.097,3.4,11.2,6.9
WAS,23,2023-24,H. Diallo,Hamidou Diallo,2,2.4,1.0,0.5,0.188,0.333,31.8,5.0,3.0
SAC,23,2023-24,H. Barnes,Harrison Barnes,82,29.0,12.2,1.2,0.154,0.056,-1.7,35.3,22.6
LAL,23,2023-24,H. Giles III,Harry Giles III,23,4.3,2.4,0.3,0.233,0.088,-15.8,6.7,3.8
MIA,23,2023-24,H. Highsmith,Haywood Highsmith,66,20.7,6.1,1.1,0.121,0.074,1.1,24.0,13.3
CHI,23,2023-24,H. Drell,Henri Drell,4,7.5,2.8,1.0,0.155,0.154,7.2,10.8,5.3
NOP,23,2023-24,H. Jones,Herbert Jones,76,30.5,11.0,2.6,0.141,0.112,5.5,43.1,23.0
DEN,23,2023-24,H. Tyson,Hunter Tyson,18,2.7,1.1,0.1,0.186,0.059,2.7,4.2,2.6
POR,23,2023-24,I. Badji,Ibou Badji,22,10.3,1.5,0.6,0.079,0.088,-16.8,10.5,5.4
TOR,23,2023-24,I. Quickley,Immanuel Quickley,68,29.2,17.0,4.9,0.233,0.245,-1.0,60.0,24.8
CLE,23,2023-24,I. Okoro,Isaac Okoro,69,27.3,9.4,1.9,0.136,0.095,2.4,30.7,19.8
NYK,23,2023-24,I. Hartenstein,Isaiah Hartenstein,75,25.3,7.8,2.5,0.116,0.127,10.0,41.0,22.4
IND,23,2023-24,I. Jackson,Isaiah Jackson,60,12.8,6.4,0.8,0.165,0.085,2.7,15.9,10.3
OKC,23,2023-24,I. Joe,Isaiah Joe,78,18.5,8.2,1.3,0.157,0.093,9.1,24.7,15.7
DET,23,2023-24,I. Livers,Isaiah Livers,23,20.4,5.0,1.1,0.122,0.071,-19.3,19.9,11.8
CLE,23,2023-24,I. Mobley,Isaiah Mobley,10,7.2,2.3,0.6,0.16,0.14,-20.0,13.2,7.1
DET,23,2023-24,I. Stewart,Isaiah Stewart,46,30.9,10.9,1.6,0.143,0.069,-4.2,36.5,21.7
PHX,23,2023-24,I. Thomas,Isaiah Thomas,6,3.2,1.3,0.5,0.227,0.25,-42.9,8.0,3.8
IND,23,2023-24,I. Wong,Isaiah Wong,1,4.3,2.0,0.0,0.375,0.0,-47.2,11.0,7.0
CHA,23,2023-24,I. Smith,Ish Smith,43,17.2,3.2,3.4,0.119,0.268,-17.5,33.8,10.7
PHX,23,2023-24,I. Wainright,Ish Wainright,11,5.7,2.1,0.1,0.166,0.029,-6.3,8.9,5.8
LAC,23,2023-24,I. Zubac,Ivica Zubac,68,26.4,11.7,1.4,0.165,0.075,4.7,42.8,20.4
NOP,23,2023-24,I. Brockington,Izaiah Brockington,1,3.4,4.0,0.0,0.385,0.0,50.0,9.0,3.0
BOS,23,2023-24,J. Davison,JD Davison,8,4.9,2.0,1.3,0.16,0.303,29.6,12.3,4.3
CHA,23,2023-24,J. Thor,JT Thor,63,12.4,3.2,0.5,0.113,0.052,-3.2,16.4,8.5
MEM,23,2023-24,J. Morant,Ja Morant,9,35.3,25.1,8.1,0.296,0.384,-0.2,78.9,28.8
SAC,23,2023-24,J. McGee,JaVale McGee,46,7.4,4.0,0.4,0.214,0.076,-1.9,11.6,7.2
HOU,23,2023-24,J. Smith Jr.,Jabari Smith Jr.,76,31.9,13.7,1.6,0.174,0.071,-1.9,45.6,20.9
POR,23,2023-24,J. Walker,Jabari Walker,72,23.6,8.9,1.0,0.159,0.062,-9.5,29.1,16.4
OKC,23,2023-24,J. White,Jack White,4,15.9,1.5,0.3,0.11,0.024,-22.1,17.8,10.5
BKN,23,2023-24,J. Gilyard,Jacob Gilyard,41,17.0,4.2,3.3,0.112,0.29,-12.0,36.2,14.4
NYK,23,2023-24,J. Toppin,Jacob Toppin,9,4.2,1.4,0.3,0.133,0.143,-19.8,6.7,3.7
DAL,23,2023-24,J. Hardy,Jaden Hardy,73,13.6,7.3,1.5,0.238,0.17,-6.5,23.9,9.8
DET,23,2023-24,J. Ivey,Jaden Ivey,77,28.8,15.4,3.8,0.244,0.196,-7.7,46.6,26.4
MIN,23,2023-24,J. McDaniels,Jaden McDaniels,72,29.2,10.5,1.4,0.156,0.067,3.8,33.1,20.9
BOS,23,2023-24,J. Springer,Jaden Springer,49,10.3,3.3,0.9,0.167,0.121,-0.5,11.3,6.5
MIL,23,2023-24,J. Crowder,Jae Crowder,50,23.1,6.2,1.3,0.113,0.076,-2.6,28.6,14.7
HOU,23,2023-24,J. Tate,Jae'Sean Tate,65,15.9,4.1,1.0,0.115,0.085,5.1,18.0,8.8
TOR,23,2023-24,J. Ramsey,Jahmi'us Ramsey,7,17.3,6.7,1.1,0.18,0.103,-10.4,28.9,10.6
MIA,23,2023-24,J. Jaquez Jr.,Jaime Jaquez Jr.,75,28.2,11.9,2.6,0.181,0.137,2.8,41.9,21.5
MEM,23,2023-24,J. LaRavia,Jake LaRavia,35,23.0,10.8,1.7,0.201,0.116,-6.7,34.9,22.2
TOR,23,2023-24,J. Poeltl,Jakob Poeltl,50,26.4,11.1,2.5,0.16,0.131,-0.6,48.0,25.8
NYK,23,2023-24,J. Brunson,Jalen Brunson,77,35.4,28.7,6.7,0.311,0.315,8.6,88.0,34.3
NOP,23,2023-24,J. Crutcher,Jalen Crutcher,1,2.7,0.0,0.0,0.167,0.0,20.0,6.0,3.0
DET,23,2023-24,J. Duren,Jalen Duren,61,29.1,13.8,2.4,0.181,0.123,-7.6,57.6,27.5
HOU,23,2023-24,J. Green,Jalen Green,82,31.7,19.6,3.5,0.27,0.17,0.0,59.8,25.2
LAL,23,2023-24,J. Hood-Schifino,Jalen Hood-Schifino,21,5.2,1.6,0.4,0.242,0.129,-23.0,10.2,4.5
ATL,23,2023-24,J. Johnson,Jalen Johnson,56,33.7,16.0,3.6,0.184,0.154,-1.9,69.7,31.5
TOR,23,2023-24,J. McDaniels,Jalen McDaniels,50,10.8,3.4,0.7,0.179,0.105,-14.1,16.5,9.4
DEN,23,2023-24,J. Pickett,Jalen Pickett,27,4.5,1.6,0.8,0.164,0.25,-2.4,10.0,4.3
SAC,23,2023-24,J. Slawson,Jalen Slawson,12,3.1,0.7,0.2,0.088,0.071,-9.5,5.2,2.6
IND,23,2023-24,J. Smith,Jalen Smith,61,17.2,9.9,1.0,0.187,0.078,1.0,25.0,15.7
ORL,23,2023-24,J. Suggs,Jalen Suggs,75,27.0,12.6,2.7,0.191,0.147,1.0,45.8,21.3
OKC,23,2023-24,J. Williams,Jalen Williams,71,31.3,19.1,4.5,0.232,0.202,8.8,57.1,25.1
BKN,23,2023-24,J. Wilson,Jalen Wilson,43,15.5,5.0,1.0,0.138,0.095,-1.6,15.7,10.5
MIA,23,2023-24,J. Cain,Jamal Cain,26,10.0,3.7,0.4,0.158,0.056,-3.4,11.3,6.0
DEN,23,2023-24,J. Murray,Jamal Murray,59,31.5,21.2,6.5,0.273,0.296,8.2,69.5,31.6
SAS,23,2023-24,J. Bouyea,Jamaree Bouyea,9,10.5,2.3,1.2,0.162,0.183,-7.5,23.0,8.7
CHA,23,2023-24,J. Bouknight,James Bouknight,14,5.8,3.6,0.4,0.24,0.125,-7.3,10.7,6.1
LAC,23,2023-24,J. Harden,James Harden,72,34.3,16.6,8.5,0.202,0.338,5.6,75.6,26.7
IND,23,2023-24,J. Johnson,James Johnson,9,5.2,0.9,0.9,0.137,0.186,3.8,8.7,4.6
DET,23,2023-24,J. Wiseman,James Wiseman,63,17.3,7.1,0.9,0.158,0.077,-13.4,29.0,13.4
IND,23,2023-24,J. Walker,Jarace Walker,33,10.3,3.6,1.2,0.155,0.138,2.7,16.6,9.7
WAS,23,2023-24,J. Butler,Jared Butler,40,14.1,6.3,3.2,0.194,0.321,-3.8,28.6,10.2
DET,23,2023-24,J. Rhoden,Jared Rhoden,17,14.4,4.9,0.8,0.135,0.085,-9.4,17.9,9.6
MEM,23,2023-24,J. Jackson Jr.,Jaren Jackson Jr.,66,32.2,22.5,2.3,0.302,0.133,-7.3,54.8,33.4
LAL,23,2023-24,J. Vanderbilt,Jarred Vanderbilt,29,20.0,5.2,1.2,0.111,0.077,4.2,17.7,8.1
CLE,23,2023-24,J. Allen,Jarrett Allen,77,31.7,16.5,2.7,0.191,0.128,4.8,50.0,33.8
UTA,23,2023-24,J. Preston,Jason Preston,7,10.2,1.7,2.3,0.121,0.25,15.1,23.0,7.9
TOR,23,2023-24,J. Freeman-Liberty,Javon Freeman-Liberty,22,18.3,7.0,1.8,0.17,0.143,-18.2,38.6,14.3
CHI,23,2023-24,J. Green,Javonte Green,9,25.6,12.2,0.6,0.159,0.027,5.0,38.9,16.8
PHI,23,2023-24,J. Smart,Javonte Smart,1,0.7,0.0,0.0,0.0,0.0,-150.0,1.0,0.0
LAL,23,2023-24,J. Hayes,Jaxson Hayes,70,12.5,4.3,0.5,0.121,0.051,-4.7,16.1,7.7
DEN,23,2023-24,J. Huff,Jay Huff,20,2.5,1.2,0.1,0.14,0.071,-7.9,3.8,2.7
BOS,23,2023-24,J. Brown,Jaylen Brown,70,33.5,23.0,3.6,0.283,0.165,8.7,53.0,27.5
SAC,23,2023-24,J. Nowell,Jaylen Nowell,13,16.4,6.2,1.5,0.176,0.137,-7.4,25.2,12.4
OKC,23,2023-24,J. Williams,Jaylin Williams,69,13.0,4.0,1.6,0.133,0.162,6.8,27.1,14.7
BOS,23,2023-24,J. Tatum,Jayson Tatum,74,35.7,26.9,4.9,0.296,0.211,11.2,75.8,38.7
PHI,23,2023-24,J. Dowtin Jr.,Jeff Dowtin Jr.,12,11.8,4.3,2.3,0.124,0.262,6.8,23.7,9.8
HOU,23,2023-24,J. Green,Jeff Green,78,16.8,6.5,0.9,0.152,0.079,-2.9,18.6,12.5
POR,23,2023-24,J. Grant,Jerami Grant,54,33.9,21.0,2.8,0.255,0.138,-9.6,52.5,34.6
NOP,23,2023-24,J. Robinson-Earl,Jeremiah Robinson-Earl,39,8.6,2.9,0.5,0.144,0.091,-1.9,12.1,6.8
SAS,23,2023-24,J. Sochan,Jeremy Sochan,74,29.6,11.6,3.4,0.187,0.161,-7.0,50.9,25.0
NYK,23,2023-24,J. Sims,Jericho Sims,45,13.0,2.0,0.6,0.06,0.059,-0.7,15.4,8.0
HOU,23,2023-24,J. Samuels Jr.,Jermaine Samuels Jr.,14,4.3,1.4,0.2,0.098,0.06,-9.6,4.7,2.1
GSW,23,2023-24,J. Robinson,Jerome Robinson,22,3.7,1.4,0.2,0.188,0.083,12.4,7.2,4.4
ORL,23,2023-24,J. Howard,Jett Howard,18,3.7,1.6,0.3,0.22,0.162,3.3,5.1,3.2
CHI,23,2023-24,J. Carter,Jevon Carter,72,13.9,5.0,1.3,0.168,0.129,1.4,21.9,12.2
MIA,23,2023-24,J. Butler III,Jimmy Butler III,60,34.0,20.8,5.0,0.235,0.228,5.5,61.0,36.8
HOU,23,2023-24,J. Landale,Jock Landale,56,13.6,4.9,1.2,0.139,0.113,9.6,17.5,11.6
DET,23,2023-24,J. Harris,Joe Harris,16,10.6,2.4,0.6,0.104,0.079,-14.5,10.0,6.6
ORL,23,2023-24,J. Ingles,Joe Ingles,68,17.2,4.4,3.0,0.111,0.217,5.8,29.8,17.1
PHI,23,2023-24,J. Embiid,Joel Embiid,39,33.6,34.7,5.6,0.387,0.315,10.3,74.6,53.8
UTA,23,2023-24,J. Collins,John Collins,68,28.0,15.1,1.1,0.199,0.06,-7.5,44.9,23.9
MEM,23,2023-24,J. Konchar,John Konchar,55,21.3,4.3,2.0,0.096,0.13,-5.9,34.7,17.1
WAS,23,2023-24,J. Davis,Johnny Davis,50,12.3,3.0,0.6,0.117,0.068,-10.3,11.8,6.8
UTA,23,2023-24,J. Juzang,Johnny Juzang,20,18.6,7.2,1.2,0.147,0.086,-1.8,18.8,13.3
NOP,23,2023-24,J. Valančiūnas,Jonas Valančiūnas,82,23.5,12.2,2.1,0.207,0.128,3.9,48.4,28.9
ORL,23,2023-24,J. Isaac,Jonathan Isaac,58,15.8,6.8,0.5,0.16,0.047,10.9,21.7,9.9
GSW,23,2023-24,J. Kuminga,Jonathan Kuminga,74,26.3,16.1,2.2,0.237,0.123,2.9,46.0,24.1
DET,23,2023-24,J. Porter,Jontay Porter,26,13.8,4.4,2.3,0.155,0.226,-9.2,27.8,16.7
UTA,23,2023-24,J. Clarkson,Jordan Clarkson,55,30.6,17.1,5.0,0.255,0.247,-5.7,50.6,34.0
SAC,23,2023-24,J. Ford,Jordan Ford,6,3.6,2.0,0.3,0.184,0.118,28.9,7.5,2.3
MEM,23,2023-24,J. Goodwin,Jordan Goodwin,57,18.5,6.5,2.7,0.182,0.219,-4.1,39.3,16.6
NOP,23,2023-24,J. Hawkins,Jordan Hawkins,67,17.3,7.8,1.0,0.188,0.084,-0.9,22.9,15.7
MIN,23,2023-24,J. McLaughlin,Jordan McLaughlin,56,11.2,3.5,2.0,0.119,0.229,11.0,23.7,10.2
LAC,23,2023-24,J. Miller,Jordan Miller,8,3.5,1.6,0.0,0.153,0.0,-24.4,4.7,2.0
TOR,23,2023-24,J. Nwora,Jordan Nwora,52,13.7,7.0,1.2,0.213,0.134,-13.7,22.0,13.0
WAS,23,2023-24,J. Poole,Jordan Poole,78,30.1,17.4,4.4,0.256,0.212,-11.1,53.7,25.2
BOS,23,2023-24,J. Walsh,Jordan Walsh,9,9.3,1.7,0.6,0.092,0.068,29.9,9.2,5.9
NOP,23,2023-24,J. Alvarado,Jose Alvarado,56,18.4,7.1,2.1,0.168,0.154,12.0,35.0,15.3
OKC,23,2023-24,J. Giddey,Josh Giddey,80,25.1,12.3,4.8,0.223,0.252,8.2,56.5,27.7
DAL,23,2023-24,J. Green,Josh Green,57,26.4,8.2,2.3,0.129,0.111,-2.1,32.8,15.4
NYK,23,2023-24,J. Hart,Josh Hart,81,33.4,9.4,4.1,0.133,0.164,6.6,55.5,28.8
MIN,23,2023-24,J. Minott,Josh Minott,32,2.9,1.6,0.3,0.173,0.119,6.0,3.9,2.3
PHX,23,2023-24,J. Okogie,Josh Okogie,60,16.0,4.6,1.1,0.125,0.091,1.3,18.4,10.1
MIA,23,2023-24,J. Richardson,Josh Richardson,43,25.6,9.9,2.4,0.159,0.144,-5.0,42.2,20.2
LAC,23,2023-24,J. Primo,Joshua Primo,2,5.1,1.0,0.0,0.259,0.0,-12.9,2.5,2.0
BOS,23,2023-24,J. Holiday,Jrue Holiday,69,32.8,12.5,4.8,0.161,0.196,9.7,53.8,20.9
SAC,23,2023-24,J. Toscano-Anderson,Juan Toscano-Anderson,11,4.8,0.6,0.4,0.106,0.108,-0.1,6.8,3.6
WAS,23,2023-24,J. Bernard,Jules Bernard,19,7.9,3.9,0.8,0.189,0.142,6.3,11.9,5.8
SAS,23,2023-24,J. Champagnie,Julian Champagnie,74,19.8,6.8,1.4,0.14,0.093,-4.5,25.5,14.0
CHI,23,2023-24,J. Phillips,Julian Phillips,40,8.1,2.2,0.3,0.121,0.052,0.4,8.1,4.9
DEN,23,2023-24,J. Strawther,Julian Strawther,50,10.9,4.5,0.9,0.193,0.123,-9.8,16.0,11.0
NYK,23,2023-24,J. Randle,Julius Randle,46,35.4,24.0,5.0,0.287,0.217,6.0,72.5,48.6
WAS,23,2023-24,J. Champagnie,Justin Champagnie,15,15.7,5.9,1.3,0.162,0.112,-11.1,23.5,10.8
DEN,23,2023-24,J. Holiday,Justin Holiday,58,14.9,4.0,1.2,0.104,0.098,3.7,15.0,9.9
MIN,23,2023-24,J. Jackson,Justin Jackson,2,0.4,0.0,0.0,0.0,0.0,0.0,0.0,0.0
POR,23,2023-24,J. Minaya,Justin Minaya,34,11.2,1.8,0.6,0.093,0.08,-8.6,12.9,7.9
PHX,23,2023-24,J. Nurkić,Jusuf Nurkić,76,27.3,10.9,4.0,0.187,0.186,9.2,55.5,30.6
PHI,23,2023-24,K. Martin,KJ Martin,60,12.4,3.7,0.9,0.127,0.094,0.2,14.7,8.4
NOP,23,2023-24,K. Gates,Kaiser Gates,1,7.4,0.0,0.0,0.222,0.0,-7.0,14.0,7.0
MIN,23,2023-24,K. Towns,Karl-Anthony Towns,62,32.7,21.8,3.0,0.268,0.147,7.2,53.2,36.2
LAC,23,2023-24,K. Leonard,Kawhi Leonard,68,34.3,23.7,3.6,0.261,0.165,8.2,53.7,34.3
SAC,23,2023-24,K. Murray,Keegan Murray,77,33.6,15.2,1.7,0.178,0.068,2.7,43.2,30.7
BKN,23,2023-24,K. Bates-Diop,Keita Bates-Diop,53,12.5,3.7,0.7,0.128,0.084,-3.8,13.3,6.9
SAS,23,2023-24,K. Johnson,Keldon Johnson,69,29.5,15.7,2.8,0.212,0.142,-7.7,49.8,25.7
TOR,23,2023-24,K. Olynyk,Kelly Olynyk,78,22.5,9.8,4.4,0.171,0.275,-7.3,47.4,27.3
PHI,23,2023-24,K. Oubre Jr.,Kelly Oubre Jr.,68,30.2,15.4,1.5,0.22,0.072,0.1,40.0,24.6
IND,23,2023-24,K. Brown,Kendall Brown,15,4.2,1.4,0.3,0.135,0.135,-19.5,5.1,3.1
UTA,23,2023-24,K. Lofton Jr.,Kenneth Lofton Jr.,21,9.4,4.6,1.6,0.207,0.25,-1.8,14.3,10.3
OKC,23,2023-24,K. Williams,Kenrich Williams,69,14.9,4.7,1.3,0.132,0.12,8.4,19.4,11.3
DEN,23,2023-24,K. Caldwell-Pope,Kentavious Caldwell-Pope,76,31.6,10.1,2.4,0.126,0.09,11.3,36.3,24.6
SAC,23,2023-24,K. Ellis,Keon Ellis,57,17.2,5.4,1.5,0.123,0.115,5.5,26.7,13.4
BKN,23,2023-24,K. Johnson,Keon Johnson,5,12.3,6.2,0.6,0.212,0.071,-19.5,22.0,8.8
SAC,23,2023-24,K. Edwards,Kessler Edwards,54,5.1,1.7,0.3,0.134,0.084,-6.3,6.8,4.0
PHX,23,2023-24,K. Durant,Kevin Durant,75,37.2,27.1,5.0,0.283,0.213,4.8,71.0,42.7
SAC,23,2023-24,K. Huerter,Kevin Huerter,64,24.4,10.2,2.6,0.173,0.138,2.5,36.8,25.2
POR,23,2023-24,K. Knox II,Kevin Knox II,31,18.1,7.2,0.7,0.157,0.057,-7.8,20.0,11.2
MIA,23,2023-24,K. Love,Kevin Love,55,16.8,8.8,2.1,0.21,0.189,6.5,36.8,19.5
ORL,23,2023-24,K. Harris,Kevon Harris,2,3.0,2.0,0.5,0.286,0.2,9.5,4.0,1.5
GSW,23,2023-24,K. Looney,Kevon Looney,74,16.1,4.5,1.8,0.11,0.148,1.4,28.8,18.0
OKC,23,2023-24,K. Johnson,Keyontae Johnson,9,7.4,1.2,0.4,0.128,0.085,-5.8,8.9,4.6
UTA,23,2023-24,K. George,Keyonte George,75,27.0,13.0,4.4,0.224,0.244,-9.3,63.0,24.3
MIL,23,2023-24,K. Middleton,Khris Middleton,55,27.0,15.1,5.3,0.23,0.272,3.4,50.3,26.0
DET,23,2023-24,K. Hayes,Killian Hayes,42,24.0,6.9,4.9,0.147,0.268,-11.1,48.5,18.6
UTA,23,2023-24,K. Lewis Jr.,Kira Lewis Jr.,28,9.4,3.2,1.3,0.178,0.223,-11.4,18.6,7.7
GSW,23,2023-24,K. Thompson,Klay Thompson,77,29.7,17.9,2.3,0.234,0.11,-0.3,39.0,28.5
LAC,23,2023-24,K. Brown,Kobe Brown,44,9.0,2.0,0.6,0.104,0.085,-10.5,12.1,5.8
ATL,23,2023-24,K. Bufkin,Kobe Bufkin,17,11.5,4.8,1.6,0.221,0.233,-7.9,24.4,9.7
TOR,23,2023-24,K. Simmons,Kobi Simmons,4,16.9,5.0,3.0,0.141,0.3,-22.3,35.3,15.0
UTA,23,2023-24,K. Dunn,Kris Dunn,66,18.9,5.4,3.8,0.132,0.25,0.4,40.3,15.6
POR,23,2023-24,K. Murray,Kris Murray,62,21.7,6.1,1.3,0.136,0.083,-6.0,25.1,15.0
BOS,23,2023-24,K. Porziņģis,Kristaps Porziņģis,57,29.6,20.1,2.0,0.247,0.098,11.2,46.9,31.7
MIN,23,2023-24,K. Anderson,Kyle Anderson,79,22.6,6.4,4.2,0.14,0.264,5.1,39.7,22.9
WAS,23,2023-24,K. Kuzma,Kyle Kuzma,70,32.6,22.2,4.2,0.295,0.201,-11.0,57.9,35.0
PHI,23,2023-24,K. Lowry,Kyle Lowry,60,28.2,8.1,4.2,0.128,0.212,-0.3,56.2,25.2
DAL,23,2023-24,K. Irving,Kyrie Irving,58,35.0,25.6,5.2,0.274,0.225,6.9,70.7,30.4
CHA,23,2023-24,L. Ball,LaMelo Ball,22,32.3,23.9,8.0,0.315,0.395,-8.4,83.8,29.2
MEM,23,2023-24,L. Stevens,Lamar Stevens,38,14.7,7.2,0.7,0.213,0.085,1.3,22.9,11.9
WAS,23,2023-24,L. Shamet,Landry Shamet,46,15.8,7.1,1.2,0.181,0.104,-9.9,21.9,13.1
NOP,23,2023-24,L. Nance Jr.,Larry Nance Jr.,61,19.9,5.7,1.9,0.112,0.129,3.3,29.7,18.4
UTA,23,2023-24,L. Markkanen,Lauri Markkanen,55,33.1,23.2,2.0,0.241,0.09,0.6,50.7,31.0
LAL,23,2023-24,L. James,LeBron James,71,35.3,25.7,8.3,0.285,0.358,3.8,76.9,35.2
CHA,23,2023-24,L. Black,Leaky Black,26,10.9,2.7,0.9,0.099,0.117,-4.0,13.3,7.8
MIN,23,2023-24,L. Miller,Leonard Miller,17,3.1,1.7,0.5,0.157,0.2,3.2,5.9,2.7
GSW,23,2023-24,L. Quinones,Lester Quinones,37,10.7,4.4,1.0,0.171,0.126,0.6,17.9,9.7
MIL,23,2023-24,L. Wigginton,Lindell Wigginton,3,2.5,2.0,0.0,0.412,0.0,-66.5,4.7,3.0
OKC,23,2023-24,L. Waters III,Lindy Waters III,38,7.4,3.6,0.6,0.167,0.132,-7.7,11.1,6.6
BKN,23,2023-24,L. Walker IV,Lonnie Walker IV,58,17.4,9.7,1.3,0.235,0.113,-0.6,24.0,14.3
OKC,23,2023-24,L. Dort,Luguentz Dort,79,28.4,10.9,1.4,0.152,0.061,7.8,27.5,17.3
DAL,23,2023-24,L. Dončić,Luka Dončić,70,37.5,33.9,9.8,0.355,0.428,5.8,91.8,35.8
MIN,23,2023-24,L. Garza,Luka Garza,25,4.9,4.0,0.2,0.278,0.05,-0.6,8.5,5.5
UTA,23,2023-24,L. Samanic,Luka Samanic,43,9.4,4.1,0.4,0.21,0.071,-5.5,13.3,7.4
MEM,23,2023-24,L. Kennard,Luke Kennard,39,25.6,11.0,3.5,0.166,0.212,-8.8,42.4,27.1
BOS,23,2023-24,L. Kornet,Luke Kornet,63,15.6,5.3,1.1,0.107,0.089,12.1,16.9,11.5
DET,23,2023-24,M. Flynn,Malachi Flynn,69,12.7,5.5,1.9,0.199,0.231,-9.8,28.8,12.0
SAS,23,2023-24,M. Branham,Malaki Branham,75,21.3,9.2,2.1,0.192,0.142,-11.1,34.2,18.2
POR,23,2023-24,M. Brogdon,Malcolm Brogdon,39,28.7,15.7,5.5,0.226,0.301,-3.7,59.3,25.1
DET,23,2023-24,M. Cazalon,Malcolm Cazalon,1,2.6,0.0,0.0,0.0,0.0,83.3,1.0,0.0
MIL,23,2023-24,M. Beasley,Malik Beasley,79,29.6,11.3,1.4,0.142,0.059,5.8,31.2,18.6
SAC,23,2023-24,M. Monk,Malik Monk,72,26.0,15.4,5.1,0.247,0.29,0.1,52.8,30.6
TOR,23,2023-24,M. Williams,Malik Williams,7,15.2,2.7,0.3,0.148,0.029,-24.9,20.4,12.4
NYK,23,2023-24,M. Diakite,Mamadi Diakite,6,4.1,2.0,0.3,0.175,0.167,7.5,6.7,4.2
MEM,23,2023-24,M. Pereira,Maozinha Pereira,7,17.4,6.9,0.3,0.143,0.027,2.7,22.4,11.6
MIL,23,2023-24,M. Beauchamp,MarJon Beauchamp,48,12.7,4.4,0.6,0.141,0.067,-1.0,12.7,7.7
CLE,23,2023-24,M. Morris Sr.,Marcus Morris Sr.,49,16.7,6.4,0.7,0.162,0.066,-3.9,20.8,12.7
DET,23,2023-24,M. Sasser,Marcus Sasser,71,19.0,8.3,3.3,0.195,0.263,-8.7,38.4,16.0
MEM,23,2023-24,M. Smart,Marcus Smart,20,30.2,14.5,4.3,0.225,0.211,-0.8,52.4,23.8
CHA,23,2023-24,M. Williams,Mark Williams,19,26.8,12.7,1.2,0.162,0.059,-1.2,33.2,17.6
ORL,23,2023-24,M. Fultz,Markelle Fultz,43,21.2,7.8,2.8,0.182,0.194,0.6,39.8,16.3
DAL,23,2023-24,M. Morris,Markieff Morris,26,8.3,2.5,0.6,0.153,0.106,-15.3,11.6,6.8
TOR,23,2023-24,M. Nowell,Markquis Nowell,1,3.5,2.0,2.0,0.222,1.0,66.1,9.0,5.0
CHA,23,2023-24,M. Bolden,Marques Bolden,11,11.0,3.4,0.4,0.108,0.051,-8.5,13.0,6.4
WAS,23,2023-24,M. Bagley III,Marvin Bagley III,50,21.1,11.7,1.1,0.204,0.079,-6.0,33.1,19.0
SAC,23,2023-24,M. Jones,Mason Jones,5,5.5,1.4,1.0,0.155,0.278,-8.9,13.6,6.2
LAC,23,2023-24,M. Plumlee,Mason Plumlee,46,14.7,5.3,1.2,0.147,0.107,0.3,24.8,12.1
POR,23,2023-24,M. Thybulle,Matisse Thybulle,65,22.9,5.4,1.4,0.105,0.083,-7.4,26.8,14.7
MEM,23,2023-24,M. Hurt,Matt Hurt,8,14.2,4.0,0.5,0.134,0.062,-6.0,16.8,10.6
NOP,23,2023-24,M. Ryan,Matt Ryan,28,13.9,5.4,0.6,0.144,0.064,1.4,16.8,10.8
LAL,23,2023-24,M. Christie,Max Christie,67,14.1,4.2,0.9,0.132,0.084,-1.1,17.6,7.9
CLE,23,2023-24,M. Strus,Max Strus,70,32.0,12.2,4.0,0.167,0.166,5.6,55.1,34.1
DAL,23,2023-24,M. Kleber,Maxi Kleber,43,20.3,4.4,1.6,0.096,0.099,6.6,23.8,14.5
LAL,23,2023-24,M. Lewis,Maxwell Lewis,34,3.0,0.3,0.2,0.127,0.109,-32.6,2.7,1.6
UTA,23,2023-24,M. Potter,Micah Potter,16,11.6,3.3,0.4,0.109,0.046,-8.4,13.1,6.4
DEN,23,2023-24,M. Porter Jr.,Michael Porter Jr.,81,31.7,16.7,1.5,0.202,0.064,8.1,41.6,26.3
BKN,23,2023-24,M. Bridges,Mikal Bridges,82,34.8,19.6,3.6,0.238,0.163,-3.3,57.7,36.9
MIN,23,2023-24,M. Conley,Mike Conley,76,28.9,11.4,5.9,0.157,0.29,5.7,66.5,29.2
OKC,23,2023-24,M. Muscala,Mike Muscala,53,11.3,3.0,0.7,0.132,0.082,-7.6,16.4,9.5
CHA,23,2023-24,M. Bridges,Miles Bridges,69,37.4,21.0,3.3,0.242,0.146,-12.1,65.5,37.5
NYK,23,2023-24,M. McBride,Miles McBride,68,19.5,8.3,1.7,0.164,0.131,0.0,32.7,15.2
NYK,23,2023-24,M. Robinson,Mitchell Robinson,31,24.8,5.6,0.6,0.099,0.031,1.1,26.1,13.7
PHI,23,2023-24,M. Bamba,Mo Bamba,57,13.0,4.4,0.7,0.149,0.083,-3.0,19.8,11.4
MIN,23,2023-24,M. Morris,Monte Morris,33,14.4,5.0,2.1,0.151,0.199,9.4,28.3,12.2
ORL,23,2023-24,M. Wagner,Moritz Wagner,80,17.7,10.9,1.2,0.22,0.109,3.1,28.6,19.7
POR,23,2023-24,M. Brown,Moses Brown,22,9.1,3.4,0.3,0.176,0.057,-14.4,14.7,7.5
GSW,23,2023-24,M. Moody,Moses Moody,66,17.5,8.1,0.9,0.176,0.07,3.1,20.2,13.9
TOR,23,2023-24,M. Gueye,Mouhamadou Gueye,11,10.9,2.4,0.5,0.189,0.081,-30.9,16.9,11.7
ATL,23,2023-24,M. Gueye,Mouhamed Gueye,6,12.1,4.0,0.7,0.144,0.091,-25.2,20.8,10.7
LAC,23,2023-24,M. Diabaté,Moussa Diabaté,11,5.8,2.6,0.4,0.171,0.089,-3.4,8.5,4.7
IND,23,2023-24,M. Turner,Myles Turner,77,27.0,17.1,1.3,0.234,0.065,5.1,36.8,27.4
NOP,23,2023-24,N. Marshall,Naji Marshall,66,19.0,7.1,1.9,0.158,0.139,8.7,32.4,15.5
PHX,23,2023-24,N. Little,Nassir Little,45,10.2,3.4,0.5,0.132,0.068,-9.5,12.3,6.8
HOU,23,2023-24,N. Hinton,Nate Hinton,15,5.0,2.2,0.7,0.156,0.159,9.3,8.7,3.7
HOU,23,2023-24,N. Williams,Nate Williams,22,5.9,2.9,0.3,0.173,0.07,6.9,7.3,4.2
CHA,23,2023-24,N. Mensah,Nathan Mensah,25,12.3,1.3,0.4,0.068,0.043,-19.6,7.8,3.9
MIN,23,2023-24,N. Reid,Naz Reid,81,24.2,13.5,1.3,0.223,0.085,5.7,39.7,23.0
BOS,23,2023-24,N. Queta,Neemias Queta,28,11.9,5.5,0.7,0.16,0.078,20.4,13.9,8.9
BKN,23,2023-24,N. Claxton,Nic Claxton,71,29.8,11.8,2.1,0.156,0.107,-5.6,45.1,27.5
CHA,23,2023-24,N. Richards,Nick Richards,67,26.2,9.7,0.8,0.131,0.046,-11.9,28.0,14.0
CHA,23,2023-24,N. Smith Jr.,Nick Smith Jr.,51,14.3,5.9,1.2,0.202,0.134,-12.4,23.4,12.2
MIN,23,2023-24,N. Alexander-Walker,Nickeil Alexander-Walker,82,23.4,8.0,2.5,0.143,0.145,7.6,39.1,16.9
PHI,23,2023-24,N. Batum,Nicolas Batum,60,25.5,5.3,2.1,0.085,0.105,5.6,31.6,18.5
DEN,23,2023-24,N. Jokić,Nikola Jokić,79,34.6,26.4,9.0,0.288,0.391,11.8,101.1,55.4
MIA,23,2023-24,N. Jović,Nikola Jović,46,19.5,7.7,2.0,0.171,0.14,7.8,31.4,16.3
CHI,23,2023-24,N. Vučević,Nikola Vučević,76,34.3,18.0,3.3,0.233,0.153,-3.1,63.9,46.9
BKN,23,2023-24,N. Clowney,Noah Clowney,23,16.1,5.8,0.8,0.137,0.074,-6.9,19.4,11.8
LAC,23,2023-24,N. Powell,Norman Powell,76,26.2,13.9,1.1,0.193,0.059,5.1,27.3,17.5
NYK,23,2023-24,O. Anunoby,OG Anunoby,50,34.0,14.7,2.1,0.173,0.084,10.9,40.9,29.5
IND,23,2023-24,O. Toppin,Obi Toppin,82,21.1,10.3,1.6,0.16,0.091,3.6,32.4,18.6
TOR,23,2023-24,O. Agbaji,Ochai Agbaji,78,21.0,5.8,1.1,0.131,0.068,-7.1,23.3,13.8
OKC,23,2023-24,O. Sarr,Olivier Sarr,15,6.5,2.3,0.1,0.124,0.029,1.0,9.4,4.6
DAL,23,2023-24,O. Prosper,Olivier-Maxence Prosper,40,8.4,3.0,0.6,0.153,0.095,-13.2,10.2,5.0
UTA,23,2023-24,O. Yurtseven,Omer Yurtseven,48,11.4,4.6,0.6,0.173,0.084,-12.8,19.3,10.8
CHI,23,2023-24,O. Bitim,Onuralp Bitim,23,11.7,3.5,0.6,0.149,0.069,-8.5,14.1,8.9
ATL,23,2023-24,O. Okongwu,Onyeka Okongwu,55,25.5,10.2,1.3,0.134,0.071,-0.9,28.5,19.4
MIA,23,2023-24,O. Robinson,Orlando Robinson,36,8.4,2.8,0.9,0.143,0.161,3.5,13.5,8.2
IND,23,2023-24,O. Tshiebwe,Oscar Tshiebwe,8,5.2,3.3,0.3,0.205,0.065,15.9,6.6,4.4
BOS,23,2023-24,O. Brissett,Oshae Brissett,55,11.5,3.7,0.8,0.136,0.089,10.8,15.6,7.1
TOR,23,2023-24,O. Porter Jr.,Otto Porter Jr.,15,11.6,2.6,0.5,0.083,0.058,4.7,14.0,7.5
OKC,23,2023-24,O. Dieng,Ousmane Dieng,33,11.1,4.0,1.1,0.167,0.144,1.1,14.8,10.2
LAC,23,2023-24,P. Tucker,P.J. Tucker,31,15.7,1.7,0.5,0.052,0.041,-1.3,13.4,6.1
DAL,23,2023-24,P. Washington,P.J. Washington,73,30.4,12.9,1.9,0.185,0.087,-2.8,46.0,23.9
ORL,23,2023-24,P. Banchero,Paolo Banchero,80,35.0,22.6,5.4,0.292,0.254,0.0,76.4,37.3
IND,23,2023-24,P. Siakam,Pascal Siakam,80,33.2,21.7,4.3,0.25,0.189,2.2,58.3,35.6
MIL,23,2023-24,P. Connaughton,Pat Connaughton,76,22.1,5.6,2.1,0.106,0.123,-0.8,31.6,16.3
GSW,23,2023-24,P. Spencer,Pat Spencer,6,4.3,0.7,0.8,0.077,0.278,-14.7,8.2,4.8
WAS,23,2023-24,P. Baldwin Jr.,Patrick Baldwin Jr.,38,13.0,4.4,0.8,0.153,0.078,-2.5,18.3,9.2
MIL,23,2023-24,P. Beverley,Patrick Beverley,73,20.0,6.2,2.9,0.141,0.205,-1.6,40.5,17.3
CHI,23,2023-24,P. Williams,Patrick Williams,43,27.3,10.0,1.5,0.163,0.077,-1.2,38.3,20.5
MIA,23,2023-24,P. Mills,Patty Mills,32,13.0,4.0,1.1,0.152,0.108,0.3,16.1,10.8
LAC,23,2023-24,P. George,Paul George,74,33.8,22.6,3.5,0.264,0.157,9.1,56.8,30.0
PHI,23,2023-24,P. Reed,Paul Reed,82,19.4,7.3,1.3,0.156,0.095,4.2,28.0,16.5
BOS,23,2023-24,P. Pritchard,Payton Pritchard,82,22.3,9.6,3.4,0.168,0.208,13.6,41.5,16.6
CLE,23,2023-24,P. Nance,Pete Nance,8,3.4,0.4,0.0,0.138,0.0,-42.2,3.5,2.1
DEN,23,2023-24,P. Watson,Peyton Watson,80,18.6,6.7,1.1,0.16,0.081,-0.7,26.7,12.8
NYK,23,2023-24,P. Achiuwa,Precious Achiuwa,74,21.9,7.6,1.3,0.158,0.088,-1.0,32.9,19.6
DET,23,2023-24,Q. Grimes,Quentin Grimes,51,20.1,7.0,1.3,0.155,0.094,-0.9,24.2,17.4
IND,23,2023-24,Q. Jackson,Quenton Jackson,3,3.5,0.7,0.7,0.083,0.286,0.0,7.7,2.3
MIA,23,2023-24,R. Hampton,R.J. Hampton,8,9.5,1.3,1.0,0.098,0.127,10.6,14.1,7.1
TOR,23,2023-24,R. Barrett,RJ Barrett,58,31.7,20.2,3.3,0.257,0.159,-3.3,53.0,32.3
SAS,23,2023-24,R. Gray,RaiQuan Gray,3,13.0,7.7,2.0,0.2,0.207,15.7,20.3,14.3
POR,23,2023-24,R. Rupert,Rayan Rupert,39,16.2,4.0,1.6,0.131,0.131,-9.8,23.5,13.9
HOU,23,2023-24,R. Bullock Jr.,Reggie Bullock Jr.,44,9.5,2.2,0.3,0.091,0.047,-5.2,10.7,5.5
DEN,23,2023-24,R. Jackson,Reggie Jackson,82,22.2,10.2,3.8,0.209,0.24,1.4,46.1,19.8
WAS,23,2023-24,R. Holmes,Richaun Holmes,40,13.9,5.0,0.6,0.141,0.062,-7.7,18.3,11.0
PHI,23,2023-24,R. Council IV,Ricky Council IV,32,9.0,5.4,0.5,0.208,0.08,2.7,11.4,6.9
PHI,23,2023-24,R. Covington,Robert Covington,29,16.8,4.4,0.8,0.104,0.064,12.1,21.7,9.9
POR,23,2023-24,R. Williams III,Robert Williams III,6,19.8,6.8,0.8,0.122,0.065,-13.3,21.8,12.5
MIL,23,2023-24,R. Lopez,Robin Lopez,16,4.0,1.1,0.3,0.139,0.087,-20.1,4.4,3.9
TOR,23,2023-24,R. Harper Jr.,Ron Harper Jr.,1,3.7,0.0,1.0,0.0,0.333,-88.9,4.0,4.0
PHX,23,2023-24,R. O'Neale,Royce O'Neale,79,24.7,7.7,2.8,0.134,0.149,3.2,43.8,21.3
MIN,23,2023-24,R. Gobert,Rudy Gobert,76,34.1,14.0,1.3,0.152,0.057,8.0,45.9,24.8
LAL,23,2023-24,R. Hachimura,Rui Hachimura,68,26.8,13.6,1.2,0.182,0.061,2.5,32.3,18.6
LAC,23,2023-24,R. Westbrook,Russell Westbrook,68,22.5,11.1,4.5,0.239,0.285,3.7,44.7,17.1
NYK,23,2023-24,R. Arcidiacono,Ryan Arcidiacono,20,2.3,0.0,0.2,0.074,0.133,2.1,3.0,1.5
MIL,23,2023-24,R. Rollins,Ryan Rollins,13,6.0,3.4,1.1,0.214,0.209,35.4,11.6,4.4
PHX,23,2023-24,S. Lee,Saben Lee,24,7.7,3.0,1.3,0.186,0.248,4.1,15.1,6.0
ATL,23,2023-24,S. Bey,Saddiq Bey,63,32.7,13.7,1.5,0.163,0.058,-0.5,40.0,23.1
BOS,23,2023-24,S. Hauser,Sam Hauser,79,22.0,9.0,1.0,0.146,0.062,14.2,26.2,14.8
CLE,23,2023-24,S. Merrill,Sam Merrill,61,17.5,8.0,1.8,0.17,0.149,-0.3,25.2,18.3
SAS,23,2023-24,S. Mamukelashvili,Sandro Mamukelashvili,46,9.8,4.1,1.1,0.169,0.158,4.1,16.8,8.9
MEM,23,2023-24,S. Aldama,Santi Aldama,61,26.5,10.7,2.3,0.177,0.134,-8.3,44.2,25.4
SAC,23,2023-24,S. Vezenkov,Sasha Vezenkov,42,12.2,5.4,0.5,0.171,0.051,1.3,17.5,11.1
POR,23,2023-24,S. Henderson,Scoot Henderson,62,28.5,14.0,5.4,0.26,0.3,-13.0,67.7,26.4
TOR,23,2023-24,S. Barnes,Scottie Barnes,60,34.9,19.9,6.1,0.24,0.253,-3.2,75.1,38.7
MEM,23,2023-24,S. Pippen Jr.,Scotty Pippen Jr.,21,25.1,12.9,4.7,0.227,0.31,-7.5,54.9,23.6
CHA,23,2023-24,S. Curry,Seth Curry,44,14.0,5.1,1.0,0.159,0.1,3.1,19.8,11.0
ATL,23,2023-24,S. Lundy,Seth Lundy,9,5.8,1.6,0.0,0.168,0.0,-11.7,5.9,3.2
POR,23,2023-24,S. Sharpe,Shaedon Sharpe,32,33.1,15.9,2.9,0.22,0.138,-10.3,48.8,26.4
OKC,23,2023-24,S. Gilgeous-Alexander,Shai Gilgeous-Alexander,75,34.0,30.1,6.2,0.317,0.287,11.3,71.0,23.1
NYK,23,2023-24,S. Milton,Shake Milton,48,12.1,4.5,1.3,0.173,0.149,-4.8,20.8,10.8
MEM,23,2023-24,S. Harrison,Shaquille Harrison,3,2.0,0.7,0.0,0.154,0.0,-75.3,3.3,1.0
SAS,23,2023-24,S. Cissoko,Sidy Cissoko,12,11.7,3.8,0.8,0.124,0.095,8.7,13.9,7.9
DET,23,2023-24,S. Fontecchio,Simone Fontecchio,66,24.9,10.5,1.5,0.159,0.084,-1.5,31.0,19.0
LAL,23,2023-24,S. Mays,Skylar Mays,38,11.4,4.1,2.2,0.179,0.293,-10.5,24.5,9.6
LAL,23,2023-24,S. Dinwiddie,Spencer Dinwiddie,76,28.3,10.5,4.7,0.161,0.217,1.6,47.4,18.3
DET,23,2023-24,S. Umude,Stanley Umude,24,12.8,5.3,0.5,0.15,0.053,-9.7,11.0,7.0
GSW,23,2023-24,S. Curry,Stephen Curry,74,32.7,26.4,5.1,0.302,0.241,2.7,68.4,27.1
BOS,23,2023-24,S. Mykhailiuk,Svi Mykhailiuk,41,10.1,4.0,0.9,0.156,0.104,18.5,12.3,7.4
IND,23,2023-24,T. McConnell,T.J. McConnell,71,18.2,10.2,5.5,0.229,0.406,3.7,52.4,18.8
MIN,23,2023-24,T. Warren,T.J. Warren,11,11.3,3.7,0.8,0.148,0.088,17.2,12.6,8.5
DET,23,2023-24,T. Gibson,Taj Gibson,20,10.2,1.7,0.6,0.092,0.071,-5.3,9.9,5.1
UTA,23,2023-24,T. Horton-Tucker,Talen Horton-Tucker,51,19.8,10.1,3.5,0.234,0.265,-5.4,45.8,19.0
HOU,23,2023-24,T. Eason,Tari Eason,22,21.8,9.8,1.2,0.188,0.087,9.4,31.7,14.0
LAL,23,2023-24,T. Prince,Taurean Prince,78,27.0,8.9,1.5,0.134,0.073,-2.6,25.3,15.4
UTA,23,2023-24,T. Hendricks,Taylor Hendricks,40,21.4,7.3,0.8,0.135,0.051,-8.1,21.6,11.7
POR,23,2023-24,T. Moore,Taze Moore,4,10.1,4.5,1.3,0.209,0.208,-26.6,19.0,10.0
LAC,23,2023-24,T. Mann,Terance Mann,75,25.0,8.8,1.6,0.135,0.086,1.9,29.2,15.8
PHI,23,2023-24,T. Smith,Terquavion Smith,16,5.3,3.3,0.8,0.242,0.194,-5.9,10.9,4.0
MIA,23,2023-24,T. Rozier,Terry Rozier,61,33.4,19.8,5.6,0.253,0.268,-7.0,75.1,32.9
CHI,23,2023-24,T. Taylor,Terry Taylor,31,6.1,1.5,0.3,0.108,0.068,2.7,6.5,4.0
PHX,23,2023-24,T. Young,Thaddeus Young,33,13.3,4.2,1.7,0.125,0.178,-3.9,24.0,14.1
MIL,23,2023-24,T. Antetokounmpo,Thanasis Antetokounmpo,34,4.6,0.9,0.5,0.125,0.156,-12.8,4.9,3.3
PHX,23,2023-24,T. Maledon,Theo Maledon,17,12.5,3.5,1.6,0.173,0.174,-13.8,24.4,11.6
MIA,23,2023-24,T. Bryant,Thomas Bryant,38,11.6,5.7,0.6,0.187,0.079,2.1,17.3,9.6
DAL,23,2023-24,T. Hardaway Jr.,Tim Hardaway Jr.,79,26.8,14.4,1.8,0.22,0.094,-0.1,39.0,21.0
MEM,23,2023-24,T. Allen,Timmy Allen,5,25.1,2.6,1.0,0.084,0.06,-21.8,27.0,12.6
PHI,23,2023-24,T. Harris,Tobias Harris,70,33.8,17.2,3.1,0.203,0.136,4.6,53.8,29.6
CHI,23,2023-24,T. Craig,Torrey Craig,53,19.8,5.7,1.1,0.121,0.074,-7.3,27.7,13.8
DET,23,2023-24,T. Evbuomwan,Tosan Evbuomwan,17,21.6,5.9,0.9,0.108,0.063,-15.6,19.7,12.8
POR,23,2023-24,T. Camara,Toumani Camara,70,24.8,7.5,1.2,0.134,0.072,-4.6,31.0,16.7
ATL,23,2023-24,T. Young,Trae Young,54,36.0,25.7,10.8,0.289,0.435,-2.5,85.5,27.6
GSW,23,2023-24,T. Jackson-Davis,Trayce Jackson-Davis,68,16.6,7.9,1.2,0.157,0.103,1.1,27.3,16.8
SAS,23,2023-24,T. Jones,Tre Jones,77,27.8,10.0,6.2,0.149,0.298,-0.9,63.0,19.0
CHA,23,2023-24,T. Mann,Tre Mann,41,24.1,9.3,4.0,0.183,0.249,-7.0,44.1,16.7
BKN,23,2023-24,T. Watford,Trendon Watford,63,13.6,6.9,1.3,0.203,0.148,-3.8,27.9,11.9
ATL,23,2023-24,T. Forrest,Trent Forrest,38,10.9,2.2,2.4,0.122,0.311,-11.0,22.7,7.7
ORL,23,2023-24,T. Queen,Trevelin Queen,14,11.8,2.9,1.3,0.137,0.165,0.2,12.5,7.3
MEM,23,2023-24,T. Jemison III,Trey Jemison III,25,23.0,6.8,1.1,0.132,0.069,-7.3,27.8,18.6
SAC,23,2023-24,T. Lyles,Trey Lyles,58,20.0,7.2,1.2,0.139,0.079,7.7,29.4,16.2
NOP,23,2023-24,T. Murphy III,Trey Murphy III,57,29.7,14.8,2.2,0.182,0.104,7.0,41.3,26.2
CLE,23,2023-24,T. Thompson,Tristan Thompson,49,11.2,3.3,1.0,0.132,0.134,-0.5,15.8,10.4
WAS,23,2023-24,T. Vukcevic,Tristan Vukcevic,10,15.3,8.5,1.3,0.233,0.12,10.4,23.0,14.1
DET,23,2023-24,T. Brown Jr.,Troy Brown Jr.,59,14.0,4.2,1.0,0.139,0.102,-7.7,16.7,9.8
CLE,23,2023-24,T. Jerome,Ty Jerome,2,7.4,2.0,1.5,0.147,0.273,-37.1,15.5,6.5
MIL,23,2023-24,T. Washington Jr.,TyTy Washington Jr.,11,5.1,1.3,0.5,0.165,0.161,-14.3,11.9,5.3
MIA,23,2023-24,T. Herro,Tyler Herro,42,33.5,20.8,4.5,0.268,0.218,1.0,65.1,33.7
IND,23,2023-24,T. Haliburton,Tyrese Haliburton,69,32.2,20.1,10.9,0.239,0.444,6.2,90.9,30.5
PHI,23,2023-24,T. Maxey,Tyrese Maxey,70,37.5,25.9,6.2,0.273,0.257,5.2,87.4,35.5
WAS,23,2023-24,T. Jones,Tyus Jones,66,29.3,12.0,7.3,0.161,0.331,-11.9,68.2,26.7
PHX,23,2023-24,U. Azubuike,Udoka Azubuike,16,7.1,2.2,0.2,0.121,0.038,-21.1,6.4,3.8
GSW,23,2023-24,U. Garuba,Usman Garuba,6,3.0,0.5,0.2,0.18,0.125,-39.7,7.7,4.3
CHA,23,2023-24,V. Micic,Vasilije Micic,60,19.6,7.0,4.4,0.189,0.307,-3.1,38.4,16.4
SAS,23,2023-24,V. Wembanyama,Victor Wembanyama,71,29.7,21.4,3.9,0.312,0.213,-3.2,59.2,39.3
MEM,23,2023-24,V. Williams Jr.,Vince Williams Jr.,52,27.6,10.0,3.4,0.155,0.177,-3.0,45.9,24.3
ATL,23,2023-24,V. Krejčí,Vít Krejčí,22,24.6,6.1,2.3,0.098,0.114,-0.3,28.8,17.0
UTA,23,2023-24,W. Kessler,Walker Kessler,64,23.3,8.1,0.9,0.127,0.058,-4.5,32.1,16.3
ORL,23,2023-24,W. Carter Jr.,Wendell Carter Jr.,55,25.6,11.0,1.7,0.172,0.1,1.1,37.3,23.4
MIN,23,2023-24,W. Moore Jr.,Wendell Moore Jr.,25,3.0,0.7,0.2,0.106,0.094,-4.5,4.5,1.8
BOS,23,2023-24,W. Gabriel,Wenyen Gabriel,5,16.2,3.4,0.6,0.166,0.071,-7.4,20.8,11.0
ATL,23,2023-24,W. Matthews,Wesley Matthews,36,11.5,3.1,0.6,0.118,0.078,-5.6,14.3,7.6
LAC,23,2023-24,X. Moon,Xavier Moon,14,8.5,2.4,1.5,0.174,0.25,-14.0,19.6,7.1
BOS,23,2023-24,X. Tillman,Xavier Tillman,54,18.0,5.3,1.4,0.146,0.116,-2.9,27.6,15.5
MEM,23,2023-24,Y. Watanabe,Yuta Watanabe,34,13.7,3.4,0.4,0.129,0.045,-7.3,14.9,8.6
SAS,23,2023-24,Z. Collins,Zach Collins,69,22.1,11.2,2.8,0.224,0.196,-11.4,39.8,27.2
CHI,23,2023-24,Z. LaVine,Zach LaVine,25,34.9,19.5,3.9,0.238,0.172,-5.4,63.0,28.7
DET,23,2023-24,Z. Simpson,Zavier Simpson,7,23.1,6.0,3.6,0.161,0.231,-8.6,48.9,19.6
DEN,23,2023-24,Z. Nnaji,Zeke Nnaji,58,9.9,3.2,0.6,0.15,0.08,-11.9,11.2,7.9
MEM,23,2023-24,Z. Williams,Ziaire Williams,51,20.3,8.2,1.5,0.192,0.118,-9.9,27.4,16.4
NOP,23,2023-24,Z. Williamson,Zion Williamson,70,31.5,22.9,5.0,0.285,0.256,2.9,62.9,35.3
TOR,24,2024-25,A. Lawson,A.J. Lawson,26,18.7,9.1,1.2,0.189,0.093,-1.4,31.0,16.3
MIL,24,2024-25,A. Green,AJ Green,73,22.7,7.4,1.5,0.123,0.086,6.4,29.3,16.7
WAS,24,2024-25,A. Johnson,AJ Johnson,29,22.0,7.6,2.6,0.173,0.178,-11.5,40.3,18.4
DEN,24,2024-25,A. Gordon,Aaron Gordon,51,28.4,14.7,3.2,0.186,0.143,9.5,41.9,22.2
HOU,24,2024-25,A. Holiday,Aaron Holiday,62,12.8,5.5,1.3,0.162,0.142,6.7,20.3,9.1
IND,24,2024-25,A. Nesmith,Aaron Nesmith,45,24.9,12.0,1.2,0.171,0.063,8.5,38.2,21.9
OKC,24,2024-25,A. Wiggins,Aaron Wiggins,76,22.9,12.0,1.8,0.2,0.102,14.2,32.9,17.1
OKC,24,2024-25,A. Flagler,Adam Flagler,37,5.5,1.8,0.3,0.207,0.094,2.3,8.5,4.9
CHI,24,2024-25,A. Sanogo,Adama Sanogo,4,5.4,2.0,0.3,0.145,0.067,-18.1,5.3,4.3
PHI,24,2024-25,A. Bona,Adem Bona,58,15.6,5.8,0.5,0.135,0.043,-6.6,18.2,10.4
OKC,24,2024-25,A. Mitchell,Ajay Mitchell,36,16.6,6.5,1.8,0.159,0.153,9.7,26.8,13.0
BOS,24,2024-25,A. Horford,Al Horford,60,27.6,9.0,2.1,0.136,0.102,11.5,36.4,21.4
MIA,24,2024-25,A. Burks,Alec Burks,49,17.6,7.3,1.1,0.16,0.09,5.9,27.8,13.9
OKC,24,2024-25,A. Caruso,Alex Caruso,54,19.3,7.1,2.5,0.147,0.171,15.0,33.6,16.6
OKC,24,2024-25,A. Ducas,Alex Ducas,21,6.0,1.7,0.2,0.115,0.058,-6.7,5.2,3.8
LAL,24,2024-25,A. Len,Alex Len,46,8.3,1.6,0.8,0.101,0.143,-17.5,12.5,8.2
PHI,24,2024-25,A. Reese,Alex Reese,15,14.4,5.1,0.3,0.123,0.023,5.5,21.3,8.9
WAS,24,2024-25,A. Sarr,Alex Sarr,67,27.1,13.0,2.4,0.23,0.139,-13.7,51.4,31.6
LAC,24,2024-25,A. Williams,Alondes Williams,1,3.7,5.0,1.0,0.286,0.333,85.7,4.0,1.0
HOU,24,2024-25,A. Sengun,Alperen Sengun,76,31.5,19.1,4.9,0.259,0.238,7.6,62.0,43.6
HOU,24,2024-25,A. Thompson,Amen Thompson,69,32.3,14.1,3.8,0.172,0.167,6.3,53.8,21.9
LAC,24,2024-25,A. Coffey,Amir Coffey,72,24.3,9.7,1.1,0.15,0.065,-1.4,25.4,15.6
PHI,24,2024-25,A. Drummond,Andre Drummond,40,18.8,7.3,0.9,0.183,0.07,-15.5,26.2,16.6
MIL,24,2024-25,A. Jackson Jr.,Andre Jackson Jr.,67,14.6,3.4,1.2,0.115,0.109,-1.5,19.3,10.3
IND,24,2024-25,A. Nembhard,Andrew Nembhard,65,28.9,10.0,5.0,0.163,0.225,5.3,58.1,29.7
MIA,24,2024-25,A. Wiggins,Andrew Wiggins,60,30.7,18.0,2.6,0.238,0.137,-2.3,47.5,31.8
POR,24,2024-25,A. Simons,Anfernee Simons,70,32.7,19.3,4.8,0.241,0.241,-4.6,65.1,29.4
ORL,24,2024-25,A. Black,Anthony Black,78,24.2,9.4,3.1,0.19,0.201,-0.9,49.4,21.5
DAL,24,2024-25,A. Davis,Anthony Davis,51,33.4,24.7,3.5,0.301,0.182,0.5,73.7,43.3
MIN,24,2024-25,A. Edwards,Anthony Edwards,79,36.3,27.6,4.5,0.307,0.209,4.8,73.9,37.6
WAS,24,2024-25,A. Gill,Anthony Gill,51,7.8,2.5,0.3,0.124,0.059,-7.8,8.3,4.9
NYK,24,2024-25,A. Watson,Anton Watson,9,2.5,0.9,0.2,0.193,0.125,-15.3,4.3,2.4
NOP,24,2024-25,A. Reeves,Antonio Reeves,44,15.0,6.9,0.9,0.183,0.089,-10.2,17.8,11.9
NYK,24,2024-25,A. Hukporti,Ariel Hukporti,25,8.7,1.9,0.4,0.113,0.075,-12.4,11.3,6.6
LAL,24,2024-25,A. Traore,Armel Traore,9,7.4,1.6,0.1,0.153,0.026,-37.3,11.7,4.1
DET,24,2024-25,A. Thompson,Ausar Thompson,59,22.5,10.1,2.3,0.185,0.139,4.0,32.7,15.8
LAL,24,2024-25,A. Reaves,Austin Reaves,73,34.9,20.2,5.8,0.23,0.241,3.8,79.5,36.5
CHI,24,2024-25,A. Dosunmu,Ayo Dosunmu,46,30.3,12.3,4.5,0.163,0.21,-7.7,56.5,27.1
MIA,24,2024-25,B. Adebayo,Bam Adebayo,78,34.3,18.1,4.3,0.232,0.204,0.1,63.8,38.8
BOS,24,2024-25,B. Scheierman,Baylor Scheierman,31,12.4,3.6,1.1,0.143,0.12,4.1,13.2,7.9
IND,24,2024-25,B. Sheppard,Ben Sheppard,63,19.5,5.3,1.3,0.108,0.087,-2.2,27.7,16.5
LAC,24,2024-25,B. Simmons,Ben Simmons,51,22.0,5.0,5.6,0.133,0.358,-1.8,53.1,19.4
IND,24,2024-25,B. Mathurin,Bennedict Mathurin,72,29.9,16.1,1.9,0.222,0.09,1.6,50.1,31.1
WAS,24,2024-25,B. Coulibaly,Bilal Coulibaly,59,33.0,12.3,3.4,0.175,0.15,-13.8,50.0,28.1
SAS,24,2024-25,B. Biyombo,Bismack Biyombo,28,18.8,5.1,1.1,0.124,0.079,-9.2,26.6,13.4
SAS,24,2024-25,B. Wesley,Blake Wesley,58,11.8,3.7,2.0,0.165,0.225,0.5,20.6,9.3
MIL,24,2024-25,B. Portis,Bobby Portis,49,25.4,13.9,2.1,0.234,0.126,3.4,49.2,27.7
DET,24,2024-25,B. Klintman,Bobi Klintman,8,5.3,1.9,0.9,0.121,0.212,4.2,9.4,5.6
LAC,24,2024-25,B. Bogdanović,Bogdan Bogdanović,54,25.0,10.8,2.7,0.183,0.152,2.7,39.2,22.0
PHX,24,2024-25,B. Bol,Bol Bol,36,12.5,6.8,0.6,0.204,0.071,-3.9,16.2,9.6
MIN,24,2024-25,B. Hyland,Bones Hyland,24,9.9,6.2,1.3,0.274,0.246,-6.1,21.3,9.0
PHX,24,2024-25,B. Beal,Bradley Beal,53,32.1,17.0,3.7,0.219,0.177,-8.0,61.0,31.1
OKC,24,2024-25,B. Carlson,Branden Carlson,32,7.7,3.8,0.4,0.185,0.077,9.4,11.8,6.7
GSW,24,2024-25,B. Podziemski,Brandin Podziemski,64,26.8,11.7,3.4,0.177,0.194,6.6,56.8,28.6
NOP,24,2024-25,B. Boston,Brandon Boston,42,23.6,10.7,2.2,0.199,0.14,-6.2,44.3,20.0
MEM,24,2024-25,B. Clarke,Brandon Clarke,64,18.9,8.3,1.0,0.15,0.072,8.2,23.5,14.3
TOR,24,2024-25,B. Ingram,Brandon Ingram,18,33.1,22.2,5.2,0.305,0.28,-10.7,70.5,43.8
CHA,24,2024-25,B. Miller,Brandon Miller,27,34.2,21.0,3.6,0.27,0.182,-6.8,70.8,39.0
DAL,24,2024-25,B. Williams,Brandon Williams,33,14.8,8.3,2.3,0.218,0.228,0.7,29.6,10.8
GSW,24,2024-25,B. Key,Braxton Key,3,3.6,1.0,0.0,0.222,0.0,-30.7,8.3,3.0
UTA,24,2024-25,B. Sensabaugh,Brice Sensabaugh,71,20.2,10.9,1.5,0.208,0.117,-9.6,27.5,17.2
LAL,24,2024-25,B. James,Bronny James,27,6.7,2.3,0.8,0.199,0.191,-18.6,11.7,6.0
MIL,24,2024-25,B. Lopez,Brook Lopez,80,31.8,13.0,1.8,0.157,0.078,2.2,38.3,26.3
NOP,24,2024-25,B. Brown,Bruce Brown,41,22.5,8.3,2.0,0.169,0.133,-11.9,36.8,19.5
TOR,24,2024-25,B. Fernando,Bruno Fernando,17,8.6,3.4,1.1,0.182,0.194,-6.1,15.8,10.8
POR,24,2024-25,B. McGowens,Bryce McGowens,13,2.5,1.0,0.2,0.244,0.105,-7.2,5.2,2.2
WAS,24,2024-25,B. Carrington,Bub Carrington,82,30.0,9.8,4.4,0.154,0.213,-15.2,63.2,25.8
GSW,24,2024-25,B. Hield,Buddy Hield,82,22.7,11.1,1.6,0.196,0.106,2.2,40.7,24.6
NOP,24,2024-25,C. McCollum,CJ McCollum,56,32.7,21.1,4.1,0.266,0.192,-7.1,61.1,29.1
DET,24,2024-25,C. Cunningham,Cade Cunningham,70,35.0,26.1,9.1,0.323,0.409,2.8,90.6,35.4
ORL,24,2024-25,C. Houstan,Caleb Houstan,58,13.6,4.1,0.6,0.115,0.066,-4.1,14.1,8.6
DAL,24,2024-25,C. Martin,Caleb Martin,45,27.1,7.9,2.1,0.143,0.116,-6.3,38.0,18.4
LAC,24,2024-25,C. Christie,Cam Christie,13,4.5,1.4,0.5,0.192,0.167,-7.9,6.8,4.1
LAL,24,2024-25,C. Reddish,Cam Reddish,33,17.9,3.2,0.7,0.084,0.049,-8.4,14.6,7.7
MEM,24,2024-25,C. Spencer,Cam Spencer,25,10.1,4.2,1.4,0.148,0.182,6.8,19.1,10.2
BKN,24,2024-25,C. Thomas,Cam Thomas,25,31.2,24.0,3.8,0.328,0.217,-5.7,59.9,39.0
HOU,24,2024-25,C. Whitmore,Cam Whitmore,51,16.2,9.4,1.0,0.231,0.09,1.1,20.5,11.2
BKN,24,2024-25,C. Johnson,Cameron Johnson,57,31.6,18.8,3.4,0.224,0.179,-5.8,50.5,35.8
NYK,24,2024-25,C. Payne,Cameron Payne,72,15.1,6.9,2.8,0.2,0.251,9.1,32.1,13.6
ATL,24,2024-25,C. LeVert,Caris LeVert,64,24.9,12.1,3.4,0.191,0.178,7.2,37.1,21.3
OKC,24,2024-25,C. Wallace,Cason Wallace,68,27.6,8.4,2.5,0.124,0.117,10.1,34.0,16.8
SAS,24,2024-25,C. Bassey,Charles Bassey,36,10.4,4.4,0.5,0.164,0.072,-15.9,17.2,8.5
OKC,24,2024-25,C. Holmgren,Chet Holmgren,32,27.4,15.0,2.0,0.214,0.091,16.1,44.7,23.6
TOR,24,2024-25,C. Boucher,Chris Boucher,50,17.2,10.0,0.7,0.208,0.057,-0.2,22.2,13.3
CHI,24,2024-25,C. Duarte,Chris Duarte,17,4.4,2.1,0.5,0.151,0.173,2.8,6.9,2.9
MIL,24,2024-25,C. Livingston,Chris Livingston,21,5.0,1.4,0.2,0.15,0.078,-12.6,7.8,3.4
SAS,24,2024-25,C. Paul,Chris Paul,82,28.0,8.8,7.4,0.137,0.342,-0.8,60.1,24.0
DEN,24,2024-25,C. Braun,Christian Braun,79,33.9,15.4,2.6,0.155,0.096,8.2,44.4,24.7
LAL,24,2024-25,C. Koloko,Christian Koloko,37,9.2,2.4,0.4,0.104,0.068,-1.3,12.4,7.1
CLE,24,2024-25,C. Okeke,Chuma Okeke,9,21.9,5.9,1.7,0.093,0.101,-6.3,30.0,17.4
ATL,24,2024-25,C. Capela,Clint Capela,55,21.4,8.9,1.1,0.16,0.073,-2.7,28.3,17.6
CHI,24,2024-25,C. White,Coby White,74,33.1,20.4,4.5,0.237,0.197,-2.5,61.1,28.8
PHX,24,2024-25,C. Martin,Cody Martin,53,22.1,6.8,2.0,0.142,0.128,-3.2,33.4,16.3
UTA,24,2024-25,C. Williams,Cody Williams,50,21.2,4.6,1.2,0.122,0.078,-15.5,23.5,12.1
WAS,24,2024-25,C. Jones,Colby Jones,39,13.2,4.0,1.1,0.138,0.123,-10.4,18.1,9.3
MEM,24,2024-25,C. Anthony,Cole Anthony,67,18.4,9.4,2.9,0.238,0.253,-1.2,40.0,15.4
IND,24,2024-25,C. Swider,Cole Swider,10,17.0,5.9,0.3,0.155,0.022,13.7,18.7,11.2
TOR,24,2024-25,C. Castleton,Colin Castleton,26,16.6,4.7,1.1,0.125,0.092,-2.1,22.0,13.2
PHX,24,2024-25,C. Gillespie,Collin Gillespie,33,14.0,5.9,2.4,0.17,0.235,-2.8,33.5,13.2
UTA,24,2024-25,C. Sexton,Collin Sexton,63,27.9,18.4,4.2,0.264,0.246,-7.5,54.4,28.9
WAS,24,2024-25,C. Kispert,Corey Kispert,61,26.3,11.6,1.7,0.169,0.094,-8.5,34.4,22.0
ORL,24,2024-25,C. Joseph,Cory Joseph,50,12.2,3.5,1.4,0.126,0.166,3.6,25.2,10.8
CLE,24,2024-25,C. Porter Jr.,Craig Porter Jr.,51,10.1,3.7,1.4,0.155,0.191,-5.2,18.1,7.3
BKN,24,2024-25,C. Cui,Cui Cui,5,2.1,0.6,0.0,0.296,0.0,4.8,2.8,2.0
BKN,24,2024-25,D. Russell,D'Angelo Russell,58,25.5,12.6,5.1,0.228,0.302,-1.5,63.5,27.4
TOR,24,2024-25,D. Carton,D.J. Carton,4,8.3,0.8,0.8,0.122,0.1,12.9,13.5,7.5
CHA,24,2024-25,D. Jeffries,DaQuan Jeffries,47,22.8,6.7,1.1,0.136,0.073,-11.6,25.9,15.6
ATL,24,2024-25,D. Plowden,Daeqwon Plowden,6,11.9,7.2,0.3,0.181,0.047,19.8,16.0,10.3
MIN,24,2024-25,D. Nix,Daishen Nix,3,4.4,0.3,1.0,0.176,0.231,23.9,9.0,3.0
POR,24,2024-25,D. Banton,Dalano Banton,67,16.7,8.3,2.4,0.237,0.213,-1.5,37.8,17.1
CHI,24,2024-25,D. Terry,Dalen Terry,73,13.5,4.5,1.3,0.142,0.136,-7.6,22.4,11.8
LAL,24,2024-25,D. Knecht,Dalton Knecht,78,19.2,9.1,0.8,0.181,0.067,-2.8,26.0,14.6
MIL,24,2024-25,D. Lillard,Damian Lillard,58,36.1,24.9,7.1,0.269,0.299,0.7,85.9,30.2
CHA,24,2024-25,D. Baugh,Damion Baugh,15,24.7,7.3,3.7,0.186,0.235,-22.3,52.5,22.6
PHX,24,2024-25,D. Lee,Damion Lee,25,5.8,3.3,0.4,0.269,0.121,6.0,9.5,6.5
DAL,24,2024-25,D. Gafford,Daniel Gafford,57,21.5,12.3,1.4,0.186,0.097,1.5,33.2,19.8
NOP,24,2024-25,D. Theis,Daniel Theis,38,16.3,4.3,1.6,0.111,0.131,-5.9,24.1,15.5
DET,24,2024-25,D. Jenkins,Daniss Jenkins,7,3.2,1.0,0.4,0.231,0.2,-5.8,7.6,3.4
DAL,24,2024-25,D. Exum,Dante Exum,20,18.6,8.7,2.8,0.193,0.22,-6.0,38.0,13.7
DEN,24,2024-25,D. Saric,Dario Saric,16,13.1,3.5,1.4,0.157,0.17,-11.5,22.4,14.4
BKN,24,2024-25,D. Whitehead,Dariq Whitehead,20,12.3,5.7,0.6,0.189,0.078,-11.1,16.5,9.5
CLE,24,2024-25,D. Garland,Darius Garland,75,30.7,20.6,6.7,0.265,0.309,9.9,63.9,24.2
SAS,24,2024-25,D. Duke Jr.,David Duke Jr.,6,5.6,2.7,0.7,0.207,0.133,36.6,8.2,4.0
HOU,24,2024-25,D. Roddy,David Roddy,33,12.4,4.6,1.1,0.159,0.121,-8.2,20.0,10.0
MIA,24,2024-25,D. Mitchell,Davion Mitchell,74,27.4,7.9,4.9,0.135,0.237,0.3,55.3,20.6
BKN,24,2024-25,D. Sharpe,Day'Ron Sharpe,50,18.1,7.9,1.8,0.186,0.158,2.1,33.2,22.5
SAS,24,2024-25,D. Fox,De'Aaron Fox,62,36.1,23.5,6.3,0.274,0.262,-1.2,79.9,31.4
CLE,24,2024-25,D. Hunter,De'Andre Hunter,64,27.2,17.0,1.4,0.221,0.077,2.0,37.3,21.3
BKN,24,2024-25,D. Melton,De'Anthony Melton,6,20.2,10.3,2.8,0.223,0.205,10.9,43.2,23.2
DEN,24,2024-25,D. Jordan,DeAndre Jordan,56,12.3,3.7,0.9,0.126,0.105,-3.3,16.9,10.2
SAC,24,2024-25,D. DeRozan,DeMar DeRozan,77,35.9,22.2,4.4,0.244,0.182,1.5,54.3,32.8
CLE,24,2024-25,D. Wade,Dean Wade,59,21.2,5.4,1.3,0.101,0.073,10.7,26.9,13.7
POR,24,2024-25,D. Ayton,Deandre Ayton,40,30.1,14.4,1.6,0.197,0.083,-6.9,45.1,30.1
NOP,24,2024-25,D. Murray,Dejounte Murray,31,32.6,17.5,7.4,0.263,0.347,-9.1,80.5,29.1
NYK,24,2024-25,D. Wright,Delon Wright,40,15.9,3.1,1.9,0.111,0.162,-0.2,30.5,13.1
POR,24,2024-25,D. Avdija,Deni Avdija,72,30.0,16.9,3.9,0.228,0.193,-0.9,64.5,30.4
DET,24,2024-25,D. Schröder,Dennis Schröder,75,28.1,13.1,5.4,0.211,0.287,-0.9,70.3,29.1
DAL,24,2024-25,D. Lively II,Dereck Lively II,36,23.1,8.7,2.4,0.132,0.143,7.7,35.3,22.1
LAC,24,2024-25,D. Jones Jr.,Derrick Jones Jr.,77,24.3,10.1,0.8,0.16,0.044,6.7,30.2,14.8
BOS,24,2024-25,D. White,Derrick White,76,33.9,16.4,4.8,0.195,0.199,10.2,73.3,27.3
ORL,24,2024-25,D. Bane,Desmond Bane,69,32.0,19.2,5.3,0.227,0.235,2.8,68.4,29.2
PHX,24,2024-25,D. Booker,Devin Booker,75,37.3,25.6,7.1,0.285,0.301,-3.2,72.4,48.3
SAC,24,2024-25,D. Carter,Devin Carter,36,11.0,3.8,1.1,0.169,0.139,3.9,18.7,8.9
SAS,24,2024-25,D. Vassell,Devin Vassell,64,31.0,16.3,2.9,0.217,0.139,-6.2,50.1,29.5
HOU,24,2024-25,D. Brooks,Dillon Brooks,75,31.8,14.0,1.7,0.176,0.076,4.7,36.0,22.7
OKC,24,2024-25,D. Jones,Dillon Jones,54,10.2,2.5,1.1,0.131,0.143,6.0,16.5,8.3
SAC,24,2024-25,D. Sabonis,Domantas Sabonis,70,34.7,19.1,6.0,0.213,0.251,2.6,75.5,46.6
ATL,24,2024-25,D. Barlow,Dominick Barlow,35,10.7,4.2,0.5,0.141,0.07,-1.6,13.3,7.4
POR,24,2024-25,D. Clingan,Donovan Clingan,67,19.8,6.5,1.1,0.135,0.081,0.2,25.7,17.4
CLE,24,2024-25,D. Mitchell,Donovan Mitchell,71,31.4,24.0,5.0,0.298,0.238,10.5,60.3,23.4
MIN,24,2024-25,D. DiVincenzo,Donte DiVincenzo,62,25.9,11.7,3.6,0.188,0.203,5.1,50.0,26.6
LAL,24,2024-25,D. Finney-Smith,Dorian Finney-Smith,63,28.9,8.7,1.4,0.123,0.066,8.8,36.4,20.1
SAC,24,2024-25,D. McDermott,Doug McDermott,42,8.1,3.5,0.2,0.15,0.028,1.6,9.1,6.3
GSW,24,2024-25,D. Green,Draymond Green,68,29.2,9.0,5.6,0.157,0.255,6.6,66.8,36.6
LAC,24,2024-25,D. Eubanks,Drew Eubanks,61,12.2,4.6,0.9,0.149,0.11,-8.1,15.3,10.2
BOS,24,2024-25,D. Peterson,Drew Peterson,25,7.4,2.2,0.5,0.121,0.095,12.8,10.4,4.8
BKN,24,2024-25,D. Timme,Drew Timme,9,28.2,12.1,2.2,0.205,0.137,-12.6,49.4,36.0
MIA,24,2024-25,D. Smith,Dru Smith,14,19.2,6.2,1.6,0.131,0.128,6.8,30.7,14.9
MIA,24,2024-25,D. Robinson,Duncan Robinson,74,24.1,11.0,2.4,0.187,0.148,0.2,34.7,25.1
POR,24,2024-25,D. Reath,Duop Reath,46,10.2,4.2,0.6,0.162,0.083,-6.5,14.0,10.1
DAL,24,2024-25,D. Powell,Dwight Powell,55,10.0,2.1,1.0,0.073,0.13,-1.1,14.0,8.4
ATL,24,2024-25,D. Daniels,Dyson Daniels,76,33.8,14.1,4.4,0.178,0.174,-0.9,61.9,30.3
CHI,24,2024-25,E. Liddell,E.J. Liddell,12,4.4,1.8,0.3,0.13,0.064,-8.6,5.8,3.4
NOP,24,2024-25,E. Payton,Elfrid Payton,24,21.3,3.5,6.9,0.151,0.443,-13.4,54.9,19.2
UTA,24,2024-25,E. Harkless,Elijah Harkless,10,13.8,3.2,0.8,0.12,0.073,9.7,18.9,8.5
CHI,24,2024-25,E. Miller,Emanuel Miller,6,4.1,1.7,0.3,0.143,0.105,-10.0,5.8,3.8
CLE,24,2024-25,E. Bates,Emoni Bates,10,7.5,3.7,0.8,0.201,0.2,-21.5,11.0,7.3
IND,24,2024-25,E. Freeman,Enrique Freeman,22,8.2,2.1,0.4,0.109,0.062,-6.3,9.0,5.6
PHI,24,2024-25,E. Gordon,Eric Gordon,39,19.7,6.8,1.7,0.14,0.118,-5.4,24.4,15.3
CLE,24,2024-25,E. Mobley,Evan Mobley,71,30.5,18.5,3.2,0.226,0.149,11.9,57.9,28.6
ORL,24,2024-25,F. Wagner,Franz Wagner,60,33.7,24.2,4.7,0.306,0.247,6.0,67.0,35.9
HOU,24,2024-25,F. VanVleet,Fred VanVleet,60,35.2,14.1,5.6,0.176,0.217,6.2,76.0,30.0
MEM,24,2024-25,G. Jackson,GG Jackson,29,15.8,7.2,1.0,0.219,0.085,-5.9,24.4,12.7
LAL,24,2024-25,G. Vincent,Gabe Vincent,72,21.2,6.4,1.4,0.131,0.09,1.1,29.1,14.1
TOR,24,2024-25,G. Temple,Garrett Temple,28,8.1,1.9,1.1,0.129,0.171,-4.5,14.1,6.6
ATL,24,2024-25,G. Mathews,Garrison Mathews,47,17.6,7.5,1.3,0.153,0.102,-3.5,21.2,13.8
ORL,24,2024-25,G. Harris,Gary Harris,48,14.8,3.0,0.6,0.09,0.058,7.2,12.6,8.4
GSW,24,2024-25,G. Payton II,Gary Payton II,62,15.0,6.5,1.3,0.156,0.132,3.4,25.4,14.3
MIL,24,2024-25,G. Trent Jr.,Gary Trent Jr.,74,25.6,11.1,1.2,0.168,0.064,1.9,25.4,17.7
ATL,24,2024-25,G. Niang,Georges Niang,79,21.5,9.9,1.4,0.177,0.087,4.7,32.5,16.3
MIL,24,2024-25,G. Antetokounmpo,Giannis Antetokounmpo,67,34.2,30.4,6.5,0.346,0.339,7.2,83.7,38.7
ORL,24,2024-25,G. Bitadze,Goga Bitadze,70,20.4,7.2,2.0,0.142,0.142,2.7,34.7,21.3
TOR,24,2024-25,G. Dick,Gradey Dick,54,29.4,14.4,1.8,0.209,0.087,-5.8,36.3,27.0
CHA,24,2024-25,G. Williams,Grant Williams,16,29.9,10.4,2.3,0.146,0.107,1.6,36.8,23.4
PHX,24,2024-25,G. Allen,Grayson Allen,64,24.1,10.6,2.1,0.169,0.125,-3.3,37.6,22.5
PHI,24,2024-25,G. Yabusele,Guerschon Yabusele,70,27.1,11.0,2.1,0.163,0.114,-3.2,42.4,27.4
GSW,24,2024-25,G. Santos,Gui Santos,56,13.6,4.1,1.4,0.126,0.138,10.6,21.4,13.4
SAS,24,2024-25,H. Barnes,Harrison Barnes,82,27.2,12.3,1.7,0.157,0.085,-1.2,36.4,20.4
SAS,24,2024-25,H. Ingram,Harrison Ingram,5,7.0,0.8,0.6,0.06,0.086,40.0,5.0,2.0
MIA,24,2024-25,H. Highsmith,Haywood Highsmith,74,24.6,6.5,1.5,0.111,0.084,1.4,27.9,15.7
NOP,24,2024-25,H. Jones,Herbert Jones,20,32.4,10.3,3.3,0.146,0.134,-0.7,47.0,24.5
DEN,24,2024-25,H. Tyson,Hunter Tyson,51,7.8,2.6,0.4,0.146,0.074,-10.2,8.7,5.5
TOR,24,2024-25,I. Quickley,Immanuel Quickley,33,27.8,17.1,5.8,0.246,0.32,-1.6,63.8,24.8
SAC,24,2024-25,I. Jones,Isaac Jones,40,7.6,3.4,0.3,0.152,0.057,-10.5,8.5,5.6
CLE,24,2024-25,I. Okoro,Isaac Okoro,55,19.1,6.1,1.2,0.124,0.078,12.5,19.4,12.2
UTA,24,2024-25,I. Collier,Isaiah Collier,71,25.9,8.7,6.3,0.186,0.342,-10.4,64.3,22.2
SAC,24,2024-25,I. Crawford,Isaiah Crawford,15,3.0,0.9,0.1,0.122,0.029,19.3,3.8,2.3
OKC,24,2024-25,I. Hartenstein,Isaiah Hartenstein,57,27.9,11.2,3.8,0.165,0.178,13.0,55.9,32.3
IND,24,2024-25,I. Jackson,Isaiah Jackson,5,16.8,7.0,1.0,0.164,0.079,5.4,24.0,14.0
OKC,24,2024-25,I. Joe,Isaiah Joe,74,21.7,10.2,1.6,0.166,0.096,15.8,28.3,18.5
PHI,24,2024-25,I. Mobley,Isaiah Mobley,1,17.4,6.0,5.0,0.17,0.556,-17.3,38.0,18.0
MIA,24,2024-25,I. Stevens,Isaiah Stevens,3,1.8,0.0,0.0,0.143,0.0,30.8,4.3,2.3
DET,24,2024-25,I. Stewart,Isaiah Stewart,72,19.9,6.0,1.7,0.121,0.12,0.5,25.0,15.3
CHA,24,2024-25,I. Wong,Isaiah Wong,20,13.3,6.0,1.4,0.22,0.187,-2.6,25.3,12.1
LAC,24,2024-25,I. Zubac,Ivica Zubac,80,32.8,16.8,2.7,0.192,0.121,9.4,54.0,32.1
BOS,24,2024-25,J. Davison,JD Davison,16,5.8,2.1,0.8,0.228,0.277,-13.7,13.1,4.4
WAS,24,2024-25,J. Thor,JT Thor,20,12.5,3.6,0.3,0.132,0.04,-20.0,14.1,7.0
MEM,24,2024-25,J. Morant,Ja Morant,50,30.4,23.2,7.3,0.312,0.355,6.8,67.7,26.0
TOR,24,2024-25,J. Walter,Ja'Kobe Walter,52,21.2,8.6,1.6,0.179,0.105,-2.4,28.9,17.5
HOU,24,2024-25,J. Smith Jr.,Jabari Smith Jr.,57,30.1,12.2,1.1,0.16,0.048,7.3,37.2,17.9
POR,24,2024-25,J. Walker,Jabari Walker,60,12.5,5.2,0.6,0.156,0.071,0.5,15.6,9.5
HOU,24,2024-25,J. McVeigh,Jack McVeigh,9,4.8,1.6,0.1,0.176,0.038,-9.2,4.4,3.0
GSW,24,2024-25,J. Rowe,Jackson Rowe,6,8.6,3.7,0.7,0.142,0.1,12.9,12.5,7.3
ATL,24,2024-25,J. Toppin,Jacob Toppin,17,4.4,1.4,0.4,0.14,0.133,-14.5,7.1,3.9
DAL,24,2024-25,J. Hardy,Jaden Hardy,57,15.9,8.7,1.4,0.244,0.138,-3.2,25.0,11.1
DET,24,2024-25,J. Ivey,Jaden Ivey,30,29.9,17.6,4.0,0.256,0.207,-4.1,59.4,28.5
MIN,24,2024-25,J. McDaniels,Jaden McDaniels,82,31.9,12.2,2.0,0.16,0.091,4.0,42.1,22.2
UTA,24,2024-25,J. Springer,Jaden Springer,43,8.5,2.5,0.8,0.139,0.13,-3.3,8.5,4.6
SAC,24,2024-25,J. Crowder,Jae Crowder,9,11.4,2.6,0.7,0.113,0.077,-7.4,14.8,7.7
HOU,24,2024-25,J. Tate,Jae'Sean Tate,52,11.3,3.6,0.9,0.126,0.107,6.3,13.7,7.5
IND,24,2024-25,J. Okafor,Jahlil Okafor,1,3.4,0.0,1.0,0.0,0.25,62.5,3.0,1.0
CHI,24,2024-25,J. Young,Jahmir Young,6,4.9,1.8,1.0,0.092,0.231,-13.5,9.0,3.3
MIA,24,2024-25,J. Jaquez Jr.,Jaime Jaquez Jr.,66,20.7,8.6,2.5,0.194,0.181,-6.0,36.4,17.0
SAC,24,2024-25,J. LaRavia,Jake LaRavia,66,20.4,6.9,2.4,0.14,0.15,3.8,34.6,17.5
TOR,24,2024-25,J. Poeltl,Jakob Poeltl,57,29.6,14.5,2.8,0.184,0.136,-0.7,57.3,34.3
PHX,24,2024-25,J. Bridges,Jalen Bridges,8,3.8,1.1,0.0,0.197,0.0,9.7,3.0,1.9
NYK,24,2024-25,J. Brunson,Jalen Brunson,65,35.4,26.0,7.3,0.289,0.318,2.6,85.4,32.1
DET,24,2024-25,J. Duren,Jalen Duren,78,26.1,11.8,2.7,0.161,0.141,1.5,44.5,21.4
HOU,24,2024-25,J. Green,Jalen Green,82,32.9,21.0,3.4,0.267,0.159,2.8,63.4,25.4
PHI,24,2024-25,J. Hood-Schifino,Jalen Hood-Schifino,15,21.0,7.1,2.5,0.164,0.165,-16.4,40.5,19.9
ATL,24,2024-25,J. Johnson,Jalen Johnson,36,35.7,18.9,5.0,0.214,0.203,1.6,87.6,38.2
SAC,24,2024-25,J. McDaniels,Jalen McDaniels,4,1.8,0.0,0.3,0.0,0.25,3.5,1.8,0.3
DEN,24,2024-25,J. Pickett,Jalen Pickett,49,13.6,4.1,2.2,0.13,0.211,2.9,24.0,10.5
CHI,24,2024-25,J. Smith,Jalen Smith,64,15.0,8.2,1.0,0.201,0.101,-1.2,26.6,16.6
ORL,24,2024-25,J. Suggs,Jalen Suggs,35,28.6,16.2,3.7,0.268,0.216,1.0,67.1,27.5
OKC,24,2024-25,J. Williams,Jalen Williams,69,32.4,21.6,5.1,0.27,0.233,10.2,68.1,30.3
BKN,24,2024-25,J. Wilson,Jalen Wilson,79,25.7,9.5,1.8,0.161,0.11,-6.7,35.8,23.3
NOP,24,2024-25,J. Cain,Jamal Cain,37,13.6,5.3,0.6,0.167,0.065,-12.9,14.9,8.1
DEN,24,2024-25,J. Murray,Jamal Murray,67,36.1,21.4,6.0,0.235,0.223,6.5,68.6,32.6
TOR,24,2024-25,J. Shead,Jamal Shead,75,19.6,7.1,4.2,0.179,0.307,-7.8,44.4,17.9
MIL,24,2024-25,J. Bouyea,Jamaree Bouyea,5,12.3,3.4,2.0,0.163,0.213,0.6,25.8,8.6
LAC,24,2024-25,J. Harden,James Harden,79,35.3,22.8,8.7,0.286,0.365,6.2,81.9,31.8
IND,24,2024-25,J. Johnson,James Johnson,12,3.1,0.7,0.3,0.165,0.16,-13.1,4.8,2.3
IND,24,2024-25,J. Wiseman,James Wiseman,1,4.6,6.0,0.0,0.455,0.0,-23.5,9.0,5.0
TOR,24,2024-25,J. Battle,Jamison Battle,59,17.7,7.1,0.9,0.147,0.073,-8.4,20.5,14.2
IND,24,2024-25,J. Walker,Jarace Walker,75,15.8,6.1,1.5,0.165,0.129,-5.0,25.9,15.7
PHI,24,2024-25,J. Butler,Jared Butler,60,17.4,9.0,3.7,0.222,0.317,-6.0,37.3,15.7
PHI,24,2024-25,J. McCain,Jared McCain,23,25.7,15.3,2.6,0.243,0.171,-2.1,45.6,24.2
TOR,24,2024-25,J. Rhoden,Jared Rhoden,14,16.2,8.4,1.1,0.183,0.098,14.7,25.3,13.9
MEM,24,2024-25,J. Jackson Jr.,Jaren Jackson Jr.,74,29.8,22.2,2.0,0.274,0.102,6.4,48.2,28.1
LAL,24,2024-25,J. Vanderbilt,Jarred Vanderbilt,36,16.1,4.1,1.1,0.116,0.094,3.3,20.8,10.3
CLE,24,2024-25,J. Allen,Jarrett Allen,82,28.0,13.5,1.9,0.156,0.091,10.5,36.9,23.5
CLE,24,2024-25,J. Green,Javonte Green,68,18.5,5.1,0.8,0.113,0.059,-7.8,26.1,11.7
LAL,24,2024-25,J. Hayes,Jaxson Hayes,56,19.5,6.8,1.0,0.12,0.076,2.5,24.3,13.3
MEM,24,2024-25,J. Huff,Jay Huff,64,11.7,6.9,0.6,0.194,0.077,0.8,15.6,10.4
BOS,24,2024-25,J. Brown,Jaylen Brown,63,34.3,22.2,4.5,0.282,0.204,9.5,57.1,30.4
MIN,24,2024-25,J. Clark,Jaylen Clark,40,13.0,4.1,0.7,0.115,0.067,5.6,9.6,6.7
WAS,24,2024-25,J. Martin,Jaylen Martin,16,14.9,4.9,1.1,0.155,0.12,-27.1,24.1,11.9
WAS,24,2024-25,J. Nowell,Jaylen Nowell,8,21.0,8.4,2.3,0.215,0.176,-13.1,39.9,19.1
CHA,24,2024-25,J. Sims,Jaylen Sims,6,18.6,7.0,2.0,0.159,0.176,-20.0,29.7,16.0
MEM,24,2024-25,J. Wells,Jaylen Wells,79,25.9,10.4,1.7,0.156,0.082,4.7,25.7,17.3
OKC,24,2024-25,J. Williams,Jaylin Williams,47,16.7,5.9,2.6,0.141,0.19,17.9,37.6,20.9
CLE,24,2024-25,J. Tyson,Jaylon Tyson,47,9.6,3.6,0.9,0.164,0.135,-0.4,13.9,7.1
BOS,24,2024-25,J. Tatum,Jayson Tatum,72,36.4,26.8,6.0,0.301,0.266,9.8,84.9,45.0
DAL,24,2024-25,J. Gortman,Jazian Gortman,16,3.5,1.5,0.4,0.195,0.154,4.6,6.6,2.8
PHI,24,2024-25,J. Dowtin Jr.,Jeff Dowtin Jr.,41,15.1,7.0,1.9,0.176,0.196,-9.2,30.1,12.9
HOU,24,2024-25,J. Green,Jeff Green,32,12.4,5.4,0.6,0.144,0.068,-3.9,13.9,8.6
POR,24,2024-25,J. Grant,Jerami Grant,47,32.4,14.4,2.1,0.192,0.099,-6.1,41.0,26.3
NOP,24,2024-25,J. Robinson-Earl,Jeremiah Robinson-Earl,66,18.8,6.3,1.3,0.14,0.101,-11.8,27.7,14.8
SAS,24,2024-25,J. Sochan,Jeremy Sochan,54,25.3,11.4,2.4,0.184,0.138,-2.7,39.7,22.0
MIL,24,2024-25,J. Sims,Jericho Sims,53,11.9,1.8,0.6,0.074,0.068,2.4,16.1,8.1
MIN,24,2024-25,J. Edwards,Jesse Edwards,2,2.3,0.0,0.5,0.0,0.25,-77.3,2.5,2.0
ORL,24,2024-25,J. Howard,Jett Howard,60,11.7,4.5,0.7,0.181,0.102,-5.7,14.2,9.2
CHI,24,2024-25,J. Carter,Jevon Carter,36,8.9,4.3,1.1,0.2,0.166,3.3,14.3,7.6
GSW,24,2024-25,J. Butler III,Jimmy Butler III,55,31.7,17.5,5.4,0.203,0.26,6.3,63.1,39.2
HOU,24,2024-25,J. Landale,Jock Landale,42,11.9,4.8,0.9,0.148,0.102,-2.1,15.5,10.4
MIN,24,2024-25,J. Ingles,Joe Ingles,19,6.0,0.8,1.2,0.113,0.261,-4.2,11.9,7.3
PHI,24,2024-25,J. Embiid,Joel Embiid,19,30.2,23.8,4.5,0.342,0.286,-5.5,62.3,46.4
UTA,24,2024-25,J. Collins,John Collins,40,30.5,19.0,2.0,0.234,0.105,-0.9,52.6,29.8
MEM,24,2024-25,J. Konchar,John Konchar,46,12.1,2.4,0.9,0.077,0.095,5.4,19.7,8.6
WAS,24,2024-25,J. Davis,Johnny Davis,34,7.1,2.4,0.3,0.15,0.064,-2.5,7.9,4.5
IND,24,2024-25,J. Furphy,Johnny Furphy,50,7.6,2.1,0.4,0.118,0.063,0.6,9.7,5.0
UTA,24,2024-25,J. Juzang,Johnny Juzang,64,19.8,8.9,1.1,0.174,0.08,-13.1,26.0,15.5
SAC,24,2024-25,J. Valančiūnas,Jonas Valančiūnas,81,18.8,10.4,2.0,0.222,0.171,-9.6,38.9,24.0
ORL,24,2024-25,J. Isaac,Jonathan Isaac,71,15.4,5.4,0.6,0.155,0.056,-0.7,22.0,10.2
GSW,24,2024-25,J. Kuminga,Jonathan Kuminga,47,24.3,15.3,2.2,0.271,0.151,1.0,45.9,25.4
TOR,24,2024-25,J. Mogbo,Jonathan Mogbo,63,20.4,6.2,2.3,0.145,0.16,-8.2,29.9,18.2
UTA,24,2024-25,J. Clarkson,Jordan Clarkson,37,26.0,16.2,3.7,0.269,0.238,-10.0,48.6,28.9
LAL,24,2024-25,J. Goodwin,Jordan Goodwin,29,18.7,5.6,1.4,0.134,0.108,-1.2,29.4,13.8
NOP,24,2024-25,J. Hawkins,Jordan Hawkins,56,23.6,10.8,1.2,0.204,0.076,-11.4,33.8,21.0
SAS,24,2024-25,J. McLaughlin,Jordan McLaughlin,46,6.8,2.1,1.1,0.134,0.208,9.1,13.6,6.0
LAC,24,2024-25,J. Miller,Jordan Miller,37,11.4,4.1,0.9,0.175,0.124,-6.0,17.1,8.8
WAS,24,2024-25,J. Poole,Jordan Poole,68,29.4,20.5,4.5,0.281,0.254,-13.1,61.4,29.5
BOS,24,2024-25,J. Walsh,Jordan Walsh,52,7.8,1.6,0.4,0.11,0.064,3.8,9.1,4.6
NOP,24,2024-25,J. Alvarado,Jose Alvarado,56,24.4,10.3,4.6,0.193,0.278,-8.7,53.0,21.3
MIA,24,2024-25,J. Christopher,Josh Christopher,14,5.0,2.0,0.6,0.235,0.145,-2.5,7.4,4.1
CHI,24,2024-25,J. Giddey,Josh Giddey,70,30.2,14.6,7.2,0.214,0.322,-1.4,78.0,31.1
CHA,24,2024-25,J. Green,Josh Green,68,27.8,7.4,1.6,0.115,0.081,-8.9,29.6,18.3
NYK,24,2024-25,J. Hart,Josh Hart,77,37.6,13.6,5.9,0.151,0.206,3.6,70.0,30.8
MIN,24,2024-25,J. Minott,Josh Minott,46,6.0,2.6,0.4,0.16,0.096,-3.0,6.5,4.0
CHA,24,2024-25,J. Okogie,Josh Okogie,40,15.6,7.1,0.8,0.185,0.082,-0.5,21.8,12.9
MIA,24,2024-25,J. Richardson,Josh Richardson,8,18.7,4.0,1.5,0.134,0.117,-10.6,34.4,15.9
BOS,24,2024-25,J. Holiday,Jrue Holiday,62,30.6,11.1,3.9,0.156,0.174,8.9,46.5,20.8
SAS,24,2024-25,J. Champagnie,Julian Champagnie,82,23.6,9.9,1.4,0.164,0.078,-2.1,32.3,17.3
CHI,24,2024-25,J. Phillips,Julian Phillips,79,14.2,4.6,0.5,0.126,0.045,1.8,15.4,9.0
DEN,24,2024-25,J. Strawther,Julian Strawther,65,21.3,9.0,1.3,0.173,0.082,-2.5,27.1,16.6
MIN,24,2024-25,J. Randle,Julius Randle,69,32.3,18.7,4.7,0.246,0.228,3.4,57.8,37.8
WAS,24,2024-25,J. Champagnie,Justin Champagnie,62,21.6,8.8,1.0,0.15,0.066,-9.7,29.7,15.0
PHI,24,2024-25,J. Edwards,Justin Edwards,44,26.2,10.1,1.6,0.165,0.084,-11.6,35.9,20.7
POR,24,2024-25,J. Minaya,Justin Minaya,19,5.3,0.9,0.4,0.107,0.108,-6.9,7.4,4.3
CHA,24,2024-25,J. Nurkić,Jusuf Nurkić,51,20.8,8.9,2.3,0.202,0.167,-9.0,40.6,24.8
UTA,24,2024-25,K. Martin,KJ Martin,43,21.2,6.4,1.1,0.112,0.074,-8.1,25.0,13.3
CHA,24,2024-25,K. Simpson,KJ Simpson,36,23.4,7.8,3.1,0.188,0.21,-15.4,49.9,19.9
DAL,24,2024-25,K. Jones,Kai Jones,40,11.7,5.0,0.6,0.128,0.08,-2.3,16.7,8.6
NYK,24,2024-25,K. Towns,Karl-Anthony Towns,72,35.0,24.4,3.1,0.265,0.13,6.8,59.6,36.7
NOP,24,2024-25,K. Matković,Karlo Matković,42,18.8,7.7,1.1,0.155,0.083,-4.7,24.5,15.7
LAC,24,2024-25,K. Leonard,Kawhi Leonard,37,31.9,21.5,3.1,0.28,0.147,12.4,50.6,27.8
ATL,24,2024-25,K. Wallace,Keaton Wallace,31,16.2,5.4,2.6,0.164,0.224,-2.2,34.5,13.7
SAC,24,2024-25,K. Murray,Keegan Murray,76,34.3,12.4,1.4,0.148,0.055,1.5,42.6,22.6
NOP,24,2024-25,K. Brooks Jr.,Keion Brooks Jr.,14,23.7,10.1,0.9,0.169,0.062,-20.5,31.6,17.4
MIA,24,2024-25,K. Ware,Kel'el Ware,64,22.2,9.3,0.9,0.169,0.062,1.9,30.8,16.8
SAS,24,2024-25,K. Johnson,Keldon Johnson,77,23.9,12.7,1.6,0.207,0.105,-5.8,38.3,19.8
NOP,24,2024-25,K. Olynyk,Kelly Olynyk,44,20.2,8.7,2.9,0.185,0.2,-2.7,42.1,24.3
PHI,24,2024-25,K. Oubre Jr.,Kelly Oubre Jr.,60,34.6,15.1,1.8,0.186,0.079,-5.7,50.9,26.6
OKC,24,2024-25,K. Williams,Kenrich Williams,69,16.4,6.3,1.4,0.151,0.111,14.5,22.3,12.8
MEM,24,2024-25,K. Caldwell-Pope,Kentavious Caldwell-Pope,77,29.6,8.7,1.8,0.121,0.086,0.5,34.4,20.2
SAC,24,2024-25,K. Ellis,Keon Ellis,80,24.4,8.3,1.5,0.125,0.08,3.0,34.3,17.1
BKN,24,2024-25,K. Johnson,Keon Johnson,79,24.4,10.6,2.2,0.212,0.148,-10.3,40.9,20.4
MIA,24,2024-25,K. Johnson,Keshad Johnson,16,6.1,2.7,0.3,0.145,0.058,1.3,8.0,4.1
DAL,24,2024-25,K. Edwards,Kessler Edwards,40,15.2,4.2,1.1,0.11,0.09,-12.3,22.2,11.1
PHX,24,2024-25,K. Durant,Kevin Durant,62,36.5,26.6,4.2,0.283,0.188,-1.0,63.3,43.1
CHI,24,2024-25,K. Huerter,Kevin Huerter,69,24.3,9.9,2.3,0.171,0.124,2.8,38.8,23.2
GSW,24,2024-25,K. Knox II,Kevin Knox II,14,6.0,3.3,0.4,0.202,0.086,-2.9,9.3,6.4
MIA,24,2024-25,K. Love,Kevin Love,23,10.9,5.3,1.0,0.23,0.134,-3.6,23.9,12.9
NYK,24,2024-25,K. McCullar Jr.,Kevin McCullar Jr.,4,7.3,1.5,0.5,0.118,0.111,-3.1,12.3,6.8
MIL,24,2024-25,K. Porter Jr.,Kevin Porter Jr.,75,19.8,10.3,3.4,0.248,0.276,1.1,41.2,16.0
GSW,24,2024-25,K. Looney,Kevon Looney,76,15.0,4.5,1.6,0.125,0.143,5.6,27.2,17.7
UTA,24,2024-25,K. George,Keyonte George,67,31.5,16.8,5.6,0.237,0.272,-11.9,74.5,30.7
WAS,24,2024-25,K. Middleton,Khris Middleton,37,22.8,11.9,4.1,0.208,0.251,1.5,40.9,23.1
BKN,24,2024-25,K. Hayes,Killian Hayes,6,27.1,9.0,5.2,0.145,0.274,-5.7,60.5,23.5
DAL,24,2024-25,K. Thompson,Klay Thompson,72,27.3,14.0,2.0,0.214,0.104,-2.4,31.5,22.5
LAC,24,2024-25,K. Brown,Kobe Brown,40,6.8,1.9,0.6,0.134,0.137,-8.7,10.2,4.5
ATL,24,2024-25,K. Bufkin,Kobe Bufkin,10,12.4,5.3,1.7,0.203,0.213,-8.0,26.7,9.9
LAC,24,2024-25,K. Dunn,Kris Dunn,74,24.1,6.4,2.8,0.126,0.153,7.8,44.0,15.6
POR,24,2024-25,K. Murray,Kris Murray,69,15.1,4.2,1.0,0.133,0.09,-1.8,15.5,9.7
BOS,24,2024-25,K. Porziņģis,Kristaps Porziņģis,42,28.8,19.5,2.1,0.253,0.113,5.8,39.0,28.9
MIA,24,2024-25,K. Anderson,Kyle Anderson,61,16.4,5.9,2.4,0.152,0.211,-1.5,33.0,18.4
UTA,24,2024-25,K. Filipowski,Kyle Filipowski,72,21.1,9.6,1.9,0.184,0.14,-11.3,35.1,19.2
MIL,24,2024-25,K. Kuzma,Kyle Kuzma,65,29.8,14.8,2.3,0.233,0.123,-10.3,44.2,27.2
PHI,24,2024-25,K. Lowry,Kyle Lowry,35,18.8,3.9,2.7,0.1,0.206,-5.8,36.4,15.5
LAL,24,2024-25,K. Kelley,Kylor Kelley,11,11.5,3.1,0.5,0.097,0.056,-29.1,17.4,9.5
DAL,24,2024-25,K. Irving,Kyrie Irving,50,36.1,24.7,4.6,0.264,0.198,2.6,69.3,32.5
WAS,24,2024-25,K. George,Kyshawn George,68,26.5,8.7,2.5,0.156,0.133,-10.1,45.3,21.5
CHA,24,2024-25,L. Ball,LaMelo Ball,47,32.0,25.2,7.4,0.342,0.39,-3.9,85.0,33.5
MEM,24,2024-25,L. Stevens,Lamar Stevens,17,9.1,4.4,0.5,0.21,0.063,26.4,13.7,6.1
NYK,24,2024-25,L. Shamet,Landry Shamet,50,15.2,5.7,0.5,0.143,0.049,5.1,15.9,10.5
ATL,24,2024-25,L. Nance Jr.,Larry Nance Jr.,24,19.3,8.5,1.6,0.155,0.125,-9.0,26.9,17.4
UTA,24,2024-25,L. Markkanen,Lauri Markkanen,47,31.4,19.0,1.5,0.231,0.074,-6.1,46.0,28.7
LAL,24,2024-25,L. James,LeBron James,70,34.9,24.4,8.2,0.291,0.395,-1.3,83.7,43.0
MIN,24,2024-25,L. Miller,Leonard Miller,13,2.4,1.5,0.0,0.239,0.0,-19.4,4.3,1.8
NOP,24,2024-25,L. Quinones,Lester Quinones,13,14.1,6.6,1.8,0.213,0.198,-5.9,24.9,13.1
MIL,24,2024-25,L. Robbins,Liam Robbins,13,4.4,0.7,0.2,0.128,0.056,-5.3,5.2,4.1
DET,24,2024-25,L. Waters III,Lindy Waters III,52,15.0,4.9,1.0,0.145,0.092,1.4,21.9,12.6
PHI,24,2024-25,L. Walker IV,Lonnie Walker IV,20,23.8,12.4,2.5,0.214,0.167,-14.1,40.5,21.1
CHI,24,2024-25,L. Ball,Lonzo Ball,35,22.2,7.6,3.3,0.152,0.187,5.5,41.7,18.7
OKC,24,2024-25,L. Dort,Luguentz Dort,71,29.2,10.1,1.6,0.133,0.067,13.1,29.2,17.0
LAL,24,2024-25,L. Dončić,Luka Dončić,50,35.4,28.2,7.7,0.328,0.342,9.1,81.4,35.8
MIN,24,2024-25,L. Garza,Luka Garza,39,5.6,3.5,0.3,0.241,0.082,0.4,10.0,6.1
MEM,24,2024-25,L. Kennard,Luke Kennard,65,22.6,8.9,3.3,0.14,0.179,3.1,36.6,21.2
BOS,24,2024-25,L. Kornet,Luke Kornet,73,18.6,6.0,1.6,0.111,0.115,14.9,19.1,13.3
CLE,24,2024-25,L. Travers,Luke Travers,12,7.3,1.0,0.7,0.132,0.113,-0.5,12.0,6.1
ORL,24,2024-25,M. McClung,Mac McClung,2,5.1,0.0,1.5,0.087,0.333,-9.5,11.0,4.5
SAS,24,2024-25,M. Flynn,Malachi Flynn,4,10.9,4.0,1.8,0.196,0.233,3.7,27.3,14.8
SAS,24,2024-25,M. Branham,Malaki Branham,47,9.1,5.0,0.8,0.233,0.139,-3.7,14.2,7.3
WAS,24,2024-25,M. Brogdon,Malcolm Brogdon,24,23.5,12.7,4.1,0.231,0.267,-10.4,51.5,22.6
OKC,24,2024-25,M. Leons,Malevy Leons,6,3.5,0.3,0.2,0.102,0.111,-43.3,4.3,2.5
DET,24,2024-25,M. Beasley,Malik Beasley,82,27.8,16.3,1.7,0.215,0.089,3.1,36.3,26.1
SAC,24,2024-25,M. Monk,Malik Monk,65,31.6,17.2,5.6,0.236,0.246,2.5,63.8,30.4
NYK,24,2024-25,M. Beauchamp,MarJon Beauchamp,35,4.5,2.3,0.3,0.222,0.124,2.9,6.7,4.1
PHI,24,2024-25,M. Bagley,Marcus Bagley,10,25.3,6.7,1.0,0.128,0.056,-15.9,29.3,14.2
CHA,24,2024-25,M. Garrett,Marcus Garrett,4,19.8,7.0,3.3,0.193,0.255,-23.6,42.0,19.5
DET,24,2024-25,M. Sasser,Marcus Sasser,57,14.2,6.6,2.3,0.187,0.239,2.9,30.4,12.2
WAS,24,2024-25,M. Smart,Marcus Smart,34,20.0,9.0,3.2,0.198,0.221,2.6,35.1,18.4
CHA,24,2024-25,M. Williams,Mark Williams,44,26.6,15.3,2.5,0.21,0.154,-12.7,38.1,28.2
SAC,24,2024-25,M. Fultz,Markelle Fultz,21,8.8,2.9,1.3,0.196,0.208,3.6,16.9,6.5
LAL,24,2024-25,M. Morris,Markieff Morris,15,11.0,3.7,1.4,0.202,0.191,-7.8,15.2,11.1
MEM,24,2024-25,M. Bagley III,Marvin Bagley III,31,8.6,4.4,0.4,0.2,0.063,-0.6,11.9,7.5
SAC,24,2024-25,M. Jones,Mason Jones,10,4.5,2.3,1.1,0.193,0.379,2.2,9.8,5.8
PHX,24,2024-25,M. Plumlee,Mason Plumlee,74,17.6,4.5,1.8,0.105,0.133,0.2,28.2,13.7
CHI,24,2024-25,M. Buzelis,Matas Buzelis,80,18.9,8.6,1.0,0.181,0.072,-1.7,25.2,14.0
POR,24,2024-25,M. Thybulle,Matisse Thybulle,15,20.8,7.5,1.9,0.135,0.126,0.2,29.8,15.9
NOP,24,2024-25,M. Ryan,Matt Ryan,19,3.6,1.5,0.2,0.208,0.083,-28.3,5.2,3.4
DAL,24,2024-25,M. Christie,Max Christie,78,27.3,9.6,1.9,0.15,0.093,-1.7,35.5,19.1
CLE,24,2024-25,M. Strus,Max Strus,50,25.5,9.4,3.2,0.143,0.157,7.9,41.6,21.2
LAL,24,2024-25,M. Kleber,Maxi Kleber,34,18.7,3.0,1.3,0.085,0.087,-0.4,21.3,12.8
BKN,24,2024-25,M. Lewis,Maxwell Lewis,28,11.7,4.1,0.7,0.164,0.091,-9.6,13.8,7.9
UTA,24,2024-25,M. Potter,Micah Potter,38,18.6,4.3,0.8,0.102,0.058,-7.6,23.2,10.7
DEN,24,2024-25,M. Porter Jr.,Michael Porter Jr.,77,33.7,18.2,2.1,0.197,0.084,4.4,46.0,28.7
NYK,24,2024-25,M. Bridges,Mikal Bridges,82,37.0,17.6,3.7,0.192,0.141,5.6,54.3,37.9
MIN,24,2024-25,M. Conley,Mike Conley,71,24.7,8.2,4.5,0.141,0.243,6.5,51.2,25.1
CHA,24,2024-25,M. Bridges,Miles Bridges,64,31.7,20.3,3.9,0.273,0.203,-5.5,63.2,32.8
NYK,24,2024-25,M. McBride,Miles McBride,64,24.9,9.5,2.9,0.162,0.155,7.1,38.5,18.7
BOS,24,2024-25,M. Norris,Miles Norris,3,11.6,2.3,0.0,0.127,0.0,-23.2,12.7,6.3
NYK,24,2024-25,M. Robinson,Mitchell Robinson,17,17.1,5.1,0.8,0.109,0.062,5.7,19.5,11.4
NOP,24,2024-25,M. Bamba,Mo Bamba,32,12.9,4.3,0.6,0.15,0.068,-9.0,18.6,10.3
PHX,24,2024-25,M. Morris,Monte Morris,45,12.7,5.2,1.6,0.173,0.188,2.8,26.0,10.8
ORL,24,2024-25,M. Wagner,Moritz Wagner,30,18.8,12.9,1.4,0.254,0.135,-0.9,31.9,21.5
DAL,24,2024-25,M. Brown,Moses Brown,13,9.1,5.8,0.2,0.216,0.029,-4.4,13.8,7.3
GSW,24,2024-25,M. Moody,Moses Moody,74,22.3,9.8,1.3,0.17,0.084,4.3,27.3,19.8
ATL,24,2024-25,M. Gueye,Mouhamed Gueye,33,16.1,6.0,0.8,0.155,0.064,8.8,19.7,11.3
CHA,24,2024-25,M. Diabaté,Moussa Diabaté,71,17.5,5.7,0.8,0.13,0.069,-3.4,19.2,14.2
IND,24,2024-25,M. Turner,Myles Turner,72,30.2,15.6,1.5,0.207,0.072,4.7,40.8,30.5
HOU,24,2024-25,N. Dante,N'Faly Dante,4,12.7,6.0,0.5,0.133,0.05,-8.6,14.8,6.8
CLE,24,2024-25,N. Tomlin,Nae'Qwan Tomlin,5,12.7,7.2,0.4,0.23,0.053,4.4,18.4,11.6
DAL,24,2024-25,N. Marshall,Naji Marshall,69,27.8,13.2,3.0,0.197,0.161,-3.2,46.6,21.4
HOU,24,2024-25,N. Williams,Nate Williams,20,7.3,3.3,0.5,0.212,0.079,-6.2,9.6,5.6
MIN,24,2024-25,N. Reid,Naz Reid,80,27.5,14.2,2.3,0.21,0.123,7.4,47.3,26.6
BOS,24,2024-25,N. Queta,Neemias Queta,62,13.9,5.0,0.7,0.136,0.076,9.1,14.0,9.2
BKN,24,2024-25,N. Claxton,Nic Claxton,70,26.9,10.3,2.2,0.166,0.14,-12.6,47.5,31.1
PHX,24,2024-25,N. Richards,Nick Richards,57,22.0,9.3,0.9,0.169,0.058,-8.7,30.2,17.4
CHA,24,2024-25,N. Smith Jr.,Nick Smith Jr.,60,22.8,9.9,2.4,0.205,0.169,-14.3,44.9,21.7
MIN,24,2024-25,N. Alexander-Walker,Nickeil Alexander-Walker,82,25.3,9.4,2.7,0.155,0.149,6.6,44.3,19.8
LAC,24,2024-25,N. Batum,Nicolas Batum,78,17.5,4.0,1.1,0.087,0.082,5.9,22.8,11.1
DEN,24,2024-25,N. Jokić,Nikola Jokić,70,36.7,29.6,10.2,0.285,0.398,10.5,104.7,56.2
MIA,24,2024-25,N. Jović,Nikola Jović,46,25.1,10.7,2.8,0.178,0.174,-1.1,42.9,24.5
CHI,24,2024-25,N. Vučević,Nikola Vučević,73,31.2,18.5,3.5,0.221,0.165,-2.4,65.0,48.2
BKN,24,2024-25,N. Clowney,Noah Clowney,46,22.7,9.1,0.9,0.185,0.063,-12.3,34.4,20.1
LAC,24,2024-25,N. Powell,Norman Powell,60,32.6,21.8,2.1,0.255,0.096,8.8,42.8,27.3
NYK,24,2024-25,O. Anunoby,OG Anunoby,74,36.6,18.0,2.2,0.195,0.084,5.4,44.9,30.4
IND,24,2024-25,O. Toppin,Obi Toppin,79,19.6,10.5,1.6,0.191,0.116,-2.6,36.3,20.5
TOR,24,2024-25,O. Agbaji,Ochai Agbaji,64,27.2,10.4,1.5,0.144,0.081,-5.7,35.6,21.0
DAL,24,2024-25,O. Prosper,Olivier-Maxence Prosper,52,11.2,3.9,0.8,0.158,0.101,-7.7,15.4,7.8
ATL,24,2024-25,O. Okongwu,Onyeka Okongwu,74,27.9,13.4,2.3,0.169,0.113,1.1,40.3,25.5
TOR,24,2024-25,O. Robinson,Orlando Robinson,44,17.5,6.9,1.8,0.177,0.152,-4.8,30.5,20.1
UTA,24,2024-25,O. Tshiebwe,Oscar Tshiebwe,14,18.2,7.6,0.6,0.144,0.051,-2.5,23.1,14.1
PHI,24,2024-25,O. Brissett,Oshae Brissett,6,23.7,8.7,0.7,0.154,0.04,-10.7,37.8,17.7
PHX,24,2024-25,O. Ighodaro,Oso Ighodaro,61,17.1,4.2,1.2,0.103,0.095,-0.6,24.1,13.8
OKC,24,2024-25,O. Dieng,Ousmane Dieng,37,10.9,3.8,0.8,0.152,0.107,5.1,16.2,9.8
NYK,24,2024-25,P. Tucker,P.J. Tucker,3,19.3,3.0,0.0,0.059,0.0,-21.3,16.7,7.7
DAL,24,2024-25,P. Washington,P.J. Washington,57,32.2,14.7,2.3,0.198,0.098,1.1,53.5,20.8
MIN,24,2024-25,P. Dozier,PJ Dozier,9,3.9,0.8,0.6,0.082,0.167,-9.0,7.4,3.0
DEN,24,2024-25,P. Hall,PJ Hall,19,3.5,1.7,0.2,0.176,0.118,0.5,5.9,3.1
NYK,24,2024-25,P. Dadiet,Pacôme Dadiet,18,6.2,1.7,0.3,0.142,0.063,-9.2,8.4,4.9
ORL,24,2024-25,P. Banchero,Paolo Banchero,46,34.4,25.9,4.8,0.33,0.262,-0.6,77.2,38.0
IND,24,2024-25,P. Siakam,Pascal Siakam,78,32.7,20.2,3.4,0.237,0.155,5.5,55.8,35.0
MIL,24,2024-25,P. Connaughton,Pat Connaughton,41,14.7,5.3,1.7,0.151,0.159,-2.9,26.0,14.1
GSW,24,2024-25,P. Spencer,Pat Spencer,39,6.4,2.5,1.2,0.204,0.274,-2.8,16.2,7.0
LAC,24,2024-25,P. Baldwin Jr.,Patrick Baldwin Jr.,24,4.4,2.2,0.1,0.151,0.042,12.4,6.3,3.0
CHI,24,2024-25,P. Williams,Patrick Williams,63,25.0,9.0,2.0,0.165,0.106,-4.8,37.2,19.0
LAC,24,2024-25,P. Mills,Patty Mills,29,11.1,3.8,0.9,0.15,0.123,-3.4,19.5,7.9
PHI,24,2024-25,P. George,Paul George,41,32.5,16.2,4.3,0.233,0.217,-3.8,64.4,32.1
DET,24,2024-25,P. Reed,Paul Reed,45,9.7,4.1,1.0,0.179,0.141,5.6,14.9,8.9
BOS,24,2024-25,P. Pritchard,Payton Pritchard,80,28.4,14.3,3.5,0.186,0.184,9.5,51.2,20.1
MIA,24,2024-25,P. Larsson,Pelle Larsson,55,14.2,4.6,1.2,0.141,0.116,2.4,17.8,10.7
MIL,24,2024-25,P. Nance,Pete Nance,13,10.6,2.9,0.8,0.116,0.106,-7.0,17.5,10.5
DEN,24,2024-25,P. Watson,Peyton Watson,68,24.3,8.1,1.4,0.138,0.073,0.0,30.4,14.3
PHI,24,2024-25,P. Wheeler,Phillip Wheeler,5,8.9,1.6,0.4,0.221,0.065,13.4,9.0,5.8
NYK,24,2024-25,P. Achiuwa,Precious Achiuwa,57,20.5,6.6,1.0,0.143,0.065,-1.2,27.0,14.5
PHI,24,2024-25,Q. Grimes,Quentin Grimes,75,26.8,14.6,3.0,0.218,0.172,-6.2,46.5,24.7
IND,24,2024-25,Q. Jackson,Quenton Jackson,28,13.6,5.8,1.9,0.167,0.193,0.8,26.1,13.0
LAL,24,2024-25,Q. Olivari,Quincy Olivari,2,5.2,1.5,0.5,0.231,0.2,-81.8,11.0,6.0
GSW,24,2024-25,Q. Post,Quinten Post,42,16.3,8.1,1.3,0.197,0.131,2.4,29.7,19.7
TOR,24,2024-25,R. Barrett,RJ Barrett,58,32.2,21.1,5.4,0.281,0.257,-3.4,69.8,34.9
IND,24,2024-25,R. Dennis,RayJ Dennis,11,6.4,2.7,1.3,0.212,0.255,27.3,14.7,5.9
POR,24,2024-25,R. Rupert,Rayan Rupert,52,8.8,3.0,0.5,0.156,0.083,-9.2,14.2,7.6
BKN,24,2024-25,R. Beekman,Reece Beekman,36,13.0,2.6,1.8,0.122,0.205,-12.0,25.3,10.5
HOU,24,2024-25,R. Sheppard,Reed Sheppard,52,12.6,4.4,1.4,0.171,0.153,-2.7,21.7,10.1
PHI,24,2024-25,R. Jackson,Reggie Jackson,31,12.4,4.4,1.5,0.17,0.172,-3.5,24.9,10.1
WAS,24,2024-25,R. Holmes,Richaun Holmes,31,17.2,7.4,1.4,0.143,0.112,-4.3,24.1,16.1
PHI,24,2024-25,R. Council IV,Ricky Council IV,73,17.1,7.3,1.3,0.196,0.115,-6.1,24.3,14.2
SAS,24,2024-25,R. Minix,Riley Minix,1,6.8,0.0,0.0,0.063,0.0,0.0,8.0,4.0
MIN,24,2024-25,R. Dillingham,Rob Dillingham,49,10.5,4.5,2.0,0.215,0.283,1.2,21.9,9.2
POR,24,2024-25,R. Williams III,Robert Williams III,20,17.6,5.8,1.1,0.12,0.09,-2.0,23.6,15.4
DET,24,2024-25,R. Harper Jr.,Ron Harper Jr.,1,17.0,4.0,2.0,0.205,0.143,3.9,25.0,19.0
DET,24,2024-25,R. Holland II,Ronald Holland II,81,15.6,6.4,1.0,0.177,0.095,-1.0,22.3,10.8
PHX,24,2024-25,R. O'Neale,Royce O'Neale,75,24.5,9.1,2.2,0.151,0.128,-4.2,44.4,22.8
MIN,24,2024-25,R. Gobert,Rudy Gobert,72,33.2,12.0,1.8,0.129,0.075,6.7,43.3,23.5
LAL,24,2024-25,R. Hachimura,Rui Hachimura,59,31.7,13.1,1.4,0.156,0.063,3.9,36.8,20.9
DEN,24,2024-25,R. Westbrook,Russell Westbrook,75,27.9,13.3,6.1,0.23,0.289,-0.6,58.4,26.7
PHX,24,2024-25,R. Dunn,Ryan Dunn,74,19.1,6.9,0.8,0.161,0.059,-4.7,23.8,14.4
MIL,24,2024-25,R. Rollins,Ryan Rollins,56,14.6,6.2,1.9,0.179,0.173,5.4,27.9,11.1
BOS,24,2024-25,S. Hauser,Sam Hauser,71,21.7,8.5,0.9,0.14,0.057,10.0,25.8,13.7
CLE,24,2024-25,S. Merrill,Sam Merrill,71,19.7,7.2,1.5,0.14,0.099,10.3,22.7,14.3
SAS,24,2024-25,S. Mamukelashvili,Sandro Mamukelashvili,61,11.2,6.3,0.8,0.202,0.108,-1.4,19.1,10.9
MEM,24,2024-25,S. Aldama,Santi Aldama,65,25.5,12.5,2.9,0.179,0.149,3.5,47.2,23.8
POR,24,2024-25,S. Henderson,Scoot Henderson,66,26.7,12.7,5.1,0.22,0.274,-1.3,59.8,24.3
TOR,24,2024-25,S. Barnes,Scottie Barnes,65,32.8,19.3,5.8,0.262,0.279,-2.7,75.9,36.5
MEM,24,2024-25,S. Pippen Jr.,Scotty Pippen Jr.,79,21.3,9.9,4.4,0.188,0.283,1.3,46.4,20.4
CHA,24,2024-25,S. Curry,Seth Curry,68,15.6,6.5,0.9,0.151,0.087,-8.0,21.9,13.9
POR,24,2024-25,S. Sharpe,Shaedon Sharpe,72,31.3,18.5,2.8,0.25,0.138,-3.0,52.2,28.1
OKC,24,2024-25,S. Gilgeous-Alexander,Shai Gilgeous-Alexander,76,34.2,32.7,6.4,0.336,0.299,16.7,71.7,26.7
LAL,24,2024-25,S. Milton,Shake Milton,57,14.7,5.5,1.8,0.162,0.184,-6.9,26.8,12.8
POR,24,2024-25,S. Cissoko,Sidy Cissoko,22,5.2,1.5,0.7,0.156,0.197,2.1,8.4,4.8
DET,24,2024-25,S. Fontecchio,Simone Fontecchio,75,16.5,5.9,0.9,0.152,0.071,1.2,22.9,12.5
SAC,24,2024-25,S. Labissiere,Skal Labissiere,4,3.0,1.3,0.3,0.129,0.125,-13.2,3.8,2.5
DAL,24,2024-25,S. Dinwiddie,Spencer Dinwiddie,79,27.0,11.0,4.4,0.175,0.228,-5.0,47.3,18.2
DEN,24,2024-25,S. Jones,Spencer Jones,20,6.2,1.3,0.3,0.128,0.06,-18.0,5.6,4.0
MIL,24,2024-25,S. Umude,Stanley Umude,22,3.9,0.7,0.2,0.137,0.071,-10.1,4.5,3.3
GSW,24,2024-25,S. Curry,Stephen Curry,70,32.2,24.5,6.0,0.286,0.284,5.7,68.1,30.5
SAS,24,2024-25,S. Castle,Stephon Castle,81,26.7,14.7,4.1,0.253,0.231,-4.7,55.0,24.6
HOU,24,2024-25,S. Adams,Steven Adams,58,13.7,3.9,1.1,0.127,0.107,9.4,20.3,12.2
UTA,24,2024-25,S. Mykhailiuk,Svi Mykhailiuk,38,20.0,8.8,2.0,0.198,0.144,-7.4,30.9,15.5
IND,24,2024-25,T. McConnell,T.J. McConnell,79,17.9,9.1,4.4,0.226,0.359,-2.7,51.2,19.2
CHA,24,2024-25,T. Gibson,Taj Gibson,37,11.1,2.9,0.6,0.132,0.081,-13.8,10.8,8.2
CHI,24,2024-25,T. Horton-Tucker,Talen Horton-Tucker,58,12.5,6.5,1.4,0.208,0.162,1.7,21.8,10.7
HOU,24,2024-25,T. Eason,Tari Eason,57,24.9,12.0,1.5,0.185,0.082,5.6,36.1,17.5
MIL,24,2024-25,T. Prince,Taurean Prince,80,27.1,8.2,1.9,0.123,0.093,-0.4,30.9,19.1
UTA,24,2024-25,T. Hendricks,Taylor Hendricks,3,24.8,4.7,0.7,0.113,0.04,-13.5,24.7,15.0
POR,24,2024-25,T. Moore,Taze Moore,2,9.9,3.0,0.5,0.224,0.125,-18.6,30.0,11.0
ATL,24,2024-25,T. Mann,Terance Mann,67,21.1,7.7,1.8,0.145,0.118,-2.3,27.6,15.3
SAC,24,2024-25,T. Davis,Terence Davis,1,7.9,0.0,1.0,0.111,0.167,-20.0,12.0,4.0
MIN,24,2024-25,T. Shannon Jr.,Terrence Shannon Jr.,32,10.6,4.3,1.0,0.166,0.139,0.8,11.4,7.3
MIA,24,2024-25,T. Rozier,Terry Rozier,64,25.9,10.6,2.6,0.195,0.152,-4.9,48.1,20.5
SAC,24,2024-25,T. Taylor,Terry Taylor,3,2.1,0.0,0.7,0.067,0.286,64.3,2.3,1.3
IND,24,2024-25,T. Bryant,Thomas Bryant,66,14.6,6.5,0.8,0.162,0.078,-3.5,21.3,13.8
CHA,24,2024-25,T. Salaün,Tidjane Salaün,60,20.7,5.9,1.2,0.15,0.092,-11.9,31.3,15.7
DET,24,2024-25,T. Hardaway Jr.,Tim Hardaway Jr.,77,28.0,11.0,1.6,0.151,0.074,-0.5,30.2,19.2
DET,24,2024-25,T. Harris,Tobias Harris,73,31.6,13.7,2.2,0.173,0.095,3.9,45.4,26.1
DET,24,2024-25,T. Smith,Tolu Smith,1,22.4,14.0,0.0,0.2,0.0,12.9,31.0,23.0
IND,24,2024-25,T. Bradley,Tony Bradley,14,8.1,4.4,0.4,0.182,0.08,19.0,9.2,6.2
BOS,24,2024-25,T. Craig,Torrey Craig,26,12.1,4.2,0.7,0.139,0.078,-5.0,16.2,9.3
BKN,24,2024-25,T. Evbuomwan,Tosan Evbuomwan,28,23.7,9.5,2.0,0.183,0.132,-5.0,34.4,20.5
POR,24,2024-25,T. Camara,Toumani Camara,78,32.7,11.3,2.2,0.143,0.096,-1.8,44.2,24.3
ATL,24,2024-25,T. Young,Trae Young,76,36.0,24.2,11.6,0.285,0.452,0.6,91.0,29.7
GSW,24,2024-25,T. Jackson-Davis,Trayce Jackson-Davis,62,15.6,6.6,1.7,0.164,0.163,-3.5,29.7,20.6
CHI,24,2024-25,T. Jones,Tre Jones,46,19.7,7.2,4.2,0.136,0.289,-1.5,41.4,15.6
CHA,24,2024-25,T. Mann,Tre Mann,13,24.5,14.1,3.0,0.25,0.219,-7.3,50.5,21.5
BKN,24,2024-25,T. Watford,Trendon Watford,44,20.7,10.2,2.6,0.226,0.211,-4.4,46.1,22.4
LAC,24,2024-25,T. Flowers,Trentyn Flowers,6,4.4,1.8,0.0,0.194,0.0,-13.2,3.8,2.8
ORL,24,2024-25,T. Queen,Trevelin Queen,31,13.9,4.9,1.2,0.176,0.141,-9.2,18.5,11.5
DEN,24,2024-25,T. Alexander,Trey Alexander,24,4.9,1.3,0.5,0.165,0.136,-10.9,9.0,4.4
LAL,24,2024-25,T. Jemison III,Trey Jemison III,38,10.3,2.5,0.4,0.121,0.058,-2.2,13.0,7.4
SAC,24,2024-25,T. Lyles,Trey Lyles,69,19.6,6.5,1.2,0.139,0.084,-2.0,29.4,16.7
NOP,24,2024-25,T. Murphy III,Trey Murphy III,53,35.0,21.2,3.5,0.229,0.157,-9.7,58.2,35.3
CLE,24,2024-25,T. Thompson,Tristan Thompson,40,8.2,1.7,0.6,0.123,0.109,-12.5,14.0,9.1
WAS,24,2024-25,T. Vukcevic,Tristan Vukcevic,35,14.6,9.4,1.1,0.252,0.136,-11.7,24.6,17.3
ORL,24,2024-25,T. da Silva,Tristan da Silva,74,22.0,7.2,1.5,0.149,0.105,-4.2,28.1,16.3
MIN,24,2024-25,T. Newton,Tristen Newton,8,2.0,0.4,0.3,0.185,0.182,-14.2,5.4,2.9
CLE,24,2024-25,T. Jerome,Ty Jerome,70,19.9,12.5,3.4,0.229,0.241,9.9,40.3,15.9
PHX,24,2024-25,T. Washington Jr.,TyTy Washington Jr.,16,7.4,2.2,1.0,0.187,0.188,3.5,14.1,7.0
MIA,24,2024-25,T. Herro,Tyler Herro,77,35.4,23.9,5.5,0.271,0.254,1.3,71.9,35.0
NYK,24,2024-25,T. Kolek,Tyler Kolek,41,7.2,2.0,1.7,0.152,0.321,-0.3,16.5,6.5
MIL,24,2024-25,T. Smith,Tyler Smith,23,5.3,2.9,0.2,0.205,0.056,7.1,8.1,4.4
IND,24,2024-25,T. Haliburton,Tyrese Haliburton,73,33.6,18.6,9.2,0.21,0.384,3.5,93.4,37.4
BKN,24,2024-25,T. Martin,Tyrese Martin,60,21.9,8.7,2.0,0.179,0.15,-10.2,39.0,19.7
PHI,24,2024-25,T. Maxey,Tyrese Maxey,52,37.7,26.3,6.1,0.293,0.276,-3.5,90.1,37.7
BKN,24,2024-25,T. Etienne,Tyson Etienne,7,21.6,7.9,1.7,0.177,0.126,-20.5,36.3,17.1
PHX,24,2024-25,T. Jones,Tyus Jones,81,26.8,10.2,5.3,0.16,0.276,-2.5,61.7,23.7
TOR,24,2024-25,U. Chomche,Ulrich Chomche,7,4.6,0.7,0.3,0.108,0.111,-43.4,5.1,3.0
PHX,24,2024-25,V. Micic,Vasilije Micic,41,19.1,6.6,3.1,0.199,0.258,-7.2,45.0,18.1
SAS,24,2024-25,V. Wembanyama,Victor Wembanyama,46,33.2,24.3,3.7,0.3,0.184,2.6,58.6,41.2
MEM,24,2024-25,V. Williams Jr.,Vince Williams Jr.,27,18.5,6.6,2.0,0.166,0.14,1.2,31.9,15.6
DEN,24,2024-25,V. Čančar,Vlatko Čančar,13,10.4,1.8,0.7,0.109,0.095,-6.9,15.8,9.4
ATL,24,2024-25,V. Krejčí,Vít Krejčí,57,20.2,7.2,2.6,0.131,0.175,-1.9,32.1,17.1
UTA,24,2024-25,W. Kessler,Walker Kessler,58,30.0,11.1,1.7,0.133,0.083,-9.1,36.6,22.7
ORL,24,2024-25,W. Carter Jr.,Wendell Carter Jr.,68,25.9,9.1,2.0,0.159,0.117,0.0,35.4,23.4
CHA,24,2024-25,W. Moore Jr.,Wendell Moore Jr.,36,13.9,4.2,1.2,0.133,0.13,-12.4,21.3,10.3
BOS,24,2024-25,X. Tillman,Xavier Tillman,33,7.0,1.0,0.2,0.125,0.043,-2.3,8.9,4.9
MEM,24,2024-25,Y. Kawamura,Yuki Kawamura,22,4.2,1.6,0.9,0.167,0.257,12.1,9.0,3.6
GSW,24,2024-25,Y. Collins,Yuri Collins,2,8.2,1.0,2.0,0.068,0.333,-17.0,22.5,10.5
NOP,24,2024-25,Y. Missi,Yves Missi,73,26.8,9.1,1.4,0.141,0.072,-12.7,33.6,22.6
ATL,24,2024-25,Z. Risacher,Zaccharie Risacher,75,24.6,12.6,1.2,0.203,0.068,-2.7,32.3,20.1
CHI,24,2024-25,Z. Collins,Zach Collins,64,15.3,6.4,1.7,0.166,0.162,-0.4,26.7,18.7
MEM,24,2024-25,Z. Edey,Zach Edey,66,21.5,9.2,1.0,0.156,0.059,5.3,25.9,14.9
SAC,24,2024-25,Z. LaVine,Zach LaVine,74,35.2,23.3,4.2,0.251,0.178,-1.4,61.4,29.9
DEN,24,2024-25,Z. Nnaji,Zeke Nnaji,57,10.7,3.2,0.4,0.119,0.051,-1.6,9.5,6.0
BKN,24,2024-25,Z. Williams,Ziaire Williams,63,24.5,10.0,1.3,0.179,0.086,-9.7,33.5,19.2
NOP,24,2024-25,Z. Williamson,Zion Williamson,30,28.6,24.6,5.3,0.325,0.325,-1.8,66.4,33.6
MEM,24,2024-25,Z. Pullin,Zyon Pullin,3,0.9,0.0,0.0,0.167,0.0,16.7,1.3,0.3
TOR,25,2025-26,A. Lawson,A.J. Lawson,24,9.4,4.2,0.3,0.172,0.046,-3.1,11.7,6.8
MIL,25,2025-26,A. Green,AJ Green,78,29.1,10.4,1.9,0.135,0.09,-3.6,44.5,24.2
DAL,25,2025-26,A. Johnson,AJ Johnson,48,9.4,3.3,1.0,0.195,0.151,-6.4,15.1,7.3
DEN,25,2025-26,A. Gordon,Aaron Gordon,36,27.9,16.2,2.7,0.213,0.13,12.7,48.0,24.3
HOU,25,2025-26,A. Holiday,Aaron Holiday,57,13.7,5.5,1.1,0.159,0.105,8.3,20.3,9.5
IND,25,2025-26,A. Nesmith,Aaron Nesmith,45,29.7,13.8,1.9,0.19,0.091,-7.3,49.9,31.2
OKC,25,2025-26,A. Wiggins,Aaron Wiggins,65,21.8,9.4,1.7,0.194,0.11,6.2,33.2,16.4
UTA,25,2025-26,A. Bailey,Ace Bailey,72,27.6,13.8,1.8,0.21,0.098,-10.7,33.5,24.1
MEM,25,2025-26,A. Bal,Adama Bal,8,30.2,10.4,2.4,0.134,0.119,-30.3,36.6,22.5
PHI,25,2025-26,A. Bona,Adem Bona,71,17.4,4.8,0.5,0.108,0.034,0.3,16.9,8.8
LAL,25,2025-26,A. Thiero,Adou Thiero,25,6.0,1.9,0.4,0.143,0.094,-13.2,7.3,3.4
OKC,25,2025-26,A. Mitchell,Ajay Mitchell,57,25.8,13.6,3.6,0.21,0.194,15.6,45.4,20.2
GSW,25,2025-26,A. Horford,Al Horford,45,21.5,8.3,2.6,0.163,0.171,-0.9,43.3,27.3
MIL,25,2025-26,A. Antetokounmpo,Alex Antetokounmpo,6,3.4,3.2,0.2,0.314,0.083,12.8,4.8,3.8
OKC,25,2025-26,A. Caruso,Alex Caruso,56,18.2,6.2,2.0,0.152,0.145,17.6,29.4,14.5
ORL,25,2025-26,A. Morales,Alex Morales,4,5.9,2.0,1.0,0.203,0.19,16.3,9.8,6.0
WAS,25,2025-26,A. Sarr,Alex Sarr,48,27.2,16.3,2.7,0.252,0.161,-12.4,56.9,34.0
TOR,25,2025-26,A. Martin,Alijah Martin,23,6.3,2.2,0.5,0.185,0.129,-5.8,9.1,4.9
WAS,25,2025-26,A. Williams,Alondes Williams,4,25.2,11.0,3.0,0.141,0.14,15.6,29.0,15.3
HOU,25,2025-26,A. Sengun,Alperen Sengun,72,33.3,20.4,6.2,0.259,0.282,3.4,71.1,46.7
BOS,25,2025-26,A. Williams,Amari Williams,22,6.6,1.4,0.5,0.103,0.116,-17.4,7.9,5.4
HOU,25,2025-26,A. Thompson,Amen Thompson,79,37.4,18.3,5.3,0.195,0.202,6.6,73.3,27.7
PHX,25,2025-26,A. Coffey,Amir Coffey,46,10.7,3.2,0.6,0.117,0.076,-2.2,10.8,7.4
UTA,25,2025-26,A. Garcia,Andersson Garcia,5,33.8,5.2,2.8,0.094,0.107,-9.8,41.8,20.0
PHI,25,2025-26,A. Drummond,Andre Drummond,63,19.5,6.4,1.3,0.143,0.09,-3.2,22.7,14.2
MIL,25,2025-26,A. Jackson Jr.,Andre Jackson Jr.,48,8.5,2.4,0.9,0.17,0.16,-7.5,17.1,7.8
IND,25,2025-26,A. Nembhard,Andrew Nembhard,57,31.3,16.9,7.7,0.233,0.37,-10.0,87.4,35.8
MIA,25,2025-26,A. Wiggins,Andrew Wiggins,68,30.3,15.4,2.7,0.194,0.123,-0.1,43.1,28.3
CHI,25,2025-26,A. Simons,Anfernee Simons,55,24.9,14.3,2.4,0.227,0.151,3.0,44.7,22.1
ORL,25,2025-26,A. Black,Anthony Black,64,29.8,15.0,3.7,0.219,0.185,0.2,57.1,28.1
WAS,25,2025-26,A. Davis,Anthony Davis,20,31.3,20.4,2.8,0.272,0.14,-4.6,59.4,37.9
MIN,25,2025-26,A. Edwards,Anthony Edwards,61,35.0,28.8,3.7,0.309,0.174,3.5,72.5,32.8
WAS,25,2025-26,A. Gill,Anthony Gill,55,17.3,5.8,1.3,0.116,0.101,-14.4,21.4,13.3
CHA,25,2025-26,A. Reeves,Antonio Reeves,10,6.8,2.7,0.3,0.133,0.068,19.7,7.0,4.7
NYK,25,2025-26,A. Hukporti,Ariel Hukporti,54,9.2,2.2,0.5,0.104,0.08,3.1,9.6,6.9
ATL,25,2025-26,A. Newell,Asa Newell,44,11.4,5.2,0.6,0.16,0.072,-3.8,15.0,9.2
DET,25,2025-26,A. Thompson,Ausar Thompson,73,26.0,9.9,3.1,0.168,0.155,11.6,40.6,19.2
LAL,25,2025-26,A. Reaves,Austin Reaves,51,34.5,23.3,5.5,0.258,0.237,5.0,72.6,27.6
MIN,25,2025-26,A. Dosunmu,Ayo Dosunmu,69,27.3,14.8,3.6,0.197,0.202,-1.5,53.4,27.0
MIA,25,2025-26,B. Adebayo,Bam Adebayo,73,32.4,20.1,3.2,0.248,0.142,6.1,57.7,31.4
BOS,25,2025-26,B. Scheierman,Baylor Scheierman,77,18.6,5.5,1.5,0.117,0.108,7.3,21.5,12.7
BKN,25,2025-26,B. Saraf,Ben Saraf,44,20.8,7.5,3.3,0.202,0.244,-12.5,48.2,19.7
IND,25,2025-26,B. Sheppard,Ben Sheppard,65,21.4,7.1,1.8,0.131,0.112,-8.8,33.9,19.0
LAC,25,2025-26,B. Mathurin,Bennedict Mathurin,54,30.0,17.6,2.4,0.246,0.123,-3.9,51.3,28.6
UTA,25,2025-26,B. Mbeng,Bez Mbeng,15,32.8,8.1,4.1,0.106,0.158,-13.2,41.3,19.7
WAS,25,2025-26,B. Coulibaly,Bilal Coulibaly,56,26.2,11.7,2.6,0.193,0.137,-12.8,45.4,20.5
SAS,25,2025-26,B. Biyombo,Bismack Biyombo,25,5.7,0.9,0.2,0.082,0.056,-32.9,6.5,3.1
UTA,25,2025-26,B. Hinson,Blake Hinson,14,20.4,11.9,1.1,0.175,0.077,6.7,25.7,15.8
POR,25,2025-26,B. Wesley,Blake Wesley,31,11.6,4.8,2.0,0.189,0.254,-8.6,24.9,10.8
MIL,25,2025-26,B. Portis Jr.,Bobby Portis Jr.,67,24.2,13.7,1.6,0.225,0.103,-8.2,46.2,26.3
DET,25,2025-26,B. Klintman,Bobi Klintman,12,5.9,1.8,0.5,0.18,0.128,-4.3,8.4,4.7
LAC,25,2025-26,B. Bogdanović,Bogdan Bogdanović,23,19.7,7.4,2.2,0.185,0.184,-4.4,34.2,15.1
MIN,25,2025-26,B. Hyland,Bones Hyland,71,16.6,8.5,2.6,0.197,0.222,5.2,39.1,17.2
LAC,25,2025-26,B. Beal,Bradley Beal,6,20.2,8.2,1.7,0.224,0.106,-9.3,29.5,18.2
OKC,25,2025-26,B. Carlson,Branden Carlson,42,11.6,5.8,0.7,0.185,0.086,-2.0,17.3,9.5
GSW,25,2025-26,B. Podziemski,Brandin Podziemski,82,28.4,13.8,3.7,0.196,0.198,-0.1,60.3,29.2
MEM,25,2025-26,B. Clarke,Brandon Clarke,2,10.2,4.0,0.5,0.193,0.071,-22.2,13.5,9.0
TOR,25,2025-26,B. Ingram,Brandon Ingram,77,33.8,21.5,3.7,0.264,0.169,1.0,55.1,37.3
CHA,25,2025-26,B. Miller,Brandon Miller,65,30.3,20.2,3.3,0.272,0.173,8.5,58.9,32.5
DAL,25,2025-26,B. Williams,Brandon Williams,66,22.2,13.0,3.9,0.242,0.256,-4.4,48.3,16.3
UTA,25,2025-26,B. Sensabaugh,Brice Sensabaugh,75,23.5,14.9,1.9,0.244,0.124,-9.4,37.0,22.5
LAL,25,2025-26,B. James,Bronny James,42,8.9,2.9,1.2,0.163,0.195,-8.0,17.8,7.9
LAC,25,2025-26,B. Lopez,Brook Lopez,75,21.8,8.5,1.3,0.171,0.087,1.2,25.7,17.2
OKC,25,2025-26,B. Barnhizer,Brooks Barnhizer,40,8.7,1.7,0.6,0.103,0.094,-14.5,9.9,4.3
DEN,25,2025-26,B. Brown,Bruce Brown,82,24.4,7.9,2.1,0.142,0.121,-1.0,37.0,16.5
NOP,25,2025-26,B. McGowens,Bryce McGowens,42,21.0,8.1,1.5,0.136,0.091,-3.6,27.3,13.0
WAS,25,2025-26,B. Carrington,Bub Carrington,82,27.7,10.7,4.6,0.174,0.231,-15.3,59.2,22.1
OKC,25,2025-26,B. Boeheim,Buddy Boeheim,4,3.8,1.5,0.0,0.158,0.0,12.0,3.0,2.5
ATL,25,2025-26,B. Hield,Buddy Hield,51,16.1,7.6,1.4,0.192,0.129,-4.9,29.7,17.3
PHX,25,2025-26,C. Huntley,CJ Huntley,4,10.1,3.0,0.5,0.107,0.053,17.6,8.5,4.8
ATL,25,2025-26,C. McCollum,CJ McCollum,76,29.8,18.7,3.9,0.247,0.194,1.5,57.5,25.7
DET,25,2025-26,C. Cunningham,Cade Cunningham,64,33.9,23.9,9.9,0.296,0.43,11.4,88.9,37.3
ATL,25,2025-26,C. Houstan,Caleb Houstan,18,4.2,2.3,0.2,0.168,0.083,-0.6,5.2,4.1
POR,25,2025-26,C. Love,Caleb Love,49,20.7,10.4,2.5,0.228,0.187,-6.3,37.7,17.4
DAL,25,2025-26,C. Martin,Caleb Martin,58,14.8,3.9,1.4,0.122,0.131,-9.2,17.9,7.7
LAC,25,2025-26,C. Christie,Cam Christie,55,8.7,2.8,0.6,0.168,0.097,-0.6,12.9,6.4
MEM,25,2025-26,C. Spencer,Cam Spencer,72,23.8,11.1,5.6,0.166,0.332,-3.6,52.9,27.7
MIL,25,2025-26,C. Thomas,Cam Thomas,42,21.0,13.5,2.6,0.295,0.208,-12.1,41.0,24.0
WAS,25,2025-26,C. Whitmore,Cam Whitmore,21,16.9,9.2,0.7,0.225,0.067,-19.6,20.6,11.6
DEN,25,2025-26,C. Johnson,Cameron Johnson,54,30.5,12.2,2.4,0.144,0.098,9.5,37.3,23.7
PHI,25,2025-26,C. Payne,Cameron Payne,22,17.0,7.4,2.6,0.183,0.22,-8.1,40.3,15.8
DET,25,2025-26,C. LeVert,Caris LeVert,60,19.2,7.4,2.7,0.178,0.202,0.8,34.7,19.8
SAS,25,2025-26,C. Bryant,Carter Bryant,71,11.5,4.2,0.7,0.158,0.08,0.8,14.1,8.6
OKC,25,2025-26,C. Wallace,Cason Wallace,77,26.6,8.6,2.6,0.141,0.127,12.4,36.7,16.8
MEM,25,2025-26,C. Coward,Cedric Coward,62,25.8,13.6,2.8,0.207,0.154,0.3,54.8,26.5
BKN,25,2025-26,C. Johnson,Chaney Johnson,17,20.4,8.2,2.1,0.16,0.165,-9.0,29.7,18.2
GSW,25,2025-26,C. Bassey,Charles Bassey,13,11.7,5.8,0.5,0.161,0.078,-13.0,19.1,10.1
DET,25,2025-26,C. Lanier,Chaz Lanier,34,7.7,2.4,0.5,0.147,0.085,2.0,7.4,6.3
OKC,25,2025-26,C. Holmgren,Chet Holmgren,69,28.9,17.1,1.7,0.214,0.082,16.1,45.2,24.2
BOS,25,2025-26,C. Boucher,Chris Boucher,9,10.5,2.3,0.3,0.128,0.042,4.4,12.6,7.0
CLE,25,2025-26,C. Livingston,Chris Livingston,3,5.8,3.0,0.3,0.189,0.091,27.0,7.0,4.3
LAL,25,2025-26,C. Mañon,Chris Mañon,9,5.1,0.8,0.3,0.081,0.091,-3.3,6.3,2.3
LAC,25,2025-26,C. Paul,Chris Paul,16,14.2,2.9,3.3,0.135,0.351,-17.3,31.9,12.9
POR,25,2025-26,C. Youngblood,Chris Youngblood,34,5.4,2.1,0.4,0.162,0.092,2.3,5.4,3.5
DEN,25,2025-26,C. Braun,Christian Braun,44,31.8,12.0,2.7,0.142,0.108,10.1,47.5,24.8
ATL,25,2025-26,C. Koloko,Christian Koloko,27,13.2,2.7,0.7,0.109,0.064,-1.3,15.3,8.3
TOR,25,2025-26,C. Hepburn,Chucky Hepburn,2,6.6,0.0,1.0,0.219,0.286,-47.6,15.5,6.0
HOU,25,2025-26,C. Capela,Clint Capela,75,12.3,3.8,0.7,0.133,0.072,8.0,15.8,9.0
CHA,25,2025-26,C. White,Coby White,50,25.0,17.4,4.0,0.283,0.242,3.2,52.4,24.5
IND,25,2025-26,C. Martin,Cody Martin,4,13.8,1.8,0.5,0.119,0.065,-20.2,18.3,8.3
UTA,25,2025-26,C. Williams,Cody Williams,67,24.3,8.8,2.0,0.159,0.111,-10.6,33.1,16.1
DET,25,2025-26,C. Jones,Colby Jones,1,6.8,2.0,2.0,0.158,0.333,80.0,11.0,4.0
MIL,25,2025-26,C. Anthony,Cole Anthony,35,15.0,6.7,3.5,0.244,0.354,-9.7,36.7,12.7
ORL,25,2025-26,C. Castleton,Colin Castleton,4,5.3,1.3,0.3,0.14,0.053,14.0,7.5,4.3
PHX,25,2025-26,C. Gillespie,Collin Gillespie,80,28.5,12.7,4.6,0.181,0.228,3.7,60.2,26.8
TOR,25,2025-26,C. Murray-Boyles,Collin Murray-Boyles,57,21.9,8.5,1.9,0.15,0.122,2.6,33.4,20.8
CHI,25,2025-26,C. Sexton,Collin Sexton,68,23.7,15.4,3.3,0.248,0.217,-3.0,47.9,22.1
DAL,25,2025-26,C. Flagg,Cooper Flagg,70,33.5,21.0,4.5,0.264,0.212,-5.2,68.4,30.2
ATL,25,2025-26,C. Kispert,Corey Kispert,58,18.6,9.2,1.6,0.179,0.121,-7.0,25.1,16.0
MIL,25,2025-26,C. Ryan,Cormac Ryan,11,24.6,14.3,1.7,0.206,0.11,-3.1,35.8,21.0
CLE,25,2025-26,C. Porter Jr.,Craig Porter Jr.,64,17.9,4.5,3.2,0.119,0.225,4.6,35.0,15.8
DEN,25,2025-26,C. Jones,Curtis Jones,10,8.8,2.9,1.0,0.142,0.147,13.6,13.2,7.5
WAS,25,2025-26,D. Russell,D'Angelo Russell,26,19.0,10.2,4.0,0.261,0.328,-3.4,46.5,18.7
SAC,25,2025-26,D. Jeffries,DaQuan Jeffries,3,20.0,10.3,0.3,0.141,0.025,0.8,17.3,11.7
DEN,25,2025-26,D. Holmes II,DaRon Holmes II,25,8.4,3.7,0.6,0.171,0.125,-3.0,10.9,7.8
SAC,25,2025-26,D. Plowden,Daeqwon Plowden,32,26.4,10.8,1.3,0.157,0.065,-10.9,34.7,19.4
BOS,25,2025-26,D. Banton,Dalano Banton,6,10.3,2.0,1.8,0.152,0.268,-4.3,21.7,7.8
PHI,25,2025-26,D. Terry,Dalen Terry,48,11.5,3.7,1.4,0.139,0.167,-2.9,19.6,10.3
LAL,25,2025-26,D. Knecht,Dalton Knecht,54,10.2,4.2,0.4,0.171,0.059,-8.5,13.0,7.4
DAL,25,2025-26,D. Gafford,Daniel Gafford,55,21.7,9.5,1.1,0.151,0.071,-7.1,28.5,15.5
DET,25,2025-26,D. Jenkins,Daniss Jenkins,72,20.2,9.3,3.9,0.209,0.27,6.6,44.8,18.5
BKN,25,2025-26,D. Wolf,Danny Wolf,57,20.8,8.9,2.2,0.201,0.178,-9.0,35.5,20.3
SAC,25,2025-26,D. Saric,Dario Saric,5,8.2,1.0,0.4,0.1,0.061,0.0,8.0,4.4
MEM,25,2025-26,D. Whitehead,Dariq Whitehead,6,30.5,16.3,1.5,0.231,0.078,-24.1,46.3,27.7
CLE,25,2025-26,D. Brown II,Darius Brown II,1,2.7,0.0,0.0,0.167,0.0,-80.0,5.0,2.0
LAC,25,2025-26,D. Garland,Darius Garland,45,29.9,18.8,6.7,0.266,0.322,2.6,66.0,24.7
SAS,25,2025-26,D. Jones Garcia,David Jones Garcia,11,6.2,2.9,1.6,0.18,0.316,23.1,12.0,4.8
DEN,25,2025-26,D. Roddy,David Roddy,5,14.6,8.0,0.8,0.191,0.078,3.1,23.2,12.0
MIA,25,2025-26,D. Mitchell,Davion Mitchell,70,28.6,9.3,6.5,0.137,0.285,4.2,65.2,26.3
BKN,25,2025-26,D. Sharpe,Day'Ron Sharpe,62,18.7,8.7,2.3,0.19,0.207,-4.3,35.1,23.2
SAS,25,2025-26,D. Fox,De'Aaron Fox,72,31.0,18.6,6.2,0.242,0.286,9.9,65.6,24.7
SAC,25,2025-26,D. Hunter,De'Andre Hunter,45,26.1,13.7,2.0,0.218,0.11,-0.9,40.8,22.8
GSW,25,2025-26,D. Melton,De'Anthony Melton,49,23.0,12.3,2.6,0.244,0.164,3.9,50.8,22.4
NOP,25,2025-26,D. Jordan,DeAndre Jordan,12,16.6,4.4,0.9,0.098,0.077,-2.4,20.1,10.6
MEM,25,2025-26,D. Jarreau,DeJon Jarreau,11,21.0,8.0,3.3,0.211,0.265,-23.0,47.5,23.2
SAC,25,2025-26,D. DeRozan,DeMar DeRozan,77,31.2,18.4,4.1,0.222,0.196,-11.7,43.2,28.6
CLE,25,2025-26,D. Wade,Dean Wade,59,22.3,5.8,1.5,0.097,0.082,6.2,28.5,15.1
LAL,25,2025-26,D. Ayton,Deandre Ayton,72,27.2,12.5,0.8,0.164,0.044,0.1,37.1,17.6
NOP,25,2025-26,D. Murray,Dejounte Murray,14,27.8,16.7,6.4,0.267,0.336,1.3,66.6,20.1
POR,25,2025-26,D. Avdija,Deni Avdija,66,33.3,24.2,6.7,0.285,0.316,0.3,83.9,34.7
CLE,25,2025-26,D. Schröder,Dennis Schröder,70,24.2,10.8,4.9,0.21,0.294,-6.2,56.6,22.2
DAL,25,2025-26,D. Lively II,Dereck Lively II,7,16.5,4.3,1.9,0.113,0.153,6.3,24.3,14.7
NOP,25,2025-26,D. Queen,Derik Queen,81,25.0,11.7,3.7,0.214,0.208,-6.7,49.8,25.5
LAC,25,2025-26,D. Jones Jr.,Derrick Jones Jr.,50,27.0,10.1,1.4,0.144,0.068,4.0,33.4,16.8
BOS,25,2025-26,D. White,Derrick White,77,34.1,16.5,5.4,0.216,0.221,11.3,77.8,33.6
ORL,25,2025-26,D. Bane,Desmond Bane,82,33.6,20.1,4.1,0.224,0.19,2.2,59.4,32.1
PHX,25,2025-26,D. Booker,Devin Booker,64,33.5,26.1,6.0,0.307,0.293,3.9,64.3,39.3
SAC,25,2025-26,D. Carter,Devin Carter,38,18.4,8.9,2.7,0.226,0.209,-7.3,38.7,16.5
SAS,25,2025-26,D. Vassell,Devin Vassell,67,30.5,13.9,2.5,0.176,0.107,11.4,42.2,25.7
PHX,25,2025-26,D. Brooks,Dillon Brooks,56,30.4,20.2,1.8,0.279,0.095,-1.1,42.3,23.5
NYK,25,2025-26,D. Jones,Dillon Jones,7,5.6,1.3,0.6,0.111,0.108,4.2,8.7,3.6
SAC,25,2025-26,D. Sabonis,Domantas Sabonis,19,29.7,15.8,4.1,0.223,0.209,-13.9,63.8,38.3
PHI,25,2025-26,D. Barlow,Dominick Barlow,71,23.8,7.7,1.2,0.125,0.069,0.8,27.6,15.5
POR,25,2025-26,D. Clingan,Donovan Clingan,77,27.2,12.1,2.1,0.163,0.112,0.1,41.9,25.6
CLE,25,2025-26,D. Mitchell,Donovan Mitchell,70,33.5,27.9,5.7,0.311,0.266,7.2,70.2,31.2
MIN,25,2025-26,D. DiVincenzo,Donte DiVincenzo,82,30.4,12.2,3.8,0.164,0.164,6.2,54.6,31.3
HOU,25,2025-26,D. Finney-Smith,Dorian Finney-Smith,37,16.8,3.3,1.0,0.104,0.078,1.8,20.0,10.5
SAC,25,2025-26,D. McDermott,Doug McDermott,29,15.1,5.7,0.8,0.146,0.073,-11.1,19.7,14.3
BKN,25,2025-26,D. Powell,Drake Powell,63,20.9,6.5,1.4,0.149,0.113,-16.1,29.3,15.4
GSW,25,2025-26,D. Green,Draymond Green,68,27.5,8.4,5.5,0.158,0.278,-4.3,69.0,37.6
SAC,25,2025-26,D. Eubanks,Drew Eubanks,42,13.1,5.2,0.5,0.161,0.052,-11.4,15.9,10.2
CHA,25,2025-26,D. Peterson,Drew Peterson,6,10.7,0.8,0.3,0.108,0.044,-7.6,13.0,8.0
LAL,25,2025-26,D. Timme,Drew Timme,27,8.7,3.4,0.9,0.155,0.145,-6.9,13.9,8.1
MIA,25,2025-26,D. Smith,Dru Smith,70,16.3,5.6,2.6,0.142,0.214,-3.2,33.3,15.5
DET,25,2025-26,D. Robinson,Duncan Robinson,77,27.4,12.2,2.1,0.152,0.094,11.3,32.5,23.8
POR,25,2025-26,D. Reath,Duop Reath,32,8.1,2.9,0.3,0.13,0.059,-6.4,9.5,5.8
DAL,25,2025-26,D. Powell,Dwight Powell,63,14.4,3.3,1.1,0.084,0.095,-0.5,17.6,10.2
SAC,25,2025-26,D. Cardwell,Dylan Cardwell,44,20.6,5.4,1.4,0.108,0.095,-2.5,24.0,15.0
SAS,25,2025-26,D. Harper,Dylan Harper,69,22.6,11.8,3.9,0.211,0.246,9.5,47.4,20.0
ATL,25,2025-26,D. Daniels,Dyson Daniels,76,33.2,11.9,5.9,0.157,0.23,6.2,64.6,28.1
BKN,25,2025-26,E. Liddell,E.J. Liddell,26,13.4,5.7,0.9,0.168,0.114,-6.5,19.0,11.5
BKN,25,2025-26,E. Dëmin,Egor Dëmin,52,25.2,10.3,3.3,0.182,0.199,-5.9,54.0,21.4
UTA,25,2025-26,E. Harkless,Elijah Harkless,26,21.0,6.8,2.9,0.162,0.177,-2.5,35.2,15.5
SAS,25,2025-26,E. Miller,Emanuel Miller,5,6.6,3.0,0.8,0.169,0.211,-28.0,8.8,6.2
MIN,25,2025-26,E. Freeman,Enrique Freeman,4,9.3,3.3,0.5,0.113,0.057,24.2,10.5,4.0
PHI,25,2025-26,E. Gordon,Eric Gordon,6,12.3,5.5,0.5,0.137,0.063,-17.6,17.2,11.7
IND,25,2025-26,E. Thompson,Ethan Thompson,32,20.4,7.0,1.8,0.154,0.122,-0.1,30.5,17.1
CLE,25,2025-26,E. Mobley,Evan Mobley,65,31.9,18.2,3.6,0.221,0.168,5.7,64.8,34.1
ORL,25,2025-26,F. Wagner,Franz Wagner,34,30.0,20.6,3.3,0.256,0.175,3.6,54.1,31.0
MEM,25,2025-26,G. Jackson,GG Jackson,55,21.4,12.5,1.5,0.23,0.103,-3.5,38.3,20.3
ATL,25,2025-26,G. Vincent,Gabe Vincent,53,16.6,4.4,1.4,0.119,0.109,1.3,22.7,11.6
TOR,25,2025-26,G. Temple,Garrett Temple,22,3.3,0.8,0.4,0.152,0.205,-1.8,6.8,2.5
IND,25,2025-26,G. Mathews,Garrison Mathews,15,13.1,5.2,0.7,0.134,0.069,-0.7,17.0,10.3
MIL,25,2025-26,G. Harris,Gary Harris,48,13.8,2.7,1.1,0.082,0.105,-9.6,15.1,9.6
GSW,25,2025-26,G. Payton II,Gary Payton II,73,15.6,7.5,1.7,0.177,0.164,-2.3,28.8,17.9
MIL,25,2025-26,G. Trent Jr.,Gary Trent Jr.,65,21.2,8.1,1.2,0.167,0.082,-12.4,20.5,16.0
MIL,25,2025-26,G. Antetokounmpo,Giannis Antetokounmpo,36,28.9,27.6,5.4,0.358,0.344,4.4,70.9,33.4
ORL,25,2025-26,G. Bitadze,Goga Bitadze,64,15.2,5.9,1.3,0.128,0.124,1.6,21.9,13.8
TOR,25,2025-26,G. Dick,Gradey Dick,76,14.0,6.0,0.7,0.176,0.066,4.1,16.2,11.0
BKN,25,2025-26,G. Nelson,Grant Nelson,4,8.8,4.3,1.3,0.222,0.217,-9.9,14.8,11.5
CHA,25,2025-26,G. Williams,Grant Williams,36,19.8,7.0,1.6,0.132,0.106,12.9,27.1,16.7
PHX,25,2025-26,G. Allen,Grayson Allen,51,28.8,16.5,3.8,0.231,0.206,0.1,53.9,29.0
CHI,25,2025-26,G. Yabusele,Guerschon Yabusele,67,15.0,5.6,0.9,0.155,0.087,-7.9,21.1,13.6
GSW,25,2025-26,G. Santos,Gui Santos,68,20.5,9.2,2.3,0.181,0.168,1.0,38.5,21.9
SAS,25,2025-26,H. Barnes,Harrison Barnes,77,25.8,9.9,1.9,0.144,0.097,7.8,31.5,19.7
SAS,25,2025-26,H. Ingram,Harrison Ingram,7,3.7,1.6,0.1,0.104,0.048,-12.6,4.7,2.9
UTA,25,2025-26,H. Gray,Hayden Gray,1,24.8,6.0,1.0,0.079,0.05,-29.0,26.0,6.0
PHX,25,2025-26,H. Highsmith,Haywood Highsmith,7,13.0,5.4,1.0,0.121,0.119,1.7,14.4,8.3
NOP,25,2025-26,H. Jones,Herbert Jones,56,28.4,8.9,2.8,0.153,0.13,-0.9,44.6,22.7
BOS,25,2025-26,H. González,Hugo González,74,14.6,3.9,0.5,0.114,0.047,11.9,17.2,8.2
NOP,25,2025-26,H. Dickinson,Hunter Dickinson,5,8.5,2.4,0.4,0.162,0.065,-35.7,12.0,7.2
PHI,25,2025-26,H. Sallis,Hunter Sallis,7,3.7,1.0,0.6,0.169,0.235,-22.8,8.9,2.9
DEN,25,2025-26,H. Tyson,Hunter Tyson,21,7.7,2.2,0.8,0.166,0.17,-7.5,10.1,6.0
TOR,25,2025-26,I. Quickley,Immanuel Quickley,70,31.9,16.4,5.9,0.206,0.261,2.9,72.0,28.0
DET,25,2025-26,I. Jones,Isaac Jones,7,5.1,1.3,0.1,0.119,0.048,-37.9,3.9,2.3
CHI,25,2025-26,I. Okoro,Isaac Okoro,63,26.9,9.3,1.6,0.137,0.079,-8.5,29.4,19.3
UTA,25,2025-26,I. Collier,Isaiah Collier,59,25.7,11.7,7.2,0.204,0.404,-13.2,68.2,23.0
HOU,25,2025-26,I. Crawford,Isaiah Crawford,14,6.6,2.0,0.4,0.138,0.079,-5.9,5.9,3.0
OKC,25,2025-26,I. Hartenstein,Isaiah Hartenstein,47,24.2,9.2,3.5,0.153,0.189,15.6,45.7,26.5
LAC,25,2025-26,I. Jackson,Isaiah Jackson,55,16.5,6.7,0.9,0.152,0.083,-2.9,21.4,12.9
OKC,25,2025-26,I. Joe,Isaiah Joe,71,21.2,11.1,1.3,0.178,0.089,11.7,27.7,18.0
PHX,25,2025-26,I. Livers,Isaiah Livers,36,9.6,1.8,0.6,0.094,0.078,1.1,10.5,5.6
SAC,25,2025-26,I. Stevens,Isaiah Stevens,3,14.3,3.3,3.3,0.107,0.357,-13.0,31.3,13.0
DET,25,2025-26,I. Stewart,Isaiah Stewart,58,22.7,10.0,1.1,0.164,0.073,1.8,25.6,17.2
IND,25,2025-26,I. Zubac,Ivica Zubac,48,30.1,14.1,2.2,0.186,0.11,-2.4,48.0,30.3
HOU,25,2025-26,J. Davison,JD Davison,28,7.8,2.5,1.3,0.153,0.219,2.6,15.3,5.9
MEM,25,2025-26,J. Morant,Ja Morant,20,28.4,19.5,8.1,0.305,0.447,-4.4,71.6,25.5
TOR,25,2025-26,J. Walter,Ja'Kobe Walter,72,20.5,7.5,1.2,0.136,0.079,0.9,24.8,13.8
HOU,25,2025-26,J. Smith Jr.,Jabari Smith Jr.,77,35.1,15.8,1.9,0.179,0.073,5.0,51.9,26.3
PHI,25,2025-26,J. Walker,Jabari Walker,64,11.9,4.3,0.5,0.142,0.061,0.0,14.2,8.5
ATL,25,2025-26,J. Toppin,Jacob Toppin,5,3.4,1.6,0.2,0.14,0.091,31.3,7.0,3.8
WAS,25,2025-26,J. Hardy,Jaden Hardy,57,15.8,9.2,1.0,0.239,0.095,-4.4,23.0,10.8
CHI,25,2025-26,J. Ivey,Jaden Ivey,37,18.1,8.5,1.8,0.192,0.145,2.1,30.2,17.1
MIN,25,2025-26,J. McDaniels,Jaden McDaniels,73,31.7,14.8,2.7,0.182,0.121,3.1,46.8,26.0
HOU,25,2025-26,J. Tate,Jae'Sean Tate,46,8.8,2.8,0.5,0.131,0.095,-3.3,11.4,6.2
MEM,25,2025-26,J. Mashack,Jahmai Mashack,31,21.7,6.2,2.2,0.156,0.141,-14.5,35.9,17.9
MIA,25,2025-26,J. Young,Jahmir Young,14,4.2,1.8,0.6,0.178,0.18,5.6,9.4,4.4
LAC,25,2025-26,J. Telfort,Jahmyl Telfort,8,4.0,0.1,0.1,0.093,0.05,-8.9,3.8,1.4
MIA,25,2025-26,J. Jaquez Jr.,Jaime Jaquez Jr.,75,28.3,15.4,4.7,0.216,0.24,2.9,65.8,28.8
LAL,25,2025-26,J. LaRavia,Jake LaRavia,82,25.1,8.2,1.8,0.138,0.093,0.0,37.0,19.4
TOR,25,2025-26,J. Poeltl,Jakob Poeltl,46,25.0,10.7,2.0,0.15,0.111,2.0,37.0,22.1
NYK,25,2025-26,J. Brunson,Jalen Brunson,74,35.0,26.0,6.8,0.296,0.307,6.1,91.3,34.7
DET,25,2025-26,J. Duren,Jalen Duren,70,28.2,19.5,2.0,0.231,0.104,11.8,49.6,25.8
PHX,25,2025-26,J. Green,Jalen Green,32,25.9,17.8,2.8,0.309,0.181,0.7,47.9,22.5
ATL,25,2025-26,J. Johnson,Jalen Johnson,72,35.2,22.5,7.9,0.264,0.325,3.2,89.2,39.6
DEN,25,2025-26,J. Pickett,Jalen Pickett,50,16.1,5.2,2.3,0.148,0.208,-0.4,29.1,13.5
IND,25,2025-26,J. Slawson,Jalen Slawson,13,23.9,7.3,2.8,0.136,0.167,-4.3,43.7,22.5
CHI,25,2025-26,J. Smith,Jalen Smith,53,20.7,10.2,1.2,0.183,0.081,3.4,34.5,21.4
ORL,25,2025-26,J. Suggs,Jalen Suggs,57,27.6,13.8,5.5,0.22,0.284,5.2,64.9,26.4
OKC,25,2025-26,J. Williams,Jalen Williams,33,28.4,17.1,5.5,0.252,0.274,11.7,54.8,23.8
BKN,25,2025-26,J. Wilson,Jalen Wilson,54,15.9,6.4,0.9,0.177,0.098,-10.9,22.6,12.8
ORL,25,2025-26,J. Cain,Jamal Cain,40,12.1,5.4,0.7,0.159,0.085,4.5,14.3,8.7
DEN,25,2025-26,J. Murray,Jamal Murray,75,35.4,25.4,7.1,0.269,0.298,6.8,76.3,34.3
TOR,25,2025-26,J. Shead,Jamal Shead,82,22.6,6.6,5.4,0.149,0.306,5.8,49.1,18.9
PHX,25,2025-26,J. Bouyea,Jamaree Bouyea,46,14.0,5.7,1.8,0.184,0.191,1.4,27.9,12.7
CLE,25,2025-26,J. Harden,James Harden,70,34.8,23.6,8.0,0.279,0.347,1.8,76.7,30.4
IND,25,2025-26,J. Wiseman,James Wiseman,4,14.6,3.3,0.8,0.114,0.075,-9.5,15.3,9.5
WAS,25,2025-26,J. Watkins,Jamir Watkins,50,20.6,7.4,1.3,0.148,0.089,-6.4,25.9,13.6
TOR,25,2025-26,J. Battle,Jamison Battle,61,8.5,3.1,0.4,0.135,0.062,6.7,9.4,5.8
IND,25,2025-26,J. Walker,Jarace Walker,76,25.7,11.6,2.5,0.2,0.143,-11.1,42.3,23.6
OKC,25,2025-26,J. McCain,Jared McCain,67,17.3,8.3,1.3,0.198,0.111,4.6,28.8,14.3
UTA,25,2025-26,J. Jackson Jr.,Jaren Jackson Jr.,48,30.3,19.4,2.0,0.253,0.105,-2.0,48.8,30.5
LAL,25,2025-26,J. Vanderbilt,Jarred Vanderbilt,65,17.3,4.4,1.3,0.119,0.098,0.2,22.3,10.5
CLE,25,2025-26,J. Allen,Jarrett Allen,56,27.1,15.4,1.8,0.196,0.092,6.4,38.1,25.9
ORL,25,2025-26,J. Richardson,Jase Richardson,54,10.9,4.4,1.1,0.162,0.145,-0.8,17.0,8.7
MEM,25,2025-26,J. Small,Javon Small,41,20.2,9.7,3.7,0.183,0.257,-5.7,39.4,17.7
POR,25,2025-26,J. Cooke,Javonte Cooke,19,4.9,1.2,0.4,0.205,0.127,-28.6,9.2,3.9
DET,25,2025-26,J. Green,Javonte Green,82,17.6,6.9,0.7,0.143,0.052,7.6,24.3,12.4
LAL,25,2025-26,J. Hayes,Jaxson Hayes,66,18.3,7.5,0.9,0.124,0.071,2.4,20.4,12.2
IND,25,2025-26,J. Huff,Jay Huff,82,21.0,9.5,1.5,0.178,0.105,-6.3,29.1,21.3
BOS,25,2025-26,J. Brown,Jaylen Brown,71,34.4,28.7,5.1,0.351,0.251,6.5,68.4,38.6
MIN,25,2025-26,J. Clark,Jaylen Clark,68,13.1,4.0,0.6,0.126,0.064,4.1,12.1,7.4
MEM,25,2025-26,J. Wells,Jaylen Wells,69,26.4,12.5,1.6,0.189,0.085,-4.4,31.4,21.9
OKC,25,2025-26,J. Williams,Jaylin Williams,65,19.7,7.2,2.4,0.153,0.169,11.5,41.2,22.5
CLE,25,2025-26,J. Tyson,Jaylon Tyson,66,26.9,13.2,2.2,0.189,0.115,3.6,40.6,22.2
POR,25,2025-26,J. Kent,Jayson Kent,5,4.5,2.0,0.0,0.137,0.0,-2.7,3.8,1.4
BOS,25,2025-26,J. Tatum,Jayson Tatum,16,32.6,21.8,5.3,0.29,0.246,10.5,76.3,36.9
HOU,25,2025-26,J. Green,Jeff Green,30,5.8,2.2,0.3,0.171,0.07,-8.1,6.5,4.3
POR,25,2025-26,J. Grant,Jerami Grant,57,29.7,18.6,2.1,0.228,0.107,-0.3,46.3,28.0
NOP,25,2025-26,J. Fears,Jeremiah Fears,82,25.8,14.3,3.4,0.245,0.195,-6.4,56.3,18.2
DAL,25,2025-26,J. Robinson-Earl,Jeremiah Robinson-Earl,22,16.4,4.6,0.7,0.129,0.057,-10.2,21.7,10.2
NYK,25,2025-26,J. Sochan,Jeremy Sochan,44,10.6,3.6,0.9,0.141,0.124,-3.9,15.6,8.7
MIL,25,2025-26,J. Sims,Jericho Sims,67,19.7,5.0,1.6,0.095,0.109,-10.1,29.5,16.3
ORL,25,2025-26,J. Howard,Jett Howard,55,12.6,5.5,0.8,0.166,0.095,-5.5,13.7,9.6
ORL,25,2025-26,J. Carter,Jevon Carter,53,16.4,6.4,1.6,0.166,0.148,-5.7,31.3,14.2
GSW,25,2025-26,J. Butler III,Jimmy Butler III,38,31.1,20.0,4.9,0.226,0.24,7.3,64.2,40.6
MIN,25,2025-26,J. Beringer,Joan Beringer,40,7.9,3.9,0.3,0.156,0.052,2.3,9.7,5.5
ATL,25,2025-26,J. Landale,Jock Landale,68,22.1,10.6,1.7,0.177,0.11,-2.2,32.1,22.3
MIN,25,2025-26,J. Ingles,Joe Ingles,27,5.7,1.5,1.3,0.106,0.268,-5.8,10.6,5.3
PHI,25,2025-26,J. Embiid,Joel Embiid,38,31.6,26.9,3.9,0.336,0.209,5.8,69.4,50.1
LAC,25,2025-26,J. Collins,John Collins,69,27.1,13.6,1.0,0.188,0.058,-1.2,36.6,18.3
UTA,25,2025-26,J. Konchar,John Konchar,56,19.9,4.4,2.1,0.09,0.136,-5.9,29.5,14.6
DAL,25,2025-26,J. Poulakidas,John Poulakidas,13,19.5,8.8,0.8,0.153,0.061,-2.3,21.8,13.2
BOS,25,2025-26,J. Tonje,John Tonje,6,7.0,2.5,0.3,0.157,0.083,-1.8,8.3,4.0
PHI,25,2025-26,J. Broome,Johni Broome,11,5.0,0.9,0.4,0.226,0.118,-13.6,9.0,5.5
IND,25,2025-26,J. Furphy,Johnny Furphy,35,18.4,5.1,1.2,0.125,0.085,-4.6,27.4,14.2
MIN,25,2025-26,J. Juzang,Johnny Juzang,21,4.2,2.0,0.3,0.2,0.095,-4.6,5.8,3.0
DEN,25,2025-26,J. Valanciunas,Jonas Valanciunas,65,13.4,8.7,1.2,0.26,0.15,-2.0,27.1,17.2
ORL,25,2025-26,J. Isaac,Jonathan Isaac,52,10.0,2.6,0.4,0.119,0.062,-1.3,11.8,5.9
ATL,25,2025-26,J. Kuminga,Jonathan Kuminga,36,23.1,12.2,2.3,0.226,0.148,4.1,41.6,23.5
TOR,25,2025-26,J. Mogbo,Jonathan Mogbo,40,6.2,1.5,0.6,0.102,0.159,-10.2,8.8,4.1
NYK,25,2025-26,J. Clarkson,Jordan Clarkson,72,17.8,8.6,1.3,0.203,0.11,3.7,22.6,14.2
PHX,25,2025-26,J. Goodwin,Jordan Goodwin,70,22.5,8.7,2.2,0.167,0.136,3.3,39.1,18.9
NOP,25,2025-26,J. Hawkins,Jordan Hawkins,51,13.6,5.1,0.8,0.175,0.086,-9.8,17.3,10.3
SAS,25,2025-26,J. McLaughlin,Jordan McLaughlin,44,6.4,2.0,0.9,0.143,0.199,-11.5,13.8,6.3
LAC,25,2025-26,J. Miller,Jordan Miller,60,22.1,10.0,2.3,0.177,0.157,-0.4,33.9,16.0
NOP,25,2025-26,J. Poole,Jordan Poole,39,23.9,13.4,3.1,0.235,0.185,-7.9,44.7,20.0
BOS,25,2025-26,J. Walsh,Jordan Walsh,68,17.8,5.4,0.8,0.114,0.059,5.1,18.2,10.2
NYK,25,2025-26,J. Alvarado,Jose Alvarado,69,19.9,7.4,3.4,0.167,0.244,1.3,42.1,15.9
CHI,25,2025-26,J. Giddey,Josh Giddey,54,32.1,17.0,9.1,0.238,0.41,-5.0,94.1,40.2
CHA,25,2025-26,J. Green,Josh Green,58,15.7,4.3,0.8,0.104,0.069,12.5,13.7,8.3
NYK,25,2025-26,J. Hart,Josh Hart,66,30.2,12.0,4.8,0.163,0.212,5.5,58.9,27.5
BKN,25,2025-26,J. Minott,Josh Minott,49,17.0,7.4,0.9,0.162,0.083,-0.1,19.1,11.0
NOP,25,2025-26,J. Oduro,Josh Oduro,3,27.3,8.3,1.3,0.09,0.05,3.2,27.0,14.3
HOU,25,2025-26,J. Okogie,Josh Okogie,78,17.4,4.5,0.9,0.112,0.065,5.6,17.9,9.9
POR,25,2025-26,J. Holiday,Jrue Holiday,53,29.4,16.3,6.1,0.227,0.302,6.1,67.9,27.5
SAS,25,2025-26,J. Champagnie,Julian Champagnie,82,27.6,11.1,1.5,0.146,0.071,12.4,37.6,19.4
MIN,25,2025-26,J. Phillips,Julian Phillips,48,8.9,2.9,0.2,0.134,0.032,-2.9,8.0,5.0
WAS,25,2025-26,J. Reese,Julian Reese,13,30.9,11.8,1.8,0.173,0.084,-11.8,46.4,29.7
DEN,25,2025-26,J. Strawther,Julian Strawther,57,15.1,7.2,1.1,0.187,0.101,1.5,21.8,12.0
MIN,25,2025-26,J. Randle,Julius Randle,79,33.0,21.1,5.0,0.258,0.227,4.0,60.8,39.1
WAS,25,2025-26,J. Champagnie,Justin Champagnie,69,20.0,8.7,1.2,0.161,0.087,-9.4,30.1,15.0
PHI,25,2025-26,J. Edwards,Justin Edwards,64,15.3,6.0,1.3,0.154,0.114,-3.4,22.2,13.0
UTA,25,2025-26,J. Nurkić,Jusuf Nurkić,41,26.4,10.9,4.8,0.186,0.261,-7.9,57.9,34.4
DEN,25,2025-26,K. Simpson,KJ Simpson,20,12.9,4.6,2.2,0.21,0.246,0.0,28.2,12.7
WAS,25,2025-26,K. Richmond,Kadary Richmond,3,22.3,8.3,2.7,0.114,0.138,4.0,28.3,12.7
IND,25,2025-26,K. Jones,Kam Jones,37,16.7,4.4,3.2,0.141,0.262,-10.0,33.6,14.9
NYK,25,2025-26,K. Towns,Karl-Anthony Towns,75,31.0,20.1,3.0,0.251,0.142,7.0,52.3,35.7
NOP,25,2025-26,K. Matković,Karlo Matković,62,14.7,5.7,0.8,0.128,0.079,-4.4,16.6,9.7
MIA,25,2025-26,K. Jakučionis,Kasparas Jakučionis,53,17.8,6.2,2.6,0.129,0.178,3.0,32.8,15.1
LAC,25,2025-26,K. Leonard,Kawhi Leonard,65,32.1,27.9,3.6,0.326,0.193,7.5,57.2,31.1
ATL,25,2025-26,K. Wallace,Keaton Wallace,53,10.1,3.5,1.8,0.161,0.264,-8.6,23.5,9.0
SAC,25,2025-26,K. Murray,Keegan Murray,23,34.5,14.0,1.7,0.182,0.07,-10.7,45.9,25.8
MIA,25,2025-26,K. Ware,Kel'el Ware,77,22.1,11.1,0.7,0.174,0.046,-1.0,30.7,14.9
SAS,25,2025-26,K. Johnson,Keldon Johnson,82,23.3,13.2,1.4,0.201,0.085,7.8,36.4,19.3
SAS,25,2025-26,K. Olynyk,Kelly Olynyk,42,8.6,3.2,1.2,0.16,0.203,-6.9,15.9,9.5
PHI,25,2025-26,K. Oubre Jr.,Kelly Oubre Jr.,50,31.5,14.1,1.6,0.179,0.073,-1.9,45.8,25.8
UTA,25,2025-26,K. Chandler,Kennedy Chandler,11,32.3,15.0,6.7,0.195,0.261,-9.3,72.1,28.1
OKC,25,2025-26,K. Williams,Kenrich Williams,56,15.3,6.5,1.4,0.178,0.132,3.1,21.9,12.5
MEM,25,2025-26,K. Caldwell-Pope,Kentavious Caldwell-Pope,51,21.3,8.4,2.7,0.173,0.181,-4.5,40.4,23.8
CLE,25,2025-26,K. Ellis,Keon Ellis,72,20.5,6.7,1.0,0.129,0.067,-4.8,24.2,13.0
MIA,25,2025-26,K. Johnson,Keshad Johnson,32,8.7,4.3,0.3,0.171,0.036,13.0,15.0,8.4
ATL,25,2025-26,K. Gilbert,Keshon Gilbert,4,18.4,4.3,3.0,0.131,0.222,-38.1,27.5,13.3
HOU,25,2025-26,K. Durant,Kevin Durant,78,36.4,26.0,4.8,0.263,0.203,5.5,64.3,43.9
DET,25,2025-26,K. Huerter,Kevin Huerter,69,22.5,10.0,2.6,0.184,0.161,2.3,37.5,23.6
UTA,25,2025-26,K. Love,Kevin Love,37,16.6,6.7,1.8,0.161,0.145,-6.7,30.5,16.3
NYK,25,2025-26,K. McCullar Jr.,Kevin McCullar Jr.,21,7.4,2.4,1.0,0.166,0.208,-12.1,12.2,6.2
MIL,25,2025-26,K. Porter Jr.,Kevin Porter Jr.,38,33.2,17.4,7.4,0.236,0.336,-4.7,79.6,32.1
NOP,25,2025-26,K. Looney,Kevon Looney,21,14.6,2.8,1.6,0.096,0.148,-10.4,23.4,14.6
UTA,25,2025-26,K. George,Keyonte George,54,33.1,23.6,6.1,0.275,0.286,-8.6,78.7,34.6
PHX,25,2025-26,K. Maluach,Khaman Maluach,46,8.9,3.0,0.1,0.142,0.021,2.5,11.5,5.8
DAL,25,2025-26,K. Middleton,Khris Middleton,63,22.8,10.2,2.8,0.198,0.171,-11.1,31.4,20.4
SAC,25,2025-26,K. Hayes,Killian Hayes,23,17.6,5.5,3.5,0.179,0.265,-2.8,37.7,13.4
DAL,25,2025-26,K. Thompson,Klay Thompson,69,21.7,11.7,1.4,0.214,0.096,-4.7,24.9,18.7
IND,25,2025-26,K. Brown,Kobe Brown,61,15.8,5.8,1.3,0.154,0.123,-10.5,23.0,12.6
LAL,25,2025-26,K. Bufkin,Kobe Bufkin,16,7.5,2.9,0.6,0.219,0.128,-30.2,13.0,5.6
LAC,25,2025-26,K. Sanders,Kobe Sanders,68,19.9,7.3,1.6,0.155,0.117,0.2,27.1,13.1
PHX,25,2025-26,K. Brea,Koby Brea,12,7.0,3.8,0.8,0.203,0.189,-4.2,12.6,8.2
CHA,25,2025-26,K. Knueppel,Kon Knueppel,81,31.5,18.5,3.4,0.216,0.158,6.2,51.2,30.8
LAC,25,2025-26,K. Dunn,Kris Dunn,82,27.2,7.3,3.6,0.122,0.179,0.5,51.2,18.8
POR,25,2025-26,K. Murray,Kris Murray,57,23.4,5.8,1.4,0.103,0.082,1.5,20.2,12.4
GSW,25,2025-26,K. Porziņģis,Kristaps Porziņģis,32,24.0,16.7,2.5,0.265,0.162,3.0,40.7,29.2
MIN,25,2025-26,K. Anderson,Kyle Anderson,43,19.8,6.2,2.9,0.131,0.204,-4.2,34.2,17.4
UTA,25,2025-26,K. Filipowski,Kyle Filipowski,77,23.4,11.4,2.6,0.197,0.156,-6.6,41.6,22.3
MIL,25,2025-26,K. Kuzma,Kyle Kuzma,69,26.2,13.0,2.7,0.212,0.153,-6.6,43.9,25.1
PHI,25,2025-26,K. Lowry,Kyle Lowry,14,8.4,1.2,0.8,0.106,0.131,-18.0,12.5,7.0
WAS,25,2025-26,K. George,Kyshawn George,48,29.0,14.8,4.5,0.222,0.226,-11.5,58.3,28.6
GSW,25,2025-26,L. Cryer,LJ Cryer,18,16.2,8.2,1.0,0.196,0.092,-0.4,30.2,17.1
CHA,25,2025-26,L. Ball,LaMelo Ball,72,28.0,20.1,7.1,0.306,0.384,9.1,73.1,31.2
CHI,25,2025-26,L. Olbrich,Lachlan Olbrich,37,9.3,2.4,1.1,0.125,0.153,2.3,14.8,9.8
NYK,25,2025-26,L. Shamet,Landry Shamet,51,23.0,9.3,1.4,0.151,0.084,8.1,28.3,17.3
CLE,25,2025-26,L. Nance Jr.,Larry Nance Jr.,35,12.8,3.7,1.0,0.137,0.105,-2.9,16.6,10.8
UTA,25,2025-26,L. Markkanen,Lauri Markkanen,42,34.3,26.7,2.1,0.269,0.101,-1.5,52.9,33.8
MEM,25,2025-26,L. Lovering,Lawson Lovering,2,24.6,7.0,1.5,0.106,0.07,-0.1,21.5,12.0
LAL,25,2025-26,L. James,LeBron James,60,33.2,20.9,7.2,0.262,0.338,2.6,70.1,39.4
WAS,25,2025-26,L. Black,Leaky Black,15,28.9,7.1,1.5,0.113,0.064,-9.9,34.2,17.9
CHI,25,2025-26,L. Miller,Leonard Miller,46,15.6,7.8,0.9,0.176,0.077,-2.5,25.7,12.2
CHA,25,2025-26,L. McNeeley,Liam McNeeley,31,11.9,4.3,0.8,0.144,0.096,1.6,15.3,8.0
SAS,25,2025-26,L. Waters III,Lindy Waters III,40,7.1,2.4,0.5,0.141,0.09,-1.6,10.1,6.1
CLE,25,2025-26,L. Ball,Lonzo Ball,35,20.8,4.6,3.9,0.13,0.236,1.3,46.3,19.3
MEM,25,2025-26,L. Williamson,Lucas Williamson,7,32.0,10.4,2.6,0.159,0.108,-24.5,54.0,28.3
OKC,25,2025-26,L. Dort,Luguentz Dort,69,26.8,8.3,1.2,0.139,0.059,8.0,28.2,16.5
LAL,25,2025-26,L. Dončić,Luka Dončić,64,35.8,33.5,8.3,0.368,0.387,3.8,87.8,34.8
BOS,25,2025-26,L. Garza,Luka Garza,69,16.2,8.1,1.0,0.168,0.085,5.8,23.7,15.3
LAL,25,2025-26,L. Kennard,Luke Kennard,78,21.5,8.4,2.2,0.131,0.139,0.5,28.8,18.2
SAS,25,2025-26,L. Kornet,Luke Kornet,68,21.0,6.5,1.9,0.1,0.114,3.9,26.7,17.1
CLE,25,2025-26,L. Travers,Luke Travers,12,8.6,2.3,0.8,0.161,0.123,-13.2,13.2,6.9
CHI,25,2025-26,M. McClung,Mac McClung,11,12.3,6.1,0.9,0.199,0.096,-9.4,20.9,12.2
BKN,25,2025-26,M. Smith,Malachi Smith,15,23.9,8.3,3.3,0.136,0.204,-13.2,44.3,20.8
WAS,25,2025-26,M. Branham,Malaki Branham,28,9.8,4.6,0.8,0.177,0.131,-8.8,15.9,7.3
GSW,25,2025-26,M. Leons,Malevy Leons,25,11.1,3.3,0.9,0.137,0.117,-10.6,15.7,9.6
SAC,25,2025-26,M. Monk,Malik Monk,62,22.0,12.5,3.0,0.234,0.208,-8.3,38.1,19.7
PHI,25,2025-26,M. Beauchamp,MarJon Beauchamp,14,14.0,6.8,1.1,0.203,0.109,-4.0,19.4,11.0
DET,25,2025-26,M. Sasser,Marcus Sasser,38,12.0,5.2,2.0,0.197,0.217,13.4,22.7,11.8
LAL,25,2025-26,M. Smart,Marcus Smart,62,28.5,9.3,3.0,0.151,0.133,6.8,44.3,19.9
MIL,25,2025-26,M. Sears,Mark Sears,7,3.7,3.1,0.3,0.344,0.125,21.4,7.7,3.7
PHX,25,2025-26,M. Williams,Mark Williams,60,23.6,11.7,1.0,0.167,0.064,-2.0,34.5,19.1
TOR,25,2025-26,M. Fultz,Markelle Fultz,5,7.2,0.8,1.6,0.163,0.308,-40.2,12.8,3.4
DAL,25,2025-26,M. Bagley III,Marvin Bagley III,60,20.0,10.5,1.4,0.18,0.107,-9.1,30.6,18.1
SAS,25,2025-26,M. Plumlee,Mason Plumlee,20,8.6,1.6,1.0,0.074,0.145,-2.2,12.2,6.3
CHI,25,2025-26,M. Buzelis,Matas Buzelis,77,29.2,16.3,2.1,0.223,0.103,-6.3,52.4,26.5
POR,25,2025-26,M. Thybulle,Matisse Thybulle,30,16.0,5.8,0.9,0.144,0.079,9.0,21.4,12.4
DAL,25,2025-26,M. Christie,Max Christie,77,29.1,12.3,2.0,0.162,0.095,-6.9,39.5,21.2
BOS,25,2025-26,M. Shulga,Max Shulga,11,3.3,0.6,0.2,0.128,0.087,-7.6,6.2,2.4
CLE,25,2025-26,M. Strus,Max Strus,12,24.0,11.2,2.0,0.17,0.113,0.3,42.6,22.0
LAL,25,2025-26,M. Kleber,Maxi Kleber,43,10.7,2.0,0.6,0.092,0.075,3.1,11.8,6.4
SAC,25,2025-26,M. Raynaud,Maxime Raynaud,74,26.5,12.5,1.4,0.178,0.074,-10.9,44.6,22.5
NOP,25,2025-26,M. Peavy,Micah Peavy,61,15.0,4.3,1.0,0.135,0.089,-4.1,15.7,10.5
IND,25,2025-26,M. Potter,Micah Potter,47,19.3,9.7,1.5,0.174,0.111,-6.4,30.9,18.8
BKN,25,2025-26,M. Porter Jr.,Michael Porter Jr.,52,32.5,24.2,3.0,0.292,0.165,-6.6,58.9,36.9
NYK,25,2025-26,M. Bridges,Mikal Bridges,82,32.8,14.4,3.7,0.17,0.158,6.0,55.0,29.4
MIN,25,2025-26,M. Conley,Mike Conley,54,18.4,4.5,2.9,0.113,0.205,0.2,37.7,17.9
CHA,25,2025-26,M. Bridges,Miles Bridges,77,31.0,17.1,3.2,0.221,0.154,3.5,51.7,29.7
DAL,25,2025-26,M. Kelly,Miles Kelly,14,9.6,3.1,0.9,0.144,0.133,-5.1,11.1,7.9
NYK,25,2025-26,M. McBride,Miles McBride,41,26.3,12.0,2.6,0.174,0.136,9.5,46.4,22.9
NYK,25,2025-26,M. Robinson,Mitchell Robinson,60,19.6,5.7,0.9,0.102,0.058,7.8,19.8,12.7
UTA,25,2025-26,M. Bamba,Mo Bamba,4,11.0,2.5,0.3,0.123,0.037,-13.3,15.8,8.5
NYK,25,2025-26,M. Diawara,Mohamed Diawara,69,9.2,3.6,0.8,0.169,0.114,5.3,14.6,8.1
IND,25,2025-26,M. Morris,Monte Morris,6,10.8,3.0,1.5,0.141,0.29,-20.9,25.3,11.8
ORL,25,2025-26,M. Wagner,Moritz Wagner,36,11.8,6.9,0.8,0.237,0.107,-10.0,20.4,13.1
GSW,25,2025-26,M. Moody,Moses Moody,60,25.7,12.1,1.6,0.174,0.093,2.2,31.2,23.1
CHI,25,2025-26,M. Gueye,Mouhamadou Gueye,2,22.7,8.0,3.0,0.138,0.162,-17.3,27.5,16.0
ATL,25,2025-26,M. Gueye,Mouhamed Gueye,77,15.3,4.4,0.9,0.12,0.076,2.3,18.8,10.1
DAL,25,2025-26,M. Cisse,Moussa Cisse,38,13.9,4.5,0.2,0.136,0.023,0.5,15.3,8.3
CHA,25,2025-26,M. Diabaté,Moussa Diabaté,73,26.0,7.9,1.9,0.112,0.099,10.5,36.4,20.8
MIL,25,2025-26,M. Turner,Myles Turner,71,26.9,11.9,1.5,0.181,0.079,-6.2,32.0,23.4
MIA,25,2025-26,M. Gardner,Myron Gardner,45,9.1,3.6,1.0,0.139,0.143,8.4,15.4,8.3
ATL,25,2025-26,N. Dante,N'Faly Dante,4,3.9,0.8,0.0,0.119,0.0,22.4,5.0,2.5
CLE,25,2025-26,N. Tomlin,Nae'Qwan Tomlin,64,15.7,5.8,0.8,0.151,0.071,3.6,17.6,10.6
DAL,25,2025-26,N. Marshall,Naji Marshall,74,29.5,15.2,3.3,0.2,0.162,-4.6,48.5,22.9
GSW,25,2025-26,N. Williams,Nate Williams,14,17.1,8.0,1.0,0.192,0.083,-15.1,18.6,14.6
MIN,25,2025-26,N. Reid,Naz Reid,77,26.1,13.6,2.2,0.212,0.124,3.2,50.1,25.4
BOS,25,2025-26,N. Queta,Neemias Queta,76,25.3,10.2,1.7,0.145,0.091,13.2,35.0,22.0
BKN,25,2025-26,N. Claxton,Nic Claxton,69,27.8,11.7,3.7,0.175,0.216,-12.9,48.5,34.3
CHI,25,2025-26,N. Richards,Nick Richards,48,14.6,5.8,0.3,0.176,0.033,-8.4,20.3,11.5
LAL,25,2025-26,N. Smith Jr.,Nick Smith Jr.,30,12.5,6.2,1.0,0.212,0.127,-1.1,23.3,8.5
ATL,25,2025-26,N. Alexander-Walker,Nickeil Alexander-Walker,78,33.4,20.8,3.7,0.23,0.155,4.0,58.9,29.0
LAC,25,2025-26,N. Batum,Nicolas Batum,74,17.5,4.0,0.9,0.092,0.069,-0.5,23.2,11.3
PHX,25,2025-26,N. Hayes-Davis,Nigel Hayes-Davis,27,7.2,1.3,0.3,0.116,0.055,-17.7,8.5,4.2
DEN,25,2025-26,N. Jokić,Nikola Jokić,65,34.8,27.7,10.7,0.289,0.458,10.8,100.2,55.8
MIA,25,2025-26,N. Jović,Nikola Jović,47,17.2,7.3,2.2,0.203,0.173,-0.8,33.2,18.3
OKC,25,2025-26,N. Topić,Nikola Topić,10,16.0,5.2,4.4,0.204,0.383,-13.7,36.7,14.9
BOS,25,2025-26,N. Vučević,Nikola Vučević,64,28.4,15.1,3.3,0.213,0.175,-1.7,59.2,44.3
SAC,25,2025-26,N. Clifford,Nique Clifford,75,25.1,8.6,2.4,0.167,0.13,-4.5,39.4,18.6
CHI,25,2025-26,N. Essengue,Noa Essengue,2,3.0,0.0,0.0,0.188,0.0,-111.4,4.5,3.5
BKN,25,2025-26,N. Clowney,Noah Clowney,66,27.0,12.3,1.6,0.202,0.095,-8.7,38.0,21.7
ORL,25,2025-26,N. Penda,Noah Penda,59,12.8,3.8,1.2,0.14,0.124,-3.0,21.7,11.0
BKN,25,2025-26,N. Traore,Nolan Traore,56,22.2,8.9,3.8,0.224,0.265,-10.5,54.2,21.5
LAC,25,2025-26,N. Omier,Norchad Omier,6,3.9,2.8,0.3,0.18,0.182,-54.8,8.5,4.2
MIA,25,2025-26,N. Powell,Norman Powell,58,29.6,21.7,2.5,0.262,0.123,0.6,45.0,30.9
NYK,25,2025-26,O. Anunoby,OG Anunoby,67,33.2,16.7,2.2,0.194,0.09,9.2,43.7,26.6
IND,25,2025-26,O. Toppin,Obi Toppin,24,17.7,11.6,2.3,0.241,0.193,-3.6,38.3,22.3
BKN,25,2025-26,O. Agbaji,Ochai Agbaji,62,15.7,5.1,0.8,0.142,0.07,-2.7,19.7,10.8
CLE,25,2025-26,O. Sarr,Olivier Sarr,4,9.8,3.5,1.3,0.108,0.143,26.5,13.5,7.8
MEM,25,2025-26,O. Prosper,Olivier-Maxence Prosper,53,18.6,10.0,1.0,0.183,0.077,-9.7,25.9,14.0
GSW,25,2025-26,O. Yurtseven,Omer Yurtseven,9,11.6,3.8,0.9,0.167,0.103,-5.7,21.1,11.3
ATL,25,2025-26,O. Okongwu,Onyeka Okongwu,74,31.0,15.2,3.1,0.189,0.14,2.1,51.6,33.7
ORL,25,2025-26,O. Robinson,Orlando Robinson,4,6.2,1.8,0.8,0.081,0.158,-22.4,11.3,7.0
UTA,25,2025-26,O. Tshiebwe,Oscar Tshiebwe,27,16.6,7.8,1.2,0.162,0.101,-8.0,22.3,13.7
PHX,25,2025-26,O. Ighodaro,Oso Ighodaro,82,22.1,6.5,2.3,0.12,0.139,5.1,33.4,20.1
MIL,25,2025-26,O. Dieng,Ousmane Dieng,57,19.3,7.6,2.4,0.192,0.185,-8.6,33.7,16.2
DAL,25,2025-26,P. Washington,P.J. Washington,56,31.0,14.2,1.8,0.194,0.082,-7.3,49.0,21.6
CHA,25,2025-26,P. Hall,PJ Hall,19,11.2,4.5,0.5,0.17,0.077,-5.4,15.7,9.5
NYK,25,2025-26,P. Dadiet,Pacôme Dadiet,29,4.7,1.7,0.4,0.167,0.13,-1.7,7.0,3.8
ORL,25,2025-26,P. Banchero,Paolo Banchero,72,34.7,22.2,5.2,0.274,0.235,-0.2,76.4,39.0
IND,25,2025-26,P. Siakam,Pascal Siakam,62,33.2,24.0,3.8,0.292,0.19,-5.6,69.5,39.3
CHA,25,2025-26,P. Connaughton,Pat Connaughton,42,7.1,2.6,0.4,0.15,0.11,-4.3,11.2,6.0
GSW,25,2025-26,P. Spencer,Pat Spencer,66,18.6,7.2,3.5,0.185,0.27,-3.4,45.3,21.3
SAC,25,2025-26,P. Baldwin Jr.,Patrick Baldwin Jr.,9,11.4,3.7,0.6,0.142,0.072,-17.2,12.3,7.4
CHI,25,2025-26,P. Williams,Patrick Williams,72,20.5,7.0,1.5,0.159,0.101,-11.0,30.7,17.1
PHI,25,2025-26,P. George,Paul George,37,30.7,17.3,3.6,0.229,0.175,3.6,62.2,29.5
DET,25,2025-26,P. Reed,Paul Reed,65,13.9,7.8,1.2,0.2,0.134,8.1,22.6,13.4
BOS,25,2025-26,P. Pritchard,Payton Pritchard,79,32.3,17.0,5.2,0.21,0.234,8.0,68.9,30.6
OKC,25,2025-26,P. Sandfort,Payton Sandfort,4,15.8,8.8,0.0,0.186,0.0,-14.0,16.5,10.3
MIA,25,2025-26,P. Larsson,Pelle Larsson,70,26.4,11.4,3.4,0.165,0.163,2.4,38.3,23.9
MIL,25,2025-26,P. Nance,Pete Nance,47,15.7,5.4,1.0,0.132,0.092,-5.2,24.1,14.6
DEN,25,2025-26,P. Watson,Peyton Watson,54,29.6,14.6,2.1,0.204,0.096,6.2,51.4,21.9
SAC,25,2025-26,P. Achiuwa,Precious Achiuwa,73,23.9,10.1,1.4,0.172,0.082,-7.2,30.7,16.6
PHI,25,2025-26,Q. Grimes,Quentin Grimes,75,29.4,13.4,3.3,0.183,0.159,-0.1,47.5,28.2
IND,25,2025-26,Q. Jackson,Quenton Jackson,49,18.3,9.1,2.9,0.2,0.227,-3.8,40.6,18.2
GSW,25,2025-26,Q. Post,Quinten Post,67,17.3,7.7,1.4,0.183,0.116,2.3,32.0,20.6
TOR,25,2025-26,R. Barrett,RJ Barrett,57,30.3,19.3,3.3,0.254,0.157,4.9,54.3,29.4
PHX,25,2025-26,R. Fleming,Rasheer Fleming,55,12.2,4.3,0.3,0.159,0.033,6.1,10.8,7.8
ATL,25,2025-26,R. Dennis,RayJ Dennis,17,12.1,4.4,1.9,0.195,0.26,-14.2,31.8,13.6
MEM,25,2025-26,R. Rupert,Rayan Rupert,64,16.8,5.2,1.1,0.148,0.093,-13.6,23.2,11.4
HOU,25,2025-26,R. Sheppard,Reed Sheppard,82,26.2,13.5,3.4,0.21,0.183,4.3,54.4,22.9
CLE,25,2025-26,R. Minix,Riley Minix,9,6.5,3.9,0.6,0.176,0.104,20.8,9.8,5.0
CHI,25,2025-26,R. Dillingham,Rob Dillingham,65,14.9,6.3,2.2,0.218,0.206,-7.4,30.1,12.6
POR,25,2025-26,R. Williams III,Robert Williams III,59,17.1,6.7,1.0,0.129,0.089,3.4,23.8,12.9
MIN,25,2025-26,R. Zikarsky,Rocco Zikarsky,5,7.3,2.8,0.4,0.131,0.067,6.2,11.0,4.0
BOS,25,2025-26,R. Harper Jr.,Ron Harper Jr.,29,10.9,4.2,0.8,0.158,0.1,2.7,15.5,8.7
DET,25,2025-26,R. Holland II,Ronald Holland II,78,19.9,8.2,1.2,0.184,0.088,5.7,31.6,15.7
PHX,25,2025-26,R. O'Neale,Royce O'Neale,78,28.4,9.8,2.7,0.139,0.129,-3.6,53.0,25.8
MIN,25,2025-26,R. Gobert,Rudy Gobert,76,31.3,10.9,1.7,0.127,0.074,5.0,44.6,23.6
LAL,25,2025-26,R. Hachimura,Rui Hachimura,68,28.3,11.5,0.8,0.149,0.041,2.0,30.3,16.9
SAC,25,2025-26,R. Westbrook,Russell Westbrook,64,28.9,15.2,6.7,0.252,0.33,-12.1,69.0,26.7
PHX,25,2025-26,R. Dunn,Ryan Dunn,70,19.4,5.8,1.5,0.136,0.105,1.7,25.3,13.0
CHA,25,2025-26,R. Kalkbrenner,Ryan Kalkbrenner,69,21.4,7.6,0.8,0.113,0.053,1.1,23.2,14.5
DAL,25,2025-26,R. Nembhard,Ryan Nembhard,60,19.5,6.6,5.3,0.173,0.353,-1.9,43.4,14.7
MIL,25,2025-26,R. Rollins,Ryan Rollins,74,32.1,17.3,5.6,0.236,0.264,-3.2,71.2,29.0
NOP,25,2025-26,S. Bey,Saddiq Bey,72,31.2,17.7,2.5,0.213,0.12,-3.6,43.0,28.8
BOS,25,2025-26,S. Hauser,Sam Hauser,78,24.8,9.2,1.5,0.141,0.077,8.8,35.5,19.6
CLE,25,2025-26,S. Merrill,Sam Merrill,52,26.5,12.8,2.4,0.167,0.119,7.7,40.9,24.5
TOR,25,2025-26,S. Mamukelashvili,Sandro Mamukelashvili,80,21.9,11.2,1.9,0.181,0.123,5.3,34.7,21.1
MEM,25,2025-26,S. Aldama,Santi Aldama,43,27.9,14.0,2.9,0.191,0.153,-2.4,54.1,30.7
POR,25,2025-26,S. Henderson,Scoot Henderson,30,24.9,14.2,3.7,0.246,0.231,3.2,54.7,24.0
TOR,25,2025-26,S. Barnes,Scottie Barnes,80,33.5,18.1,5.9,0.226,0.255,4.6,70.6,35.1
MEM,25,2025-26,S. Pippen Jr.,Scotty Pippen Jr.,10,21.2,11.4,4.7,0.255,0.324,-11.5,49.7,25.0
LAC,25,2025-26,S. Pedulla,Sean Pedulla,7,4.4,1.9,0.7,0.219,0.294,-30.0,8.1,3.3
GSW,25,2025-26,S. Curry,Seth Curry,10,13.3,7.1,1.0,0.169,0.106,-3.0,18.8,13.4
POR,25,2025-26,S. Sharpe,Shaedon Sharpe,50,29.4,20.8,2.6,0.293,0.151,-1.3,54.8,26.9
OKC,25,2025-26,S. Gilgeous-Alexander,Shai Gilgeous-Alexander,68,33.2,31.1,6.6,0.323,0.332,16.3,66.6,23.4
WAS,25,2025-26,S. Cooper,Sharife Cooper,41,17.1,8.1,3.0,0.197,0.256,-11.7,37.2,14.1
POR,25,2025-26,S. Cissoko,Sidy Cissoko,75,19.1,5.1,1.5,0.123,0.107,-1.7,23.6,13.8
MIA,25,2025-26,S. Fontecchio,Simone Fontecchio,70,16.7,8.5,1.4,0.184,0.121,3.3,25.3,16.1
CHA,25,2025-26,S. James,Sion James,82,22.5,5.4,2.0,0.109,0.121,3.3,34.1,15.8
WAS,25,2025-26,S. Labissiere,Skal Labissiere,3,12.5,4.3,1.0,0.117,0.115,4.0,22.3,14.7
DEN,25,2025-26,S. Jones,Spencer Jones,64,22.1,5.5,0.8,0.097,0.047,1.6,17.0,9.7
SAS,25,2025-26,S. Umude,Stanley Umude,2,3.3,1.0,0.5,0.143,0.333,-109.5,4.0,3.0
GSW,25,2025-26,S. Curry,Stephen Curry,43,30.9,26.6,4.7,0.308,0.245,2.8,65.4,29.4
SAS,25,2025-26,S. Castle,Stephon Castle,68,30.0,16.7,7.4,0.243,0.344,9.8,67.8,27.6
HOU,25,2025-26,S. Adams,Steven Adams,32,22.8,5.8,1.5,0.116,0.084,11.8,28.2,16.7
UTA,25,2025-26,S. Mykhailiuk,Svi Mykhailiuk,50,23.1,9.4,1.9,0.143,0.107,-3.0,28.8,16.1
IND,25,2025-26,T. McConnell,T.J. McConnell,56,17.2,9.4,5.1,0.227,0.469,-7.6,50.0,17.3
IND,25,2025-26,T. Peter,Taelon Peter,38,13.0,4.5,1.1,0.159,0.113,-8.7,20.7,11.5
MEM,25,2025-26,T. Gibson,Taj Gibson,10,9.7,3.4,0.6,0.123,0.092,-4.7,9.8,7.0
HOU,25,2025-26,T. Eason,Tari Eason,60,25.8,10.5,1.5,0.181,0.078,6.5,39.0,17.9
MIL,25,2025-26,T. Prince,Taurean Prince,26,23.5,9.2,1.8,0.157,0.102,-3.8,31.5,20.5
MEM,25,2025-26,T. Hendricks,Taylor Hendricks,59,19.0,7.4,0.9,0.157,0.07,-10.7,21.5,12.3
BKN,25,2025-26,T. Mann,Terance Mann,63,24.3,7.2,3.0,0.133,0.182,-8.2,41.0,18.6
MIN,25,2025-26,T. Shannon Jr.,Terrence Shannon Jr.,43,12.5,5.6,0.9,0.171,0.102,-8.5,16.3,8.2
MIL,25,2025-26,T. Antetokounmpo,Thanasis Antetokounmpo,34,4.4,1.4,0.4,0.154,0.172,3.1,6.4,4.0
CLE,25,2025-26,T. Bryant,Thomas Bryant,60,12.2,6.2,0.6,0.182,0.067,3.6,19.9,12.0
CHA,25,2025-26,T. Salaün,Tidjane Salaün,37,15.6,6.0,0.7,0.147,0.071,2.1,22.4,10.8
DEN,25,2025-26,T. Hardaway Jr.,Tim Hardaway Jr.,80,26.6,13.5,1.4,0.177,0.07,4.5,31.3,19.2
DET,25,2025-26,T. Harris,Tobias Harris,63,27.7,13.3,2.5,0.181,0.12,10.0,42.3,24.9
MEM,25,2025-26,T. Okani,Toby Okani,6,36.2,10.0,1.0,0.142,0.039,-28.1,30.2,20.8
DET,25,2025-26,T. Smith,Tolu Smith,15,9.2,3.7,0.9,0.177,0.143,2.3,13.8,9.5
ATL,25,2025-26,T. Bradley,Tony Bradley,41,11.0,4.0,0.5,0.136,0.077,-14.2,12.1,8.0
CHA,25,2025-26,T. Evbuomwan,Tosan Evbuomwan,5,1.5,0.0,0.0,0.048,0.0,-50.0,1.6,1.0
POR,25,2025-26,T. Camara,Toumani Camara,82,33.3,13.4,2.5,0.16,0.103,1.3,55.3,28.6
WAS,25,2025-26,T. Young,Trae Young,15,25.6,17.9,8.0,0.262,0.44,-8.1,62.3,23.3
TOR,25,2025-26,T. Jackson-Davis,Trayce Jackson-Davis,53,9.4,3.4,0.7,0.142,0.122,-7.6,15.8,10.1
WAS,25,2025-26,T. Johnson,Tre Johnson,60,24.0,12.2,2.0,0.22,0.122,-11.2,33.3,20.1
CHI,25,2025-26,T. Jones,Tre Jones,65,27.0,14.1,5.4,0.186,0.284,-3.8,60.8,26.3
CHA,25,2025-26,T. Mann,Tre Mann,53,12.6,5.5,1.6,0.231,0.223,-10.1,26.5,11.5
PHI,25,2025-26,T. Watford,Trendon Watford,53,16.3,6.5,2.5,0.17,0.229,-9.1,38.7,17.6
CHI,25,2025-26,T. Flowers,Trentyn Flowers,2,2.8,2.0,0.5,0.25,0.5,-18.2,4.0,3.5
BKN,25,2025-26,T. Scott,Trevon Scott,6,30.4,8.0,1.7,0.136,0.078,-16.9,41.5,27.5
MIA,25,2025-26,T. Keels,Trevor Keels,8,1.9,1.0,0.0,0.261,0.0,17.7,3.5,2.6
NOP,25,2025-26,T. Alexander,Trey Alexander,9,12.3,5.2,1.0,0.148,0.107,-7.0,17.2,7.4
NYK,25,2025-26,T. Jemison III,Trey Jemison III,13,6.3,1.0,0.4,0.099,0.088,-16.8,6.3,4.2
NOP,25,2025-26,T. Murphy III,Trey Murphy III,66,35.5,21.5,3.8,0.223,0.16,-3.6,61.2,32.0
CLE,25,2025-26,T. Enaruna,Tristan Enaruna,9,9.5,4.1,0.8,0.16,0.101,21.7,12.2,6.6
WAS,25,2025-26,T. Vukcevic,Tristan Vukcevic,49,13.7,9.0,1.1,0.259,0.133,-15.1,23.7,15.5
ORL,25,2025-26,T. da Silva,Tristan da Silva,77,24.7,9.9,1.6,0.16,0.092,1.6,31.3,17.4
HOU,25,2025-26,T. Newton,Tristen Newton,1,12.0,12.0,0.0,0.345,0.0,8.0,21.0,14.0
MEM,25,2025-26,T. Jerome,Ty Jerome,15,22.6,19.7,5.7,0.332,0.409,-5.0,52.3,22.3
LAC,25,2025-26,T. Washington Jr.,TyTy Washington Jr.,16,5.5,1.3,1.1,0.113,0.283,-18.1,9.8,4.0
MEM,25,2025-26,T. Burton,Tyler Burton,12,25.6,10.8,1.0,0.18,0.062,-22.3,33.6,19.4
MIA,25,2025-26,T. Herro,Tyler Herro,33,31.3,20.5,4.1,0.248,0.199,-2.0,60.1,31.7
NYK,25,2025-26,T. Kolek,Tyler Kolek,62,11.7,4.4,2.7,0.173,0.328,6.0,29.2,11.1
DAL,25,2025-26,T. Smith,Tyler Smith,12,13.8,4.7,0.4,0.135,0.041,-4.1,16.8,7.2
PHI,25,2025-26,T. Martin,Tyrese Martin,46,16.9,6.3,1.7,0.178,0.163,-10.9,32.8,14.8
PHI,25,2025-26,T. Maxey,Tyrese Maxey,70,38.0,28.3,6.6,0.286,0.288,1.5,95.3,40.2
CLE,25,2025-26,T. Proctor,Tyrese Proctor,50,10.9,5.4,1.5,0.214,0.196,-0.3,20.3,9.7
BKN,25,2025-26,T. Etienne,Tyson Etienne,24,15.8,7.9,1.7,0.198,0.17,-12.2,24.2,12.7
DEN,25,2025-26,T. Jones,Tyus Jones,67,14.6,3.0,2.4,0.103,0.222,-6.1,31.8,12.6
PHI,25,2025-26,V. Edgecombe,VJ Edgecombe,75,35.0,16.0,4.2,0.196,0.172,0.9,70.5,33.0
SAS,25,2025-26,V. Wembanyama,Victor Wembanyama,64,29.2,25.0,3.1,0.316,0.17,17.0,58.5,35.3
UTA,25,2025-26,V. Williams Jr.,Vince Williams Jr.,40,20.5,7.5,4.2,0.19,0.281,0.3,49.4,22.5
MIA,25,2025-26,V. Goldin,Vladislav Goldin,9,2.7,0.8,0.3,0.101,0.136,16.3,2.6,1.4
POR,25,2025-26,V. Krejčí,Vít Krejčí,65,21.4,8.5,1.5,0.142,0.099,-1.1,30.2,19.8
UTA,25,2025-26,W. Kessler,Walker Kessler,5,30.8,14.4,3.0,0.167,0.155,4.8,53.0,35.0
MEM,25,2025-26,W. Clayton Jr.,Walter Clayton Jr.,69,20.4,7.8,4.0,0.181,0.274,-9.6,45.7,19.2
ORL,25,2025-26,W. Carter Jr.,Wendell Carter Jr.,78,29.3,11.8,2.0,0.156,0.095,2.2,38.9,26.0
DET,25,2025-26,W. Moore Jr.,Wendell Moore Jr.,6,9.9,1.7,0.7,0.066,0.068,34.6,11.0,5.3
GSW,25,2025-26,W. Richard,Will Richard,69,20.0,6.4,1.3,0.123,0.094,-3.3,24.4,16.0
WAS,25,2025-26,W. Riley,Will Riley,74,22.1,10.3,2.0,0.196,0.131,-14.1,35.1,19.1
CHA,25,2025-26,X. Tillman,Xavier Tillman,30,6.1,1.5,0.4,0.127,0.113,-4.9,8.4,5.2
POR,25,2025-26,Y. Hansen,Yang Hansen,43,7.0,2.2,0.5,0.196,0.111,-15.1,9.2,5.8
LAC,25,2025-26,Y. Konan Niederhäuser,Yanic Konan Niederhäuser,41,10.3,4.3,0.3,0.153,0.041,4.5,11.5,6.7
CHI,25,2025-26,Y. Kawamura,Yuki Kawamura,18,11.6,3.4,2.6,0.133,0.266,-2.3,24.6,11.9
NOP,25,2025-26,Y. Missi,Yves Missi,66,19.7,5.7,1.3,0.122,0.087,-1.3,24.5,14.7
ATL,25,2025-26,Z. Risacher,Zaccharie Risacher,67,22.4,9.6,1.1,0.168,0.068,0.2,26.3,16.0
CHI,25,2025-26,Z. Collins,Zach Collins,10,18.4,9.7,1.5,0.177,0.114,3.4,30.0,20.7
MEM,25,2025-26,Z. Edey,Zach Edey,11,25.8,13.6,1.1,0.2,0.061,18.3,36.5,22.7
SAC,25,2025-26,Z. LaVine,Zach LaVine,39,31.4,19.2,2.3,0.234,0.111,-12.6,51.3,28.4
DEN,25,2025-26,Z. Nnaji,Zeke Nnaji,52,12.0,3.7,0.6,0.136,0.069,-6.6,14.1,9.1
BKN,25,2025-26,Z. Williams,Ziaire Williams,56,22.9,10.2,1.1,0.179,0.076,-10.1,26.7,15.7
NOP,25,2025-26,Z. Williamson,Zion Williamson,62,29.7,21.0,3.2,0.25,0.174,-1.9,49.0,25.6
MIN,25,2025-26,Z. Pullin,Zyon Pullin,5,8.5,4.6,1.8,0.167,0.281,2.5,17.0,5.8
