player,season,team,position,gp,mpg,usage,structural_influence,influence_residual,usage_percentile,influence_percentile,role_classification,canonical_archetype,influence_cv
R. Gobert,2022-23,MIN,C,70.0,30.7,0.161,0.7805032845213218,0.7626269522653625,34.41558441558442,100.0,CONNECTOR / HUB,,0.6281056202924915
R. Gobert,2023-24,MIN,C,76.0,34.1,0.152,0.6197062463896956,0.598455483536847,26.56926406926407,99.89177489177489,CONNECTOR / HUB,,0.6281056202924915
R. Gobert,2024-25,MIN,C,72.0,33.2,0.129,0.5108862830941341,0.49491648401150456,10.876623376623376,99.78354978354979,CONNECTOR / HUB,CONNECTOR / HUB,0.6281056202924915
D. Gafford,2022-23,WAS,F-C,78.0,20.6,0.146,0.4108602821575936,0.3970993866892927,22.023809523809522,99.67532467532467,CONNECTOR / HUB,CONNECTOR / HUB,1.2755270812969108
K. Ware,2024-25,MIA,C,64.0,22.2,0.169,0.2825741860927192,0.2681270224005442,40.909090909090914,99.13419913419914,CONNECTOR / HUB,,0.15562543211542082
J. Duren,2022-23,DET,C,67.0,24.9,0.139,0.2398630700210248,0.2266654041052354,16.504329004329005,98.7012987012987,CONNECTOR / HUB,CONNECTOR / HUB,0.7901324734163144
W. Kessler,2023-24,UTA,C,64.0,23.3,0.127,0.2391867716151694,0.22666066781654637,9.848484848484848,98.59307359307358,CONNECTOR / HUB,CONNECTOR / HUB,1.1701973280387763
J. Poeltl,2023-24,TOR,C,50.0,26.4,0.16,0.217306701201067,0.20347628647754842,33.22510822510822,98.26839826839827,CONNECTOR / HUB,,0.8930150405104541
I. Jackson,2022-23,IND,F,63.0,16.5,0.165,0.2029695916284357,0.19071032268402638,37.71645021645021,97.94372294372295,CONNECTOR / HUB,,1.3037550879913125
I. Hartenstein,2024-25,OKC,C-F,57.0,27.9,0.165,0.1823036073141152,0.16686944243710763,37.71645021645021,97.51082251082252,CONNECTOR / HUB,,0.9008540847865435
J. Duren,2024-25,DET,C,78.0,26.1,0.161,0.1721338288700984,0.1545616413618991,34.41558441558442,97.40259740259741,CONNECTOR / HUB,,0.7901324734163144
D. Powell,2022-23,DAL,F-C,76.0,19.2,0.123,0.1463174827841737,0.1335208595768134,7.954545454545454,96.96969696969697,CONNECTOR / HUB,CONNECTOR / HUB,1.8336688786496498
B. Clarke,2024-25,MEM,F,64.0,18.9,0.15,0.1423486166339161,0.12938261945509777,25.0,96.64502164502164,CONNECTOR / HUB,CONNECTOR / HUB,1.1289636515482502
K. Looney,2022-23,GSW,F,82.0,23.9,0.104,0.1340584992271262,0.12137581728166537,2.326839826839827,96.42857142857143,CONNECTOR / HUB,CONNECTOR / HUB,1.4170728902256025
T. Jones,2023-24,WAS,G,66.0,29.3,0.161,0.1174596951236596,0.09652848712925866,34.41558441558442,95.77922077922078,CONNECTOR / HUB,,1.739958818338151
J. Williams,2022-23,OKC,G-F,75.0,30.3,0.18,0.1136958515594601,0.10201162051892952,49.51298701298701,95.508658008658,CONNECTOR / HUB,,1.5734206245879176
J. Williams,2022-23,OKC,G-F,49.0,18.7,0.133,0.1136958515594601,0.10201162051892952,12.878787878787879,95.508658008658,CONNECTOR / HUB,CONNECTOR / HUB,1.5734206245879176
J. Allen,2024-25,CLE,C,82.0,28.0,0.156,0.1096850958085023,0.08796703474431983,29.49134199134199,95.23809523809523,CONNECTOR / HUB,,0.7600715920535114
J. Hayes,2024-25,LAL,C-F,56.0,19.5,0.12,0.10667139030881,0.09475296433964521,6.70995670995671,94.91341991341992,CONNECTOR / HUB,CONNECTOR / HUB,0.7441612281808572
K. Caldwell-Pope,2022-23,DEN,G,76.0,31.3,0.136,0.0982748122958974,0.07346042636091983,15.259740259740258,94.48051948051948,CONNECTOR / HUB,CONNECTOR / HUB,0.632849407942596
A. Bona,2024-25,PHI,F,58.0,15.6,0.135,0.0943321994609134,0.08287319624125979,14.285714285714285,94.37229437229438,CONNECTOR / HUB,CONNECTOR / HUB,0.30202385145183586
T. Jackson-Davis,2024-25,GSW,F,62.0,15.6,0.164,0.0912513001111031,0.07878388264738023,36.85064935064935,93.93939393939394,CONNECTOR / HUB,,0.3845429219200657
B. Carrington,2024-25,WAS,G,82.0,30.0,0.154,0.0891019082934972,0.06548865615567581,27.380952380952383,93.72294372294373,CONNECTOR / HUB,,0.8190988183718771
G. Bitadze,2024-25,ORL,C-F,70.0,20.4,0.142,0.0887695631638385,0.07578720312163087,19.047619047619047,93.61471861471861,CONNECTOR / HUB,CONNECTOR / HUB,1.3256741560808316
Z. Edey,2024-25,MEM,C,66.0,21.5,0.156,0.087982350051941,0.07480296231751735,29.49134199134199,93.3982683982684,CONNECTOR / HUB,,1.0264561420089018
L. Kornet,2023-24,BOS,C-F,63.0,15.6,0.107,0.0878452754763997,0.07656868189472558,2.976190476190476,93.29004329004329,CONNECTOR / HUB,CONNECTOR / HUB,0.8647428763630545
N. Claxton,2022-23,BKN,C,76.0,29.9,0.155,0.0845240026860323,0.06339255607121158,28.19264069264069,92.85714285714286,CONNECTOR / HUB,,0.13942541097079908
K. Caldwell-Pope,2023-24,DEN,G,76.0,31.6,0.126,0.0783233073139474,0.05611742523292318,9.469696969696969,92.31601731601732,CONNECTOR / HUB,CONNECTOR / HUB,0.632849407942596
N. Claxton,2024-25,BKN,C,70.0,26.9,0.166,0.0761356226573988,0.05666287470133918,38.74458874458874,92.09956709956711,CONNECTOR / HUB,,0.13942541097079908
D. Eubanks,2023-24,PHX,F-C,75.0,15.6,0.129,0.0723371474336652,0.06016699509261141,10.876623376623376,91.55844155844156,CONNECTOR / HUB,CONNECTOR / HUB,0.6146963737106388
N. Claxton,2023-24,BKN,C,71.0,29.8,0.156,0.0689299074424872,0.05036030413185193,29.49134199134199,90.9090909090909,CONNECTOR / HUB,,0.13942541097079908
D. Eubanks,2022-23,POR,F-C,78.0,20.3,0.122,0.0678085015995417,0.054443244392414124,7.35930735930736,90.80086580086581,CONNECTOR / HUB,CONNECTOR / HUB,0.6146963737106388
N. Richards,2023-24,CHA,C,67.0,26.2,0.131,0.0658941908592143,0.05252270328931956,11.796536796536797,90.5844155844156,CONNECTOR / HUB,CONNECTOR / HUB,1.3808639143817765
J. McDaniels,2022-23,MIN,F,79.0,30.6,0.156,0.0635052077778828,0.039577754280518726,29.49134199134199,90.04329004329004,CONNECTOR / HUB,,1.907000844502344
R. Holmes,2024-25,WAS,F,31.0,17.2,0.143,0.0610413169898428,0.04987119313443687,20.075757575757574,89.93506493506493,CONNECTOR / HUB,CONNECTOR / HUB,1.5249006445077793
K. George,2024-25,WAS,F,68.0,26.5,0.156,0.0592002928445739,0.040598436238334513,29.49134199134199,89.82683982683982,CONNECTOR / HUB,,1.0469084678413425
C. Braun,2024-25,DEN,G,79.0,33.9,0.155,0.0590010119265291,0.028662047778185023,28.19264069264069,89.71861471861472,CONNECTOR / HUB,,0.9022023669375915
W. Kessler,2022-23,UTA,C,74.0,23.0,0.13,0.0559800912101506,0.0430083583572998,11.363636363636363,89.17748917748918,CONNECTOR / HUB,CONNECTOR / HUB,1.1701973280387763
I. Zubac,2022-23,LAC,C,76.0,28.5,0.149,0.0509910229927556,0.03426181096369772,24.08008658008658,88.09523809523809,CONNECTOR / HUB,CONNECTOR / HUB,0.7415824428262356
C. Paul,2024-25,SAS,G,82.0,28.0,0.137,0.049450317323337,0.03205900496380451,15.909090909090908,87.87878787878788,CONNECTOR / HUB,CONNECTOR / HUB,0.6701853140857533
A. Thompson,2024-25,HOU,G-F,69.0,32.3,0.172,0.0493816837159525,0.02198908899421995,42.91125541125541,87.77056277056276,CONNECTOR / HUB,,0.7379273787203018
C. Capela,2024-25,ATL,C,55.0,21.4,0.16,0.0491439060143463,0.03632177584652996,33.22510822510822,87.66233766233766,CONNECTOR / HUB,,0.41326741239838877
I. Hartenstein,2023-24,NYK,C-F,75.0,25.3,0.116,0.0468282906051973,0.0335598935458647,5.51948051948052,87.12121212121212,CONNECTOR / HUB,CONNECTOR / HUB,0.9008540847865435
B. Clarke,2022-23,MEM,F,56.0,19.5,0.174,0.0466894381875269,0.033364064978433736,44.53463203463203,86.90476190476191,CONNECTOR / HUB,,1.1289636515482502
J. Sims,2022-23,NYK,C,52.0,15.6,0.074,0.0454689417246682,0.03430271152344045,0.21645021645021645,86.36363636363636,CONNECTOR / HUB,CONNECTOR / HUB,0.7181771911316345
M. Robinson,2022-23,NYK,C-F,59.0,26.9,0.101,0.0447261003765055,0.03350777228808283,1.7316017316017316,86.14718614718615,CONNECTOR / HUB,CONNECTOR / HUB,1.2234958449322924
T. Murphy III,2022-23,NOP,F,79.0,31.0,0.159,0.044115683991985,0.015204871562129029,32.25108225108225,85.60606060606061,CONNECTOR / HUB,,1.0948034051080484
P. Connaughton,2022-23,MIL,G,61.0,23.7,0.133,0.0412583193142039,0.027139346870865846,12.878787878787879,85.28138528138528,CONNECTOR / HUB,CONNECTOR / HUB,1.5018176897044249
C. Capela,2023-24,ATL,C,73.0,25.8,0.167,0.0398446073769163,0.0249085131854858,39.33982683982684,85.06493506493507,CONNECTOR / HUB,,0.41326741239838877
J. Carter,2022-23,MIL,G,81.0,22.4,0.149,0.0397100356850291,0.022717016614613752,24.08008658008658,84.95670995670996,CONNECTOR / HUB,CONNECTOR / HUB,1.096107874893588
T. Jackson-Davis,2023-24,GSW,F,68.0,16.6,0.157,0.0396574152451192,0.026755452452363573,30.681818181818183,84.84848484848484,CONNECTOR / HUB,,0.3845429219200657
A. Thompson,2023-24,HOU,G-F,62.0,22.4,0.173,0.0379385413288708,0.022979794954911585,43.61471861471862,84.19913419913419,CONNECTOR / HUB,,0.7379273787203018
Y. Missi,2024-25,NOP,C,73.0,26.8,0.141,0.0355840847997903,0.02143250265600334,18.344155844155843,82.79220779220779,CONNECTOR / HUB,CONNECTOR / HUB,0.4393997298063226
K. Martin,2022-23,HOU,F,82.0,28.0,0.16,0.0343783355115432,0.009781936737518721,33.22510822510822,82.25108225108225,CONNECTOR / HUB,,0.8061699511135376
I. Joe,2022-23,OKC,G,73.0,19.1,0.17,0.0336464325470807,0.017557415383825836,41.66666666666667,82.03463203463204,CONNECTOR / HUB,,0.6876804878191864
J. McLaughlin,2022-23,MIN,G,43.0,15.8,0.112,0.0331208773754656,0.02180995768831723,4.437229437229438,81.70995670995671,CONNECTOR / HUB,CONNECTOR / HUB,1.3588808017981104
M. Plumlee,2024-25,PHX,F-C,74.0,17.6,0.105,0.0331028775488239,0.021531599248226264,2.5432900432900434,81.6017316017316,CONNECTOR / HUB,CONNECTOR / HUB,0.7332162886563426
M. Conley,2022-23,MIN,G,67.0,30.3,0.161,0.0330002465093894,0.021083375709249425,34.41558441558442,81.38528138528139,CONNECTOR / HUB,,1.4299130878295612
B. Brown,2022-23,DEN,G-F,80.0,28.5,0.174,0.0323917236054573,0.005852442110469147,44.53463203463203,81.06060606060606,CONNECTOR / HUB,,1.0784769172949
I. Zubac,2023-24,LAC,C,68.0,26.4,0.165,0.0310186668266509,0.014237564680145164,37.71645021645021,80.51948051948052,CONNECTOR / HUB,,0.7415824428262356
C. Paul,2023-24,GSW,G,58.0,26.4,0.154,0.0302576874250324,0.015656446926058512,27.380952380952383,79.76190476190477,CONNECTOR / HUB,,0.6701853140857533
D. Jones Jr.,2024-25,LAC,F,77.0,24.3,0.16,0.0300437682465923,0.009359535884295393,33.22510822510822,79.54545454545455,CONNECTOR / HUB,,0.486135920863259
T. Camara,2023-24,POR,F,70.0,24.8,0.134,0.0294745447017948,0.015008766287990069,13.582251082251082,79.22077922077922,CONNECTOR / HUB,CONNECTOR / HUB,0.7918339316853736
B. Coulibaly,2023-24,WAS,G,63.0,27.2,0.139,0.0270803180742836,0.011676720397644868,16.504329004329005,78.35497835497836,CONNECTOR / HUB,CONNECTOR / HUB,0.777309614222175
J. Juzang,2024-25,UTA,G,64.0,19.8,0.174,0.0266055243467981,0.011223084386588875,44.53463203463203,78.03030303030303,CONNECTOR / HUB,,0.8578033712526486
G. Allen,2022-23,MIL,G,72.0,27.4,0.143,0.0263160958061048,0.007358648142541072,20.075757575757574,77.81385281385282,CONNECTOR / HUB,CONNECTOR / HUB,0.9031208873389873
O. Okongwu,2023-24,ATL,F-C,55.0,25.5,0.134,0.0260755087341916,0.013047385917055173,13.582251082251082,77.59740259740259,CONNECTOR / HUB,CONNECTOR / HUB,0.5067835683326487
J. Wells,2024-25,MEM,F,79.0,25.9,0.156,0.0258403229390377,0.005884215792301441,29.49134199134199,77.38095238095238,CONNECTOR / HUB,,0.7959049087749553
B. Coulibaly,2024-25,WAS,G,59.0,33.0,0.175,0.025156496214028,0.0029357554419625585,45.56277056277056,77.05627705627705,CONNECTOR / HUB,,0.777309614222175
J. Allen,2022-23,CLE,C,68.0,32.6,0.162,0.0247697705464631,0.004815179429897162,35.443722943722946,76.94805194805194,CONNECTOR / HUB,,0.7600715920535114
S. Hauser,2023-24,BOS,F,79.0,22.0,0.146,0.0243089921977074,0.007564093060376507,22.023809523809522,76.51515151515152,CONNECTOR / HUB,CONNECTOR / HUB,0.5256986399014263
O. Okongwu,2024-25,ATL,F-C,74.0,27.9,0.169,0.0238716876537238,0.0024410915883949225,40.909090909090914,76.19047619047619,CONNECTOR / HUB,,0.5067835683326487
T. Jones,2023-24,SAS,G,77.0,27.8,0.149,0.0236035317383731,0.003555636141289731,24.08008658008658,75.75757575757575,CONNECTOR / HUB,CONNECTOR / HUB,1.739958818338151
O. Toppin,2023-24,IND,F,82.0,21.1,0.16,0.0232377997340472,0.004872990707806297,33.22510822510822,75.21645021645021,CONNECTOR / HUB,,0.757317505691322
J. Walker,2023-24,POR,F,72.0,23.6,0.159,0.0223171359149978,0.006456119419140285,32.25108225108225,74.56709956709958,CONNECTOR / HUB,,1.2656273931540827
T. Craig,2022-23,PHX,F,79.0,24.7,0.128,0.022309210199049,0.007864385980311122,10.335497835497835,74.45887445887446,CONNECTOR / HUB,CONNECTOR / HUB,0.6934294194568352
C. Capela,2022-23,ATL,C,65.0,26.6,0.151,0.0217328255293547,0.007267842254592273,25.757575757575758,74.13419913419914,CONNECTOR / HUB,,0.41326741239838877
D. Clingan,2024-25,POR,C,67.0,19.8,0.135,0.0213141237739009,0.00944667958591242,14.285714285714285,73.7012987012987,CONNECTOR / HUB,CONNECTOR / HUB,0.3924498259198493
K. Murray,2023-24,POR,F,62.0,21.7,0.136,0.0204300133619883,0.006939516225377222,15.259740259740258,73.26839826839827,CONNECTOR / HUB,CONNECTOR / HUB,0.8081909774903333
S. Aldama,2024-25,MEM,F-C,65.0,25.5,0.179,0.0203125672544383,0.0006807750674051212,48.86363636363637,73.16017316017316,CONNECTOR / HUB,,1.0461777994838293
C. Houstan,2022-23,ORL,G,51.0,15.9,0.107,0.0201950984330292,0.008932121893282427,2.976190476190476,72.94372294372295,CONNECTOR / HUB,CONNECTOR / HUB,0.5219508481966735
L. Kornet,2024-25,BOS,C-F,73.0,18.6,0.111,0.0201940786143123,0.008368462318404131,4.004329004329004,72.83549783549783,CONNECTOR / HUB,CONNECTOR / HUB,0.8647428763630545
L. Kennard,2024-25,MEM,G,65.0,22.6,0.14,0.0183251752518874,0.003919532244681138,17.37012987012987,70.88744588744589,CONNECTOR / HUB,CONNECTOR / HUB,0.6491375946633049
K. Matković,2024-25,NOP,F-C,42.0,18.8,0.155,0.0182987771487722,0.006410343501771229,28.19264069264069,70.77922077922078,CONNECTOR / HUB,,0.9642550094246777
L. Nance Jr.,2022-23,NOP,F-C,65.0,21.2,0.118,0.0159818435165504,0.0037384137703265503,6.0606060606060606,69.15584415584416,CONNECTOR / HUB,CONNECTOR / HUB,0.8178945413652785
R. Williams III,2022-23,BOS,C-F,35.0,23.5,0.113,0.0159152369930698,0.004714607503811705,4.816017316017316,69.04761904761905,CONNECTOR / HUB,CONNECTOR / HUB,1.044323153327589
M. Gueye,2024-25,ATL,F,33.0,16.1,0.155,0.0157220421107681,0.0044539140883338366,28.19264069264069,68.83116883116884,CONNECTOR / HUB,,1.0701337554082138
G. Payton II,2024-25,GSW,G,62.0,15.0,0.156,0.0150578432124137,0.002603678456431599,29.49134199134199,67.96536796536796,CONNECTOR / HUB,,0.7723476258290456
L. Kennard,2023-24,MEM,G,39.0,25.6,0.166,0.0149849157095967,0.0019599655201006892,38.74458874458874,67.85714285714286,CONNECTOR / HUB,,0.6491375946633049
S. Merrill,2023-24,CLE,G,61.0,17.5,0.17,0.0149465240292284,0.0009932319548544774,41.66666666666667,67.64069264069265,CONNECTOR / HUB,,0.4449622342915447
S. Adams,2022-23,MEM,C,42.0,27.0,0.139,0.014307708122093,0.002816998859850206,16.504329004329005,66.55844155844156,CONNECTOR / HUB,CONNECTOR / HUB,0.25103585491057034
D. Bertans,2023-24,CHA,F,43.0,15.7,0.169,0.0140524780924479,0.002535536728193611,40.909090909090914,66.12554112554112,CONNECTOR / HUB,,0.8216779208444527
R. Rupert,2023-24,POR,G-F,39.0,16.2,0.131,0.0135380708691981,0.0021587792787344726,11.796536796536797,65.6926406926407,CONNECTOR / HUB,CONNECTOR / HUB,1.00724077177493
D. Jordan,2022-23,DEN,C,39.0,15.0,0.134,0.0134834521860741,0.002298809469372047,13.582251082251082,65.5844155844156,CONNECTOR / HUB,CONNECTOR / HUB,0.5480097912290703
M. Robinson,2023-24,NYK,C-F,31.0,24.8,0.099,0.0133580484848244,0.0021485928190737094,1.0822510822510822,65.04329004329004,CONNECTOR / HUB,CONNECTOR / HUB,1.2234958449322924
N. Batum,2023-24,PHI,G-F,60.0,25.5,0.085,0.0131723448015964,0.001542639654333839,0.4329004329004329,64.28571428571429,CONNECTOR / HUB,CONNECTOR / HUB,0.15501650437965228
K. Martin,2024-25,UTA,F,43.0,21.2,0.112,0.0131002155662782,0.001925833332001456,4.437229437229438,63.961038961038966,CONNECTOR / HUB,CONNECTOR / HUB,0.8061699511135376
J. Wiseman,2023-24,DET,C,63.0,17.3,0.158,0.0130775377441849,0.0005824249877385036,31.493506493506494,63.85281385281385,CONNECTOR / HUB,,0.62131682327135
K. Williams,2022-23,OKC,G-F,53.0,22.8,0.134,0.013066971317636,0.0007408658349515023,13.582251082251082,63.74458874458875,CONNECTOR / HUB,CONNECTOR / HUB,0.5448202831665058
N. Richards,2024-25,PHX,C,57.0,22.0,0.169,0.0129065808923671,0.0011316566227850561,40.909090909090914,63.31168831168831,CONNECTOR / HUB,,1.3808639143817765
J. Battle,2024-25,TOR,F,59.0,17.7,0.147,0.012901090304374,0.00016855781447890593,22.78138528138528,63.20346320346321,CONNECTOR / HUB,CONNECTOR / HUB,1.0882593345017322
J. Ingles,2022-23,MIL,F-G,46.0,22.7,0.122,0.0126261559532295,0.0006327490991334984,7.35930735930736,62.01298701298701,CONNECTOR / HUB,CONNECTOR / HUB,0.6370697774903632
K. Looney,2024-25,GSW,F,76.0,15.0,0.125,0.0120155595063872,0.0005817019981761637,9.090909090909092,60.82251082251082,CONNECTOR / HUB,CONNECTOR / HUB,1.4170728902256025
T. Young,2024-25,ATL,G,76.0,36.0,0.285,0.3802506243943347,0.302682983632742,93.18181818181817,99.56709956709958,PRIMARY ORGANIZER,PRIMARY ORGANIZER,1.8835899359480401
S. Gilgeous-Alexander,2022-23,OKC,G,68.0,35.5,0.318,0.3348528830175707,0.25344123924227635,98.16017316017316,99.45887445887446,PRIMARY ORGANIZER,PRIMARY ORGANIZER,0.37902491406051747
D. Ayton,2023-24,POR,C,55.0,32.4,0.211,0.3268336894676507,0.3047437280202838,68.34415584415584,99.35064935064936,PRIMARY ORGANIZER,,1.1685350517008632
S. Gilgeous-Alexander,2023-24,OKC,G,75.0,34.0,0.317,0.3080798315504934,0.2157507997423015,98.05194805194806,99.24242424242425,PRIMARY ORGANIZER,PRIMARY ORGANIZER,0.37902491406051747
J. Embiid,2022-23,PHI,C-F,66.0,34.6,0.37,0.2784868386387999,0.19258713405285405,99.78354978354979,99.02597402597402,PRIMARY ORGANIZER,PRIMARY ORGANIZER,0.5643678222829471
A. Davis,2022-23,LAL,F-C,56.0,34.0,0.277,0.2577126448329505,0.2192233630103495,91.88311688311688,98.91774891774891,PRIMARY ORGANIZER,PRIMARY ORGANIZER,1.27204179631068
G. Antetokounmpo,2023-24,MIL,F,73.0,35.2,0.32,0.2538618894199487,0.164071448375682,98.37662337662337,98.80952380952381,PRIMARY ORGANIZER,PRIMARY ORGANIZER,0.5859960177172476
S. Gilgeous-Alexander,2024-25,OKC,G,76.0,34.2,0.336,0.2385049838360509,0.13057777524724518,99.13419913419914,98.48484848484848,PRIMARY ORGANIZER,PRIMARY ORGANIZER,0.37902491406051747
N. Vučević,2024-25,CHI,C,73.0,31.2,0.221,0.2180464975364995,0.18105783315255136,71.5909090909091,98.37662337662337,PRIMARY ORGANIZER,,0.9324184929980667
B. Adebayo,2023-24,MIA,C-F,71.0,34.0,0.247,0.2112227535412442,0.16645912379110822,81.87229437229438,98.16017316017316,PRIMARY ORGANIZER,PRIMARY ORGANIZER,0.4752101477637656
G. Antetokounmpo,2022-23,MIL,F,63.0,32.1,0.373,0.2036965485521514,0.12063643379383661,99.89177489177489,98.05194805194806,PRIMARY ORGANIZER,PRIMARY ORGANIZER,0.5859960177172476
J. Embiid,2023-24,PHI,C-F,39.0,33.6,0.387,0.1895600469060848,0.15339910892735995,100.0,97.83549783549783,PRIMARY ORGANIZER,PRIMARY ORGANIZER,0.5643678222829471
B. Lopez,2022-23,MIL,C,78.0,30.4,0.187,0.1876647959875315,0.1566800578103945,55.35714285714286,97.72727272727273,PRIMARY ORGANIZER,,1.4214459434458209
G. Antetokounmpo,2024-25,MIL,F,67.0,34.2,0.346,0.187273108177547,0.10760518789618001,99.45887445887446,97.61904761904762,PRIMARY ORGANIZER,PRIMARY ORGANIZER,0.5859960177172476
A. Davis,2023-24,LAL,F-C,76.0,35.5,0.261,0.1683706523607973,0.10470342081624709,86.41774891774891,97.2943722943723,PRIMARY ORGANIZER,PRIMARY ORGANIZER,1.27204179631068
K. Kuzma,2023-24,WAS,F,70.0,32.6,0.295,0.1630704994556505,0.09963711053100156,95.34632034632034,97.18614718614718,PRIMARY ORGANIZER,PRIMARY ORGANIZER,1.6358048339831333
A. Sengun,2024-25,HOU,C,76.0,31.5,0.259,0.1567460883139347,0.10648178195963023,85.76839826839827,97.07792207792207,PRIMARY ORGANIZER,PRIMARY ORGANIZER,0.3358562577458568
N. Jokić,2024-25,DEN,C,70.0,36.7,0.285,0.1446763674355945,0.06747294119906846,93.18181818181817,96.86147186147186,PRIMARY ORGANIZER,PRIMARY ORGANIZER,0.6632044444460781
J. Brunson,2024-25,NYK,G,65.0,35.4,0.289,0.1427999474087397,0.08518141866065004,94.53463203463204,96.75324675324676,PRIMARY ORGANIZER,PRIMARY ORGANIZER,0.6539003959349827
A. Sengun,2023-24,HOU,C,63.0,32.5,0.27,0.1357078293061855,0.09314106327661226,89.44805194805194,96.53679653679653,PRIMARY ORGANIZER,PRIMARY ORGANIZER,0.3358562577458568
A. Sengun,2022-23,HOU,C,75.0,28.9,0.211,0.1302083556847089,0.09812129111914979,68.34415584415584,96.32034632034632,PRIMARY ORGANIZER,,0.3358562577458568
A. Drummond,2023-24,CHI,C,79.0,17.1,0.201,0.1276007283284282,0.11451418599182238,63.25757575757576,96.21212121212122,PRIMARY ORGANIZER,,1.1182757722528849
B. Adebayo,2024-25,MIA,C-F,78.0,34.3,0.232,0.122575821830537,0.07443163353234497,76.24458874458875,96.1038961038961,PRIMARY ORGANIZER,PRIMARY ORGANIZER,0.4752101477637656
D. Ayton,2024-25,POR,C,40.0,30.1,0.197,0.1223121665917559,0.10797725428685007,61.038961038961034,95.995670995671,PRIMARY ORGANIZER,,1.1685350517008632
J. Poole,2024-25,WAS,G,68.0,29.4,0.281,0.11849877076251,0.07471738661354954,92.26190476190477,95.88744588744589,PRIMARY ORGANIZER,PRIMARY ORGANIZER,0.7676569892035962
D. DeRozan,2022-23,CHI,G-F,74.0,36.2,0.272,0.1139124541919853,0.04322394935337437,90.25974025974025,95.67099567099568,PRIMARY ORGANIZER,PRIMARY ORGANIZER,0.20440961846535585
A. Edwards,2024-25,MIN,G,79.0,36.3,0.307,0.111248793023121,0.001768569558755012,97.13203463203463,95.34632034632034,PRIMARY ORGANIZER,PRIMARY ORGANIZER,0.6693692578005047
D. DeRozan,2024-25,SAC,G-F,77.0,35.9,0.244,0.1089547995506309,0.045905097112040064,81.06060606060606,95.12987012987013,PRIMARY ORGANIZER,PRIMARY ORGANIZER,0.20440961846535585
D. Sabonis,2022-23,SAC,F-C,79.0,34.6,0.213,0.106834832406642,0.06748865032988456,69.1017316017316,95.02164502164501,PRIMARY ORGANIZER,,0.7152165768816763
J. Poole,2023-24,WAS,G,78.0,30.1,0.256,0.1024566734475079,0.053172632299321454,84.95670995670996,94.8051948051948,PRIMARY ORGANIZER,PRIMARY ORGANIZER,0.7676569892035962
L. Dončić,2022-23,DAL,F-G,66.0,36.2,0.368,0.1014752708988042,0.015111599926187144,99.67532467532467,94.6969696969697,PRIMARY ORGANIZER,PRIMARY ORGANIZER,0.7093615865588554
J. Allen,2023-24,CLE,C,77.0,31.7,0.191,0.1004599739289604,0.07490975000428603,57.1969696969697,94.58874458874459,PRIMARY ORGANIZER,,0.7600715920535114
B. Adebayo,2022-23,MIA,C-F,75.0,34.6,0.251,0.0941623509128199,0.04193011435927312,83.38744588744589,94.26406926406926,PRIMARY ORGANIZER,PRIMARY ORGANIZER,0.4752101477637656
M. Bridges,2024-25,NYK,G-F,82.0,37.0,0.192,0.0928988261882821,0.04516239829319783,57.95454545454546,94.04761904761905,PRIMARY ORGANIZER,,1.281958532165081
D. Avdija,2023-24,WAS,F,75.0,30.1,0.196,0.0904979106418266,0.05968538439317766,60.443722943722946,93.83116883116884,PRIMARY ORGANIZER,,1.3386835277359643
B. Portis,2022-23,MIL,F,70.0,26.0,0.211,0.0887659730867088,0.0652156246805812,68.34415584415584,93.5064935064935,PRIMARY ORGANIZER,,0.7384267573753629
D. DeRozan,2023-24,CHI,G-F,79.0,37.8,0.252,0.0868560284636067,0.010026311597842216,83.71212121212122,93.18181818181817,PRIMARY ORGANIZER,PRIMARY ORGANIZER,0.20440961846535585
J. Murray,2024-25,DEN,G,67.0,36.1,0.235,0.0850728501783716,0.039952487576291905,77.81385281385282,93.07359307359307,PRIMARY ORGANIZER,PRIMARY ORGANIZER,0.7425336970115333
Z. Williamson,2023-24,NOP,F,70.0,31.5,0.285,0.0845662694168258,0.024643448006962602,93.18181818181817,92.96536796536796,PRIMARY ORGANIZER,PRIMARY ORGANIZER,0.8431114870755151
V. Wembanyama,2023-24,SAS,F-C,71.0,29.7,0.312,0.0838056802942821,0.032207352851351304,97.67316017316018,92.74891774891775,PRIMARY ORGANIZER,PRIMARY ORGANIZER,0.9443908579118646
I. Zubac,2024-25,LAC,C,80.0,32.8,0.192,0.083472754955764,0.049297441857322266,57.95454545454546,92.64069264069265,PRIMARY ORGANIZER,,0.7415824428262356
J. Harden,2024-25,LAC,G,79.0,35.3,0.286,0.0817412506533713,0.009365439805968323,93.61471861471861,92.53246753246754,PRIMARY ORGANIZER,PRIMARY ORGANIZER,0.8640332611882473
M. Turner,2022-23,IND,C-F,62.0,29.4,0.225,0.0795580178701566,0.053241328206437497,73.48484848484848,92.42424242424242,PRIMARY ORGANIZER,,0.8514927696608325
D. Booker,2022-23,PHX,G,53.0,34.6,0.311,0.0762407287527856,0.026735926060119278,97.45670995670996,92.20779220779221,PRIMARY ORGANIZER,PRIMARY ORGANIZER,0.37951420873158287
D. Sabonis,2023-24,SAC,F-C,82.0,35.7,0.22,0.0756295036805867,0.025721479769862943,71.04978354978356,91.991341991342,PRIMARY ORGANIZER,,0.7152165768816763
D. Booker,2023-24,PHX,G,68.0,36.0,0.289,0.0746648393183542,0.0030046695942395757,94.53463203463204,91.88311688311688,PRIMARY ORGANIZER,PRIMARY ORGANIZER,0.37951420873158287
K. Porziņģis,2022-23,WAS,F-C,65.0,32.6,0.272,0.0734533684241733,0.02769732519061991,90.25974025974025,91.66666666666666,PRIMARY ORGANIZER,PRIMARY ORGANIZER,0.7649488042206118
J. Poeltl,2024-25,TOR,C,57.0,29.6,0.184,0.0701683790414057,0.05319934397742519,52.435064935064936,91.12554112554112,PRIMARY ORGANIZER,,0.8930150405104541
B. Mathurin,2024-25,IND,G-F,72.0,29.9,0.222,0.0696350227555256,0.03575061843956066,71.9155844155844,91.01731601731602,PRIMARY ORGANIZER,,0.9550548940297201
F. VanVleet,2023-24,HOU,G,73.0,36.8,0.194,0.0656759772388013,0.028626824636574844,58.98268398268398,90.47619047619048,PRIMARY ORGANIZER,,0.6425700780117245
M. Wagner,2022-23,ORL,F-C,57.0,19.5,0.201,0.0640872531638022,0.048381048539388696,63.25757575757576,90.25974025974025,PRIMARY ORGANIZER,,1.1133155621877646
J. Valančiūnas,2022-23,NOP,C,79.0,24.9,0.229,0.0639964787747375,0.038682795160673716,74.78354978354979,90.15151515151516,PRIMARY ORGANIZER,,0.7687920238163478
J. Murray,2022-23,DEN,G,65.0,32.8,0.256,0.0584723458885675,0.016359014659203294,84.95670995670996,89.6103896103896,PRIMARY ORGANIZER,PRIMARY ORGANIZER,0.7425336970115333
N. Vučević,2023-24,CHI,C,76.0,34.3,0.233,0.0576029641308831,0.008367401623667753,76.67748917748918,89.5021645021645,PRIMARY ORGANIZER,PRIMARY ORGANIZER,0.9324184929980667
Z. Collins,2022-23,SAS,F-C,63.0,22.9,0.209,0.0567117446410272,0.039250444874883814,67.15367965367966,89.39393939393939,PRIMARY ORGANIZER,,1.4124269429730902
T. McConnell,2023-24,IND,G,71.0,18.2,0.229,0.0562713920754125,0.03607272708719532,74.78354978354979,89.28571428571429,PRIMARY ORGANIZER,,0.6180958630629003
P. Banchero,2024-25,ORL,F,46.0,34.4,0.33,0.0555297940819043,0.017157128531412054,98.91774891774891,88.96103896103897,PRIMARY ORGANIZER,PRIMARY ORGANIZER,0.7065405549044375
N. Jokić,2022-23,DEN,C,69.0,33.7,0.263,0.0533650277503937,0.00386337908082382,86.95887445887446,88.74458874458875,PRIMARY ORGANIZER,PRIMARY ORGANIZER,0.6632044444460781
D. Sabonis,2024-25,SAC,F-C,70.0,34.7,0.213,0.0524918380781921,0.018422680465436096,69.1017316017316,88.52813852813853,PRIMARY ORGANIZER,,0.7152165768816763
L. Shamet,2023-24,WAS,G,46.0,15.8,0.181,0.0495956752681946,0.03729097342282605,50.21645021645021,87.98701298701299,PRIMARY ORGANIZER,,1.308027459120657
J. Holiday,2022-23,MIL,G,67.0,32.6,0.244,0.047721281419386,0.011321814647492622,81.06060606060606,87.44588744588745,PRIMARY ORGANIZER,PRIMARY ORGANIZER,1.4053010778988018
J. Sochan,2024-25,SAS,F,54.0,25.3,0.184,0.0474716119637177,0.03091922484388937,52.435064935064936,87.22943722943724,PRIMARY ORGANIZER,,1.2383513139338553
L. Markkanen,2024-25,UTA,F-C,47.0,31.4,0.231,0.0466663297271257,0.023181006540294716,75.86580086580086,86.7965367965368,PRIMARY ORGANIZER,PRIMARY ORGANIZER,0.9805084497468616
T. McConnell,2022-23,IND,G,75.0,20.4,0.182,0.0458196358970429,0.02764003106824334,50.91991341991342,86.47186147186147,PRIMARY ORGANIZER,,0.6180958630629003
B. Mathurin,2022-23,IND,G-F,78.0,28.5,0.235,0.0445799382104609,0.0014013833711736118,77.81385281385282,86.03896103896103,PRIMARY ORGANIZER,PRIMARY ORGANIZER,0.9550548940297201
S. Barnes,2024-25,TOR,F-G,65.0,32.8,0.262,0.0443049913136792,0.0014571993230478725,86.68831168831169,85.82251082251082,PRIMARY ORGANIZER,PRIMARY ORGANIZER,0.5481493175693072
M. Porter Jr.,2023-24,DEN,F,81.0,31.7,0.202,0.0411162770199599,0.0017992697725459847,64.06926406926407,85.17316017316018,PRIMARY ORGANIZER,,0.5335565795256351
K. Porziņģis,2023-24,BOS,F-C,57.0,29.6,0.247,0.0379890503908946,0.010201636188679822,81.87229437229438,84.4155844155844,PRIMARY ORGANIZER,PRIMARY ORGANIZER,0.7649488042206118
M. Porter Jr.,2022-23,DEN,F,62.0,29.0,0.22,0.037553311753665,0.009467195164104263,71.04978354978356,83.98268398268398,PRIMARY ORGANIZER,,0.5335565795256351
N. Reid,2022-23,MIN,C-F,68.0,18.4,0.242,0.0368308408751263,0.01727855355614675,80.57359307359307,83.65800865800865,PRIMARY ORGANIZER,PRIMARY ORGANIZER,0.8585911270023678
A. Sarr,2024-25,WAS,C,67.0,27.1,0.23,0.0364852165768332,0.008390607465729439,75.37878787878788,83.54978354978356,PRIMARY ORGANIZER,PRIMARY ORGANIZER,0.3054935024213984
D. Ayton,2022-23,PHX,C,67.0,30.4,0.231,0.0360622989826506,0.006201202448582261,75.86580086580086,83.11688311688312,PRIMARY ORGANIZER,PRIMARY ORGANIZER,1.1685350517008632
C. Paul,2022-23,PHX,G,59.0,32.0,0.195,0.0358497284977179,0.013455655051331398,59.68614718614719,83.008658008658,PRIMARY ORGANIZER,,0.6701853140857533
J. Valančiūnas,2023-24,NOP,C,82.0,23.5,0.207,0.0353551804150548,0.013617714076856222,66.17965367965368,82.68398268398268,PRIMARY ORGANIZER,,0.7687920238163478
B. Portis,2023-24,MIL,F,82.0,24.5,0.224,0.0349075032994752,0.005206326927657604,72.94372294372295,82.57575757575758,PRIMARY ORGANIZER,,0.7384267573753629
K. Middleton,2024-25,WAS,F,37.0,22.8,0.208,0.032554287384276,0.021305483048597123,66.61255411255411,81.16883116883116,PRIMARY ORGANIZER,,0.8787470727765332
M. Wagner,2023-24,ORL,F-C,80.0,17.7,0.22,0.0313430185669679,0.011330450229073225,71.04978354978356,80.84415584415584,PRIMARY ORGANIZER,,1.1133155621877646
B. Portis,2024-25,MIL,F,49.0,25.4,0.234,0.0310337644630904,0.013415650397922377,77.21861471861472,80.62770562770562,PRIMARY ORGANIZER,PRIMARY ORGANIZER,0.7384267573753629
M. Fultz,2022-23,ORL,G,60.0,29.6,0.208,0.0302841639838671,0.00507494483793609,66.61255411255411,79.87012987012987,PRIMARY ORGANIZER,,1.32356405807253
M. Turner,2024-25,IND,C-F,72.0,30.2,0.207,0.030113175519203,0.00199536204207695,66.17965367965368,79.65367965367966,PRIMARY ORGANIZER,,0.8514927696608325
R. Jackson,2023-24,DEN,G,82.0,22.2,0.209,0.0283098567744403,0.0011532322577205295,67.15367965367966,78.67965367965368,PRIMARY ORGANIZER,,1.2820015167963432
M. Williams,2024-25,CHA,C,44.0,26.6,0.21,0.0275379493934224,0.012921998989095367,67.8030303030303,78.46320346320347,PRIMARY ORGANIZER,,0.479444873406174
M. Smart,2024-25,WAS,G,34.0,20.0,0.198,0.0270135520110593,0.01582216356814784,61.58008658008658,78.24675324675324,PRIMARY ORGANIZER,,1.1738494603183016
C. Anthony,2022-23,ORL,G,60.0,25.9,0.209,0.0264754015676136,0.005687641071105642,67.15367965367966,77.92207792207793,PRIMARY ORGANIZER,,0.5670568092541495
J. Nurkić,2022-23,POR,C,52.0,26.8,0.218,0.0262190417202772,0.008354213759254565,70.23809523809523,77.7056277056277,PRIMARY ORGANIZER,,0.7877415297233742
K. Middleton,2022-23,MIL,F,33.0,24.3,0.259,0.0258206947595407,0.011220304221373155,85.76839826839827,77.27272727272727,PRIMARY ORGANIZER,PRIMARY ORGANIZER,0.8787470727765332
T. McConnell,2024-25,IND,G,79.0,17.9,0.226,0.0251850917841502,0.004191194867183664,73.91774891774891,77.16450216450217,PRIMARY ORGANIZER,,0.6180958630629003
D. Vassell,2022-23,SAS,G-F,38.0,31.0,0.24,0.0241303918349634,0.005745253379895704,80.14069264069265,76.40692640692642,PRIMARY ORGANIZER,PRIMARY ORGANIZER,0.3151847852085443
K. Irving,2022-23,DAL,G,60.0,37.3,0.286,0.0231730067122291,0.008560708075356378,93.61471861471861,75.0,PRIMARY ORGANIZER,PRIMARY ORGANIZER,0.5118427587308969
J. Nowell,2022-23,MIN,G,65.0,19.3,0.238,0.0227218218531999,0.0026564129234265405,79.11255411255411,74.89177489177489,PRIMARY ORGANIZER,PRIMARY ORGANIZER,1.2520034206339798
I. Collier,2024-25,UTA,G,71.0,25.9,0.186,0.0205957443695417,0.0001423897827029022,54.38311688311688,73.37662337662337,PRIMARY ORGANIZER,,0.386189704447335
T. Horton-Tucker,2023-24,UTA,G,51.0,19.8,0.234,0.0194531549107398,0.0037468193069937344,77.21861471861472,72.07792207792207,PRIMARY ORGANIZER,PRIMARY ORGANIZER,1.175940918243218
J. Sochan,2022-23,SAS,F,56.0,26.0,0.195,0.0194079137420976,0.001865241131647953,59.68614718614719,71.96969696969697,PRIMARY ORGANIZER,,1.2383513139338553
J. Suggs,2022-23,ORL,G,53.0,23.5,0.196,0.0178510334826351,0.0024965735578022456,60.443722943722946,70.12987012987013,PRIMARY ORGANIZER,,0.568617912769335
J. Smith,2024-25,CHI,F-C,64.0,15.0,0.201,0.0149771808956896,0.0010676717105208133,63.25757575757576,67.74891774891775,PRIMARY ORGANIZER,,0.4491926231387758
D. Sharpe,2024-25,BKN,C,50.0,18.1,0.186,0.0134520104074272,0.0016802316678922163,54.38311688311688,65.47619047619048,PRIMARY ORGANIZER,,0.7684194788320516
J. Williams,2024-25,OKC,G-F,47.0,16.7,0.141,0.0364192794574446,-0.012745901760470794,18.344155844155843,83.38744588744589,ROLE OCCUPANT / SPECIALIST,ROLE OCCUPANT / SPECIALIST,1.5734206245879176
T. Harris,2024-25,DET,F,73.0,31.6,0.173,0.0225795190303367,-0.003171531726316977,43.61471861471862,74.78354978354979,ROLE OCCUPANT / SPECIALIST,,0.49187637120719824
A. Gordon,2023-24,DEN,F,73.0,31.5,0.174,0.02161179796282,-0.0010904292962637084,44.53463203463203,73.91774891774891,ROLE OCCUPANT / SPECIALIST,,0.4404598413658717
T. Hardaway Jr.,2024-25,DET,G-F,77.0,28.0,0.151,0.0213277387187547,-0.0018564046848630264,25.757575757575758,73.80952380952381,ROLE OCCUPANT / SPECIALIST,,0.5529650932238901
J. Green,2023-24,HOU,F,78.0,16.8,0.152,0.0195984310920611,-0.050532413149644344,26.56926406926407,72.24025974025975,ROLE OCCUPANT / SPECIALIST,,1.356105897210686
G. Allen,2023-24,PHX,G,75.0,33.5,0.143,0.0193166254570892,-0.0030442308813619263,20.075757575757574,71.86147186147186,ROLE OCCUPANT / SPECIALIST,ROLE OCCUPANT / SPECIALIST,0.9031208873389873
K. Murray,2024-25,SAC,F,76.0,34.3,0.148,0.0192280761537902,-0.007410928088702338,23.32251082251082,71.64502164502164,ROLE OCCUPANT / SPECIALIST,ROLE OCCUPANT / SPECIALIST,0.8081909774903333
D. Brooks,2024-25,HOU,G-F,75.0,31.8,0.176,0.0192180421919144,-0.00988009608803363,46.48268398268398,71.53679653679653,ROLE OCCUPANT / SPECIALIST,,0.20543820525005013
J. Smith Jr.,2023-24,HOU,F,76.0,31.9,0.174,0.0191770510612148,-0.007997269827424824,44.53463203463203,71.42857142857143,ROLE OCCUPANT / SPECIALIST,,0.42570793124596074
R. O'Neale,2022-23,BKN,F,76.0,31.7,0.136,0.0180531925008067,-0.0003771338065940745,15.259740259740258,70.56277056277057,ROLE OCCUPANT / SPECIALIST,ROLE OCCUPANT / SPECIALIST,0.7935672730057617
B. Lopez,2024-25,MIL,C,80.0,31.8,0.157,0.0179275758139457,-0.00893150712217253,30.681818181818183,70.45454545454545,ROLE OCCUPANT / SPECIALIST,,1.4214459434458209
M. Strus,2023-24,CLE,G-F,70.0,32.0,0.167,0.0178767706372425,-0.0064481649822879655,39.33982683982684,70.23809523809523,ROLE OCCUPANT / SPECIALIST,,0.6649262170461345
A. Nesmith,2023-24,IND,G-F,72.0,27.7,0.158,0.015801760552304,-0.004997763700244278,31.493506493506494,68.93939393939394,ROLE OCCUPANT / SPECIALIST,,0.5587818464918588
A. Caruso,2023-24,CHI,G,71.0,28.7,0.146,0.0152814490918721,-0.002967027607560794,22.023809523809522,68.5064935064935,ROLE OCCUPANT / SPECIALIST,ROLE OCCUPANT / SPECIALIST,0.5496154950808063
K. Dunn,2024-25,LAC,G,74.0,24.1,0.126,0.0152282869753516,-0.0004500343811489286,9.469696969696969,68.3982683982684,ROLE OCCUPANT / SPECIALIST,ROLE OCCUPANT / SPECIALIST,0.7233745341055344
G. Niang,2022-23,PHI,F,78.0,19.4,0.162,0.0151882092972828,-0.0025173021150401396,35.443722943722946,68.18181818181817,ROLE OCCUPANT / SPECIALIST,,0.5587256649584714
E. Gordon,2023-24,PHX,G,68.0,27.8,0.162,0.0148621402273289,-0.0056457973087980454,35.443722943722946,67.42424242424242,ROLE OCCUPANT / SPECIALIST,,0.6609983980340896
K. Murray,2022-23,SAC,F,80.0,29.8,0.156,0.0147346902729348,-0.009594743867067554,29.49134199134199,67.31601731601732,ROLE OCCUPANT / SPECIALIST,,0.8081909774903333
A. Coffey,2024-25,LAC,G-F,72.0,24.3,0.15,0.0146582805981387,-0.003260911312794183,25.0,67.09956709956711,ROLE OCCUPANT / SPECIALIST,ROLE OCCUPANT / SPECIALIST,0.7509933639314454
D. Jones Jr.,2023-24,DAL,F,76.0,23.5,0.146,0.0143802939740729,-0.002216568477613144,22.023809523809522,66.77489177489177,ROLE OCCUPANT / SPECIALIST,ROLE OCCUPANT / SPECIALIST,0.486135920863259
D. Brooks,2023-24,HOU,G-F,72.0,30.9,0.176,0.0143682622855801,-0.011948427378139002,46.48268398268398,66.66666666666666,ROLE OCCUPANT / SPECIALIST,,0.20543820525005013
Z. Williams,2024-25,BKN,F,63.0,24.5,0.179,0.0142407874949928,-0.0020897264838231674,48.86363636363637,66.34199134199135,ROLE OCCUPANT / SPECIALIST,,0.9967600280370151
B. Lopez,2023-24,MIL,C,79.0,30.5,0.156,0.0141801176110128,-0.010186510493787758,29.49134199134199,66.23376623376623,ROLE OCCUPANT / SPECIALIST,,1.4214459434458209
C. White,2022-23,CHI,G,74.0,23.4,0.17,0.0139097129629764,-0.006515753924309123,41.66666666666667,65.9090909090909,ROLE OCCUPANT / SPECIALIST,,0.8330093471883336
M. Beasley,2023-24,MIL,G,79.0,29.6,0.142,0.0133778662239703,-0.008391615920965302,19.047619047619047,65.15151515151516,ROLE OCCUPANT / SPECIALIST,ROLE OCCUPANT / SPECIALIST,0.6880762725914273
M. McBride,2024-25,NYK,G,64.0,24.9,0.162,0.0132533736869312,-0.003480605675120702,35.443722943722946,64.71861471861472,ROLE OCCUPANT / SPECIALIST,,1.0614945044651645
C. Kispert,2024-25,WAS,F,61.0,26.3,0.169,0.0132384336005012,-0.006010169246137656,40.909090909090914,64.6103896103896,ROLE OCCUPANT / SPECIALIST,,0.9801131904070182
F. VanVleet,2024-25,HOU,G,60.0,35.2,0.176,0.0132343865073851,-0.010186716186448667,46.48268398268398,64.5021645021645,ROLE OCCUPANT / SPECIALIST,,0.6425700780117245
P. Watson,2024-25,DEN,G,68.0,24.3,0.138,0.0132193224519054,-0.002727108158972459,16.071428571428573,64.39393939393939,ROLE OCCUPANT / SPECIALIST,ROLE OCCUPANT / SPECIALIST,0.39720140246566693
J. Champagnie,2024-25,SAS,F,82.0,23.6,0.164,0.0129982920804482,-0.00903369834601333,36.85064935064935,63.528138528138534,ROLE OCCUPANT / SPECIALIST,,1.8799652648179934
W. Kessler,2024-25,UTA,C,58.0,30.0,0.133,0.0128878221684535,-0.0005760019753257867,12.878787878787879,62.878787878787875,ROLE OCCUPANT / SPECIALIST,ROLE OCCUPANT / SPECIALIST,1.1701973280387763
A. Horford,2022-23,BOS,C-F,63.0,30.5,0.119,0.0127659351344413,-0.002309466465308928,6.3852813852813854,62.44588744588745,ROLE OCCUPANT / SPECIALIST,ROLE OCCUPANT / SPECIALIST,0.46727421622347326
A. Dosunmu,2023-24,CHI,G,76.0,29.1,0.168,0.0127290892057836,-0.013304860324563102,40.04329004329004,62.33766233766234,ROLE OCCUPANT / SPECIALIST,,0.38860787905867733
A. Reaves,2022-23,LAL,G,64.0,28.8,0.154,0.0126364943840967,-0.007012098525810192,27.380952380952383,62.121212121212125,ROLE OCCUPANT / SPECIALIST,,0.7262241903732407
A. Green,2024-25,MIL,G,73.0,22.7,0.123,0.0124871987042888,-0.0018814926884490098,7.954545454545454,61.471861471861466,ROLE OCCUPANT / SPECIALIST,ROLE OCCUPANT / SPECIALIST,0.5228886762066121
R. O'Neale,2024-25,PHX,F,75.0,24.5,0.151,0.0119321173699,-0.005932349028236991,25.757575757575758,60.71428571428571,ROLE OCCUPANT / SPECIALIST,,0.7935672730057617
G. Trent Jr.,2024-25,MIL,G,74.0,25.6,0.168,0.0116312768017381,-0.01013928529436888,40.04329004329004,59.74025974025974,ROLE OCCUPANT / SPECIALIST,,0.2135414942380127
S. Merrill,2024-25,CLE,G,71.0,19.7,0.14,0.0116157826920814,-0.002012194144345534,17.37012987012987,59.63203463203464,ROLE OCCUPANT / SPECIALIST,ROLE OCCUPANT / SPECIALIST,0.4449622342915447
M. Thybulle,2023-24,POR,G-F,65.0,22.9,0.105,0.0112809774349011,-0.0013334982775398182,2.5432900432900434,58.87445887445888,ROLE OCCUPANT / SPECIALIST,ROLE OCCUPANT / SPECIALIST,0.8462168576333859
N. Jović,2023-24,MIA,F,46.0,19.5,0.171,0.0112008170749817,-0.0013363613823138398,42.316017316017316,58.76623376623377,ROLE OCCUPANT / SPECIALIST,,0.6593490256582971
J. Poeltl,2022-23,TOR,C,72.0,26.5,0.18,0.0111185742514926,-0.0005023258672446369,49.51298701298701,58.44155844155844,ROLE OCCUPANT / SPECIALIST,,0.8930150405104541
O. Robinson,2024-25,TOR,Guard,44.0,17.5,0.177,0.0110485433382918,-0.0005323960495842231,47.4025974025974,57.9004329004329,ROLE OCCUPANT / SPECIALIST,,0.7283972303107161
A. Dosunmu,2022-23,CHI,G,80.0,26.2,0.145,0.0109263868107211,-0.008632832538518717,21.374458874458874,57.683982683982684,ROLE OCCUPANT / SPECIALIST,ROLE OCCUPANT / SPECIALIST,0.38860787905867733
D. DiVincenzo,2022-23,GSW,G,72.0,26.3,0.146,0.0108926689008008,-0.006409970617282112,22.023809523809522,57.467532467532465,ROLE OCCUPANT / SPECIALIST,ROLE OCCUPANT / SPECIALIST,0.6996112434300803
J. Hart,2024-25,NYK,G,77.0,37.6,0.151,0.0108323683917985,-0.01895977890054916,25.757575757575758,57.25108225108225,ROLE OCCUPANT / SPECIALIST,,0.6411662604080522
C. Braun,2023-24,DEN,G,82.0,20.2,0.152,0.0107964044233369,-0.006085135061648192,26.56926406926407,57.14285714285714,ROLE OCCUPANT / SPECIALIST,,0.9022023669375915
N. Marshall,2022-23,NOP,F,77.0,23.3,0.172,0.0107916267449078,-0.010301138584776857,42.91125541125541,57.03463203463204,ROLE OCCUPANT / SPECIALIST,,0.6289896532817717
S. Hauser,2022-23,BOS,F,80.0,16.1,0.141,0.0107844483697755,-0.002700661840261529,18.344155844155843,56.926406926406926,ROLE OCCUPANT / SPECIALIST,ROLE OCCUPANT / SPECIALIST,0.5256986399014263
K. Anderson,2023-24,MIN,F-G,79.0,22.6,0.14,0.0106550821245499,-0.006200327049421509,17.37012987012987,56.38528138528138,ROLE OCCUPANT / SPECIALIST,ROLE OCCUPANT / SPECIALIST,1.102843849994867
M. Moody,2024-25,GSW,G,74.0,22.3,0.17,0.0105200908661794,-0.008164737356720813,41.66666666666667,55.952380952380956,ROLE OCCUPANT / SPECIALIST,,0.6996542121491279
G. Bitadze,2023-24,ORL,C-F,62.0,15.4,0.129,0.0104766269711588,-0.0008892787180730319,10.876623376623376,55.84415584415584,ROLE OCCUPANT / SPECIALIST,ROLE OCCUPANT / SPECIALIST,1.3256741560808316
D. Finney-Smith,2023-24,BKN,F,68.0,28.4,0.132,0.0104050366460266,-0.005489120282023006,12.283549783549784,55.41125541125541,ROLE OCCUPANT / SPECIALIST,ROLE OCCUPANT / SPECIALIST,0.5340662288668279
D. Green,2024-25,GSW,F,68.0,29.2,0.157,0.0103608986124232,-0.009620795754686183,30.681818181818183,55.3030303030303,ROLE OCCUPANT / SPECIALIST,,0.42554983925557294
C. Braun,2022-23,DEN,G,76.0,15.5,0.127,0.0100967030805079,-0.002435234504379531,9.848484848484848,54.54545454545454,ROLE OCCUPANT / SPECIALIST,ROLE OCCUPANT / SPECIALIST,0.9022023669375915
K. Ellis,2024-25,SAC,G,80.0,24.4,0.125,0.010059048107037,-0.005524133828639581,9.090909090909092,54.43722943722944,ROLE OCCUPANT / SPECIALIST,ROLE OCCUPANT / SPECIALIST,0.7206765755990583
B. Bol,2022-23,ORL,C-F,70.0,21.5,0.177,0.0100583743936645,-0.0058656827838874225,47.4025974025974,54.32900432900433,ROLE OCCUPANT / SPECIALIST,,0.856388728301902
A. Mitchell,2024-25,OKC,G,36.0,16.6,0.159,0.010015464735306,-0.0014678404044957648,32.25108225108225,54.22077922077923,ROLE OCCUPANT / SPECIALIST,,0.17058015672442872
K. Murray,2023-24,SAC,F,77.0,33.6,0.178,0.0099797279248483,-0.02344424240461328,48.214285714285715,54.112554112554115,ROLE OCCUPANT / SPECIALIST,,0.8081909774903333
R. Rubio,2022-23,CLE,G,33.0,17.2,0.172,0.0099258777290088,-0.0015437859013833002,42.91125541125541,53.78787878787878,ROLE OCCUPANT / SPECIALIST,,
K. Williams,2024-25,OKC,G-F,69.0,16.4,0.151,0.0097942408609865,-0.0028735749302269114,25.757575757575758,53.67965367965368,ROLE OCCUPANT / SPECIALIST,,0.5448202831665058
N. Batum,2024-25,LAC,G-F,78.0,17.5,0.087,0.0097929014885516,-0.0019795543942801846,0.5411255411255411,53.57142857142857,ROLE OCCUPANT / SPECIALIST,ROLE OCCUPANT / SPECIALIST,0.15501650437965228
N. Batum,2022-23,LAC,G-F,78.0,21.9,0.111,0.0097340942209392,-0.0034973904860006923,4.004329004329004,53.46320346320347,ROLE OCCUPANT / SPECIALIST,ROLE OCCUPANT / SPECIALIST,0.15501650437965228
E. Gordon,2024-25,PHI,G,39.0,19.7,0.14,0.0096301511794169,-0.002117665893376905,17.37012987012987,52.922077922077925,ROLE OCCUPANT / SPECIALIST,ROLE OCCUPANT / SPECIALIST,0.6609983980340896
A. Nesmith,2022-23,IND,G-F,73.0,24.9,0.168,0.009627282862329,-0.01016029128216463,40.04329004329004,52.81385281385281,ROLE OCCUPANT / SPECIALIST,,0.5587818464918588
G. Harris,2022-23,ORL,G,48.0,24.7,0.125,0.0095641372781234,-0.002894940998763881,9.090909090909092,52.38095238095239,ROLE OCCUPANT / SPECIALIST,ROLE OCCUPANT / SPECIALIST,0.5706014305277567
Z. Collins,2024-25,CHI,F-C,64.0,15.3,0.166,0.0094778780942548,-0.0018438029980652974,38.74458874458874,52.27272727272727,ROLE OCCUPANT / SPECIALIST,,1.4124269429730902
B. Sheppard,2024-25,IND,G,63.0,19.5,0.108,0.009453785356961,-0.0026626024040325887,3.2467532467532463,52.16450216450217,ROLE OCCUPANT / SPECIALIST,ROLE OCCUPANT / SPECIALIST,0.487109257004133
J. Smith Jr.,2024-25,HOU,F,57.0,30.1,0.16,0.0094094218363908,-0.007406323991544556,33.22510822510822,51.83982683982684,ROLE OCCUPANT / SPECIALIST,,0.42570793124596074
H. Highsmith,2024-25,MIA,F,74.0,24.6,0.111,0.009365000857484,-0.004479601892098043,4.004329004329004,51.62337662337663,ROLE OCCUPANT / SPECIALIST,ROLE OCCUPANT / SPECIALIST,0.44337731335215813
M. Morris,2022-23,WAS,G,62.0,27.4,0.155,0.0092779227662781,-0.007838813330818253,28.19264069264069,51.515151515151516,ROLE OCCUPANT / SPECIALIST,,0.6736067353769627
A. Rivers,2022-23,MIN,G,52.0,19.5,0.104,0.0092700830958573,-0.002374645238317782,2.326839826839827,51.40692640692641,ROLE OCCUPANT / SPECIALIST,ROLE OCCUPANT / SPECIALIST,
B. Podziemski,2023-24,GSW,G,74.0,26.6,0.149,0.0091289363195126,-0.010015828610123722,24.08008658008658,50.86580086580087,ROLE OCCUPANT / SPECIALIST,ROLE OCCUPANT / SPECIALIST,1.2488935146015427
L. Dort,2023-24,OKC,G,79.0,28.4,0.152,0.0091250053158198,-0.012741772091750744,26.56926406926407,50.75757575757576,ROLE OCCUPANT / SPECIALIST,,0.2817399402587733
T. Mann,2023-24,LAC,G-F,75.0,25.0,0.135,0.0090236849321575,-0.006798688462263365,14.285714285714285,50.43290043290043,ROLE OCCUPANT / SPECIALIST,ROLE OCCUPANT / SPECIALIST,0.8201057181780406
L. Nance Jr.,2023-24,NOP,F-C,61.0,19.9,0.112,0.0089263325193128,-0.0028837559610553204,4.437229437229438,50.324675324675326,ROLE OCCUPANT / SPECIALIST,ROLE OCCUPANT / SPECIALIST,0.8178945413652785
D. Wade,2022-23,CLE,F-C,44.0,20.3,0.1,0.0089189568499307,-0.0024431239244749377,1.3528138528138527,50.21645021645021,ROLE OCCUPANT / SPECIALIST,ROLE OCCUPANT / SPECIALIST,0.30934033155928975
A. Caruso,2022-23,CHI,G,67.0,23.5,0.109,0.0088681484186753,-0.003639417938440106,3.354978354978355,50.10822510822511,ROLE OCCUPANT / SPECIALIST,ROLE OCCUPANT / SPECIALIST,0.5496154950808063
W. Matthews,2022-23,MIL,G,52.0,15.8,0.095,0.0088403515082646,-0.002447097556439867,0.6493506493506493,50.0,ROLE OCCUPANT / SPECIALIST,ROLE OCCUPANT / SPECIALIST,0.7892748288950168
M. Kleber,2023-24,DAL,F,43.0,20.3,0.096,0.0088174815183335,-0.0024854854505612783,0.8116883116883116,49.891774891774894,ROLE OCCUPANT / SPECIALIST,ROLE OCCUPANT / SPECIALIST,0.6426326306294136
T. Brown Jr.,2022-23,LAL,G-F,76.0,24.5,0.119,0.0087541779085414,-0.006375622849996649,6.3852813852813854,49.78354978354979,ROLE OCCUPANT / SPECIALIST,ROLE OCCUPANT / SPECIALIST,0.9508934856588701
T. Lyles,2024-25,SAC,F,69.0,19.6,0.139,0.0087088336287245,-0.004686185012689541,16.504329004329005,49.67532467532468,ROLE OCCUPANT / SPECIALIST,ROLE OCCUPANT / SPECIALIST,0.5893072037150711
Q. Grimes,2022-23,NYK,G,71.0,29.9,0.142,0.0086614683261773,-0.010911515395785712,19.047619047619047,49.56709956709957,ROLE OCCUPANT / SPECIALIST,ROLE OCCUPANT / SPECIALIST,0.23797608822773242
B. Brown,2024-25,NOP,G-F,41.0,22.5,0.169,0.0086458994054807,-0.0028819289695964073,40.909090909090914,49.35064935064935,ROLE OCCUPANT / SPECIALIST,,1.0784769172949
W. Gabriel,2022-23,LAL,F,68.0,15.1,0.135,0.008596865103271,-0.0031976088443532533,14.285714285714285,49.24242424242424,ROLE OCCUPANT / SPECIALIST,ROLE OCCUPANT / SPECIALIST,
R. Holland II,2024-25,DET,F,81.0,15.6,0.177,0.0084714171301851,-0.007095574032675817,47.4025974025974,48.701298701298704,ROLE OCCUPANT / SPECIALIST,,0.5024572651165684
J. Champagnie,2023-24,SAS,F,74.0,19.8,0.14,0.0083233023386525,-0.006514690371981324,17.37012987012987,48.37662337662338,ROLE OCCUPANT / SPECIALIST,ROLE OCCUPANT / SPECIALIST,1.8799652648179934
T. Prince,2022-23,MIN,F,54.0,22.1,0.165,0.0082970223552768,-0.006126643844046091,37.71645021645021,48.16017316017316,ROLE OCCUPANT / SPECIALIST,,0.37761686146162327
J. Robinson-Earl,2022-23,OKC,F,43.0,18.9,0.143,0.0082903530641433,-0.0033116922570701115,20.075757575757574,47.83549783549784,ROLE OCCUPANT / SPECIALIST,ROLE OCCUPANT / SPECIALIST,1.1589445872636084
J. Green,2023-24,HOU,F,78.0,16.8,0.152,0.0081854227346869,-0.005974107647940442,26.56926406926407,47.34848484848485,ROLE OCCUPANT / SPECIALIST,,1.356105897210686
I. Joe,2024-25,OKC,G,74.0,21.7,0.166,0.0081804588885988,-0.009933139518866225,38.74458874458874,47.18614718614719,ROLE OCCUPANT / SPECIALIST,,0.6876804878191864
O. Agbaji,2023-24,TOR,G,78.0,21.0,0.131,0.0081542831710054,-0.003282089199336353,11.796536796536797,47.07792207792208,ROLE OCCUPANT / SPECIALIST,ROLE OCCUPANT / SPECIALIST,0.7538070450570729
J. Edwards,2024-25,PHI,F,44.0,26.2,0.165,0.0081501173091852,-0.005362261483998711,37.71645021645021,46.96969696969697,ROLE OCCUPANT / SPECIALIST,,0.8999784018390148
R. Dunn,2024-25,PHX,F,74.0,19.1,0.161,0.0081336807703845,-0.006990725363142861,34.41558441558442,46.86147186147186,ROLE OCCUPANT / SPECIALIST,,0.8793668661438374
D. Melton,2023-24,PHI,G,38.0,26.9,0.177,0.008097643108668,-0.005409538864434115,47.4025974025974,46.53679653679654,ROLE OCCUPANT / SPECIALIST,,0.4474638112968025
C. Martin,2024-25,PHX,F,53.0,22.1,0.142,0.008092354327179,-0.0031003776798921717,19.047619047619047,46.42857142857143,ROLE OCCUPANT / SPECIALIST,ROLE OCCUPANT / SPECIALIST,0.6494283981815547
I. Joe,2023-24,OKC,G,78.0,18.5,0.157,0.008025873969007,-0.007452873039518066,30.681818181818183,46.320346320346324,ROLE OCCUPANT / SPECIALIST,,0.6876804878191864
P. Watson,2023-24,DEN,G,80.0,18.6,0.16,0.0079753133029915,-0.0077732395932218045,33.22510822510822,45.77922077922078,ROLE OCCUPANT / SPECIALIST,,0.39720140246566693
T. Jones,2022-23,MEM,G,80.0,24.2,0.175,0.0079582702526479,-0.016711039522237965,45.56277056277056,45.67099567099567,ROLE OCCUPANT / SPECIALIST,,1.739958818338151
C. Osman,2022-23,CLE,F,77.0,20.1,0.178,0.0078833314640863,-0.010103547775829112,48.214285714285715,45.45454545454545,ROLE OCCUPANT / SPECIALIST,,0.3422728861129897
G. Harris,2023-24,ORL,G,54.0,24.0,0.114,0.0078431147370501,-0.00485146141424319,5.086580086580087,45.34632034632035,ROLE OCCUPANT / SPECIALIST,ROLE OCCUPANT / SPECIALIST,0.5706014305277567
D. Melton,2022-23,PHI,G,77.0,27.9,0.162,0.0078407296655607,-0.013760998319959956,35.443722943722946,45.23809523809524,ROLE OCCUPANT / SPECIALIST,,0.4474638112968025
K. Ellis,2023-24,SAC,G,57.0,17.2,0.123,0.0077179357938942,-0.004025092490379308,7.954545454545454,44.91341991341991,ROLE OCCUPANT / SPECIALIST,ROLE OCCUPANT / SPECIALIST,0.7206765755990583
J. Okogie,2022-23,PHX,G,72.0,18.8,0.174,0.0076860730576281,-0.007216697692605037,44.53463203463203,44.58874458874459,ROLE OCCUPANT / SPECIALIST,,0.2753756594810923
T. Craig,2023-24,CHI,F,53.0,19.8,0.121,0.0076294349143036,-0.004337966787563375,6.98051948051948,44.37229437229438,ROLE OCCUPANT / SPECIALIST,ROLE OCCUPANT / SPECIALIST,0.6934294194568352
W. Carter Jr.,2024-25,ORL,C-F,68.0,25.9,0.159,0.0075543417399489,-0.00886808425037023,32.25108225108225,44.15584415584416,ROLE OCCUPANT / SPECIALIST,,0.3530108971406316
T. Salaün,2024-25,CHA,F,60.0,20.7,0.15,0.007539270776496,-0.005756662500507402,25.0,43.93939393939394,ROLE OCCUPANT / SPECIALIST,ROLE OCCUPANT / SPECIALIST,0.5192723891464758
I. Okoro,2024-25,CLE,F-G,55.0,19.1,0.124,0.0074886890482434,-0.004517368572708248,8.603896103896105,43.83116883116883,ROLE OCCUPANT / SPECIALIST,ROLE OCCUPANT / SPECIALIST,0.36579822206346824
M. Strus,2022-23,MIA,G-F,80.0,28.4,0.17,0.0074465430561042,-0.01889571620509178,41.66666666666667,43.61471861471862,ROLE OCCUPANT / SPECIALIST,,0.6649262170461345
J. Harris,2022-23,BKN,G-F,74.0,20.6,0.141,0.0074231198577927,-0.007321617427430958,18.344155844155843,43.3982683982684,ROLE OCCUPANT / SPECIALIST,ROLE OCCUPANT / SPECIALIST,
M. Williams,2022-23,CHA,C,43.0,19.3,0.168,0.0073961197795138,-0.004184128345057277,40.04329004329004,43.18181818181818,ROLE OCCUPANT / SPECIALIST,,0.479444873406174
D. Green,2022-23,GSW,F,73.0,31.5,0.129,0.0073675275108021,-0.010462533569013922,10.876623376623376,43.073593073593074,ROLE OCCUPANT / SPECIALIST,ROLE OCCUPANT / SPECIALIST,0.42554983925557294
G. Niang,2023-24,CLE,F,82.0,22.3,0.173,0.0073511839955193,-0.01449318821519699,43.61471861471862,42.96536796536797,ROLE OCCUPANT / SPECIALIST,,0.5587256649584714
T. Lyles,2023-24,SAC,F,58.0,20.0,0.139,0.0073221958150454,-0.005267859415599814,16.504329004329005,42.857142857142854,ROLE OCCUPANT / SPECIALIST,ROLE OCCUPANT / SPECIALIST,0.5893072037150711
G. Niang,2024-25,ATL,F,79.0,21.5,0.177,0.0072687958836245,-0.004937948124140936,47.4025974025974,42.64069264069264,ROLE OCCUPANT / SPECIALIST,,0.5587256649584714
A. Pokusevski,2022-23,OKC,F,34.0,20.6,0.179,0.0072298205917579,-0.00451039871956752,48.86363636363637,42.42424242424242,ROLE OCCUPANT / SPECIALIST,,0.04601959049572256
D. Graham,2022-23,SAS,G,73.0,18.3,0.165,0.0071978558170909,-0.0043496263095530435,37.71645021645021,42.316017316017316,ROLE OCCUPANT / SPECIALIST,,0.48380773899917434
L. Kennard,2022-23,MEM,G,59.0,22.3,0.144,0.00711503062787,-0.00424908039166301,20.995670995670995,41.77489177489178,ROLE OCCUPANT / SPECIALIST,ROLE OCCUPANT / SPECIALIST,0.6491375946633049
H. Highsmith,2023-24,MIA,F,66.0,20.7,0.121,0.0070787780181741,-0.00565130670789798,6.98051948051948,41.66666666666667,ROLE OCCUPANT / SPECIALIST,ROLE OCCUPANT / SPECIALIST,0.44337731335215813
S. Hauser,2024-25,BOS,F,71.0,21.7,0.14,0.0070616084015482,-0.007592226810575883,17.37012987012987,41.450216450216445,ROLE OCCUPANT / SPECIALIST,ROLE OCCUPANT / SPECIALIST,0.5256986399014263
G. Yabusele,2024-25,PHI,F,70.0,27.1,0.163,0.0070167992082407,-0.012664716961548663,36.25541125541126,41.23376623376623,ROLE OCCUPANT / SPECIALIST,,0.5122671428625845
O. Brissett,2022-23,IND,F-G,65.0,16.7,0.155,0.0070131867997513,-0.006232846086178061,28.19264069264069,41.125541125541126,ROLE OCCUPANT / SPECIALIST,,0.45864295877572425
D. Exum,2023-24,DAL,G,55.0,19.8,0.148,0.0069822620377744,-0.005977015537736695,23.32251082251082,40.909090909090914,ROLE OCCUPANT / SPECIALIST,ROLE OCCUPANT / SPECIALIST,0.4882254363325797
H. Jones,2023-24,NOP,F,76.0,30.5,0.141,0.0069449891869983,-0.013230111319442642,18.344155844155843,40.8008658008658,ROLE OCCUPANT / SPECIALIST,ROLE OCCUPANT / SPECIALIST,0.6462766332739152
J. Green,2022-23,CHI,G,32.0,15.0,0.128,0.0068999576911445,-0.0042741539965464445,10.335497835497835,40.58441558441558,ROLE OCCUPANT / SPECIALIST,ROLE OCCUPANT / SPECIALIST,1.356105897210686
J. Isaac,2023-24,ORL,F,58.0,15.8,0.16,0.0068777850864162,-0.005180762167956415,33.22510822510822,40.36796536796537,ROLE OCCUPANT / SPECIALIST,,0.41795131801134044
T. Jones,2024-25,CHI,G,46.0,19.7,0.136,0.0068308856252652,-0.004408526836273984,15.259740259740258,40.25974025974026,ROLE OCCUPANT / SPECIALIST,ROLE OCCUPANT / SPECIALIST,1.739958818338151
I. Stewart,2024-25,DET,F-C,72.0,19.9,0.121,0.0067836272693103,-0.005679700227214778,6.98051948051948,40.04329004329004,ROLE OCCUPANT / SPECIALIST,ROLE OCCUPANT / SPECIALIST,0.7821937233040661
D. Daniels,2024-25,ATL,G,76.0,33.8,0.178,0.0067772212166101,-0.026620903901310423,48.214285714285715,39.82683982683983,ROLE OCCUPANT / SPECIALIST,,0.8723899473475221
L. Dort,2024-25,OKC,G,71.0,29.2,0.133,0.0067573496824574,-0.010618329528534937,12.878787878787879,39.71861471861472,ROLE OCCUPANT / SPECIALIST,ROLE OCCUPANT / SPECIALIST,0.2817399402587733
D. Gafford,2023-24,DAL,F-C,74.0,24.5,0.145,0.0067441585794207,-0.004689698125238101,21.374458874458874,39.61038961038961,ROLE OCCUPANT / SPECIALIST,ROLE OCCUPANT / SPECIALIST,1.2755270812969108
T. Harris,2022-23,PHI,F,74.0,32.9,0.18,0.0067007859826849,-0.022790760683185488,49.51298701298701,39.285714285714285,ROLE OCCUPANT / SPECIALIST,,0.49187637120719824
O. Okongwu,2022-23,ATL,F-C,80.0,23.1,0.15,0.0066684578061563,-0.00861678314657953,25.0,39.17748917748918,ROLE OCCUPANT / SPECIALIST,ROLE OCCUPANT / SPECIALIST,0.5067835683326487
T. Prince,2024-25,MIL,F,80.0,27.1,0.123,0.0066430286578246,-0.010746087190080862,7.954545454545454,39.06926406926407,ROLE OCCUPANT / SPECIALIST,ROLE OCCUPANT / SPECIALIST,0.37761686146162327
B. Simmons,2022-23,BKN,G-F,42.0,26.3,0.142,0.0066361634975805,-0.005512548375733312,19.047619047619047,38.961038961038966,ROLE OCCUPANT / SPECIALIST,ROLE OCCUPANT / SPECIALIST,0.5712150513048512
H. Jones,2022-23,NOP,F,66.0,29.6,0.144,0.00660152789254,-0.012335057289026667,20.995670995670995,38.74458874458874,ROLE OCCUPANT / SPECIALIST,ROLE OCCUPANT / SPECIALIST,0.6462766332739152
W. Carter Jr.,2023-24,ORL,C-F,55.0,25.6,0.172,0.0065780195435818,-0.008461614896868674,42.91125541125541,38.52813852813853,ROLE OCCUPANT / SPECIALIST,,0.3530108971406316
K. Looney,2023-24,GSW,F,74.0,16.1,0.11,0.0065473984185474,-0.005016542146316927,3.571428571428571,38.311688311688314,ROLE OCCUPANT / SPECIALIST,ROLE OCCUPANT / SPECIALIST,1.4170728902256025
S. Milton,2022-23,PHI,G-F,76.0,20.6,0.175,0.0064547156851055,-0.012654660870767113,45.56277056277056,37.66233766233766,ROLE OCCUPANT / SPECIALIST,,0.8006000828806986
J. Williams,2024-25,OKC,G-F,47.0,16.7,0.141,0.006428710423055,-0.005115687432788965,18.344155844155843,37.5,ROLE OCCUPANT / SPECIALIST,ROLE OCCUPANT / SPECIALIST,1.5734206245879176
J. Champagnie,2024-25,WAS,G-F,62.0,21.6,0.15,0.0064199131118259,-0.0074777895107028345,25.0,37.33766233766234,ROLE OCCUPANT / SPECIALIST,ROLE OCCUPANT / SPECIALIST,1.8799652648179934
J. Green,2023-24,DAL,G,57.0,26.4,0.129,0.0064130727145769,-0.00798561904900558,10.876623376623376,37.22943722943723,ROLE OCCUPANT / SPECIALIST,ROLE OCCUPANT / SPECIALIST,1.356105897210686
A. Horford,2024-25,BOS,C-F,60.0,27.6,0.136,0.0063981260943635,-0.0089916544075682,15.259740259740258,37.121212121212125,ROLE OCCUPANT / SPECIALIST,ROLE OCCUPANT / SPECIALIST,0.46727421622347326
D. Lively II,2023-24,DAL,C,55.0,23.5,0.124,0.0063235127433524,-0.005875196210056976,8.603896103896105,36.904761904761905,ROLE OCCUPANT / SPECIALIST,ROLE OCCUPANT / SPECIALIST,0.3096386788002795
J. Green,2022-23,DEN,F,56.0,19.5,0.167,0.0062648517048035,-0.007108991613122411,39.33982683982684,36.79653679653679,ROLE OCCUPANT / SPECIALIST,,1.356105897210686
T. Jerome,2022-23,GSW,G-F,45.0,18.1,0.147,0.0062552775368884,-0.005714871464844382,22.78138528138528,36.688311688311686,ROLE OCCUPANT / SPECIALIST,ROLE OCCUPANT / SPECIALIST,0.6173120572461416
A. Dosunmu,2024-25,CHI,G,46.0,30.3,0.163,0.0062485729011578,-0.009586966268065754,36.25541125541126,36.58008658008658,ROLE OCCUPANT / SPECIALIST,,0.38860787905867733
A. Nembhard,2022-23,IND,G-F,75.0,27.6,0.159,0.0061820690275823,-0.014354889758738328,32.25108225108225,36.47186147186147,ROLE OCCUPANT / SPECIALIST,,0.4816999906140643
A. Horford,2023-24,BOS,C-F,65.0,26.8,0.119,0.0061711970684836,-0.007755000147336227,6.3852813852813854,36.36363636363637,ROLE OCCUPANT / SPECIALIST,ROLE OCCUPANT / SPECIALIST,0.46727421622347326
S. Fontecchio,2024-25,DET,F,75.0,16.5,0.152,0.0061698001637111,-0.007615558642520438,26.56926406926407,36.25541125541126,ROLE OCCUPANT / SPECIALIST,,0.7761396758834206
J. Konchar,2022-23,MEM,G,72.0,20.7,0.1,0.006149607644878,-0.006228600891651288,1.3528138528138527,35.93073593073593,ROLE OCCUPANT / SPECIALIST,ROLE OCCUPANT / SPECIALIST,0.6786456818423773
C. Martin,2024-25,DAL,F,45.0,27.1,0.143,0.0060415589457402,-0.005126426976491889,20.075757575757574,35.82251082251082,ROLE OCCUPANT / SPECIALIST,ROLE OCCUPANT / SPECIALIST,0.6494283981815547
J. Mogbo,2024-25,TOR,F,63.0,20.4,0.145,0.0060138108090018,-0.007113827704016209,21.374458874458874,35.60606060606061,ROLE OCCUPANT / SPECIALIST,ROLE OCCUPANT / SPECIALIST,
J. Strawther,2024-25,DEN,G,65.0,21.3,0.173,0.0059946219087085,-0.010587771060173563,43.61471861471862,35.38961038961039,ROLE OCCUPANT / SPECIALIST,,0.25390670129952764
G. Payton II,2023-24,GSW,G,44.0,15.5,0.13,0.0058972687618507,-0.005430139405352659,11.363636363636363,34.95670995670996,ROLE OCCUPANT / SPECIALIST,ROLE OCCUPANT / SPECIALIST,0.7723476258290456
J. Hart,2022-23,NYK,G,76.0,32.3,0.124,0.005884102073201,-0.005563833450386181,8.603896103896105,34.84848484848485,ROLE OCCUPANT / SPECIALIST,ROLE OCCUPANT / SPECIALIST,0.6411662604080522
D. Wade,2023-24,CLE,F-C,54.0,20.5,0.101,0.0058760909302009,-0.00580808498496311,1.7316017316017316,34.63203463203463,ROLE OCCUPANT / SPECIALIST,ROLE OCCUPANT / SPECIALIST,0.30934033155928975
J. Green,2024-25,CHA,G,68.0,27.8,0.115,0.005836498793712,-0.009400929793187476,5.248917748917749,34.523809523809526,ROLE OCCUPANT / SPECIALIST,ROLE OCCUPANT / SPECIALIST,1.356105897210686
C. Martin,2023-24,MIA,F,64.0,27.4,0.168,0.0058231055459044,-0.011690241417555251,40.04329004329004,34.307359307359306,ROLE OCCUPANT / SPECIALIST,,0.6494283981815547
D. Finney-Smith,2024-25,LAL,F,63.0,28.9,0.123,0.0058152571858312,-0.006406265633042564,7.954545454545454,34.1991341991342,ROLE OCCUPANT / SPECIALIST,ROLE OCCUPANT / SPECIALIST,0.5340662288668279
T. Hendricks,2023-24,UTA,F,40.0,21.4,0.135,0.0057622961115247,-0.005878965106022188,14.285714285714285,33.98268398268398,ROLE OCCUPANT / SPECIALIST,ROLE OCCUPANT / SPECIALIST,0.588134000645471
M. Strus,2024-25,CLE,G-F,50.0,25.5,0.143,0.0057447254600689,-0.007330740541826023,20.075757575757574,33.76623376623377,ROLE OCCUPANT / SPECIALIST,ROLE OCCUPANT / SPECIALIST,0.6649262170461345
T. Mann,2024-25,ATL,G-F,67.0,21.1,0.145,0.0057423912773661,-0.005671261356016812,21.374458874458874,33.65800865800866,ROLE OCCUPANT / SPECIALIST,ROLE OCCUPANT / SPECIALIST,0.8201057181780406
K. Huerter,2023-24,SAC,G-F,64.0,24.4,0.173,0.0056882846392491,-0.012529095436872653,43.61471861471862,33.44155844155844,ROLE OCCUPANT / SPECIALIST,,0.44307239780167473
H. Barnes,2023-24,SAC,F,82.0,29.0,0.154,0.0056798740778106,-0.019720218538276855,27.380952380952383,33.33333333333333,ROLE OCCUPANT / SPECIALIST,,0.28347220332593576
J. Okogie,2023-24,PHX,G,60.0,16.0,0.125,0.0056185983570853,-0.006148050546143092,9.090909090909092,33.22510822510822,ROLE OCCUPANT / SPECIALIST,ROLE OCCUPANT / SPECIALIST,0.2753756594810923
D. Avdija,2022-23,WAS,F,76.0,26.6,0.165,0.0056160566434669,-0.015374906138567852,37.71645021645021,33.116883116883116,ROLE OCCUPANT / SPECIALIST,,1.3386835277359643
J. Walter,2024-25,TOR,G,52.0,21.2,0.179,0.0056035181343421,-0.008237329965443995,48.86363636363637,33.00865800865801,ROLE OCCUPANT / SPECIALIST,,0.5132483586930292
D. Mitchell,2024-25,MIA,G,74.0,27.4,0.135,0.0055860831351126,-0.006448063953788264,14.285714285714285,32.900432900432904,ROLE OCCUPANT / SPECIALIST,ROLE OCCUPANT / SPECIALIST,1.0637948662761685
M. Potter,2024-25,UTA,C,38.0,18.6,0.102,0.0055848871692395,-0.005613353927859203,2.002164502164502,32.7922077922078,ROLE OCCUPANT / SPECIALIST,ROLE OCCUPANT / SPECIALIST,0.3029177120069464
D. Green,2023-24,GSW,F,55.0,27.1,0.148,0.0055036384444704,-0.008715709348850405,23.32251082251082,32.467532467532465,ROLE OCCUPANT / SPECIALIST,ROLE OCCUPANT / SPECIALIST,0.42554983925557294
P. Williams,2023-24,CHI,F,43.0,27.3,0.163,0.005422941357822,-0.007894088393114233,36.25541125541126,32.142857142857146,ROLE OCCUPANT / SPECIALIST,,0.4425656767069952
M. Plumlee,2022-23,LAC,F-C,79.0,26.0,0.149,0.0054046381465092,-0.005761748489446343,24.08008658008658,32.03463203463203,ROLE OCCUPANT / SPECIALIST,ROLE OCCUPANT / SPECIALIST,0.7332162886563426
I. Okoro,2022-23,CLE,F-G,76.0,21.7,0.117,0.0053927666394139,-0.008628089019248681,5.844155844155844,31.926406926406926,ROLE OCCUPANT / SPECIALIST,ROLE OCCUPANT / SPECIALIST,0.36579822206346824
N. Richards,2022-23,CHA,C,65.0,18.7,0.151,0.0053262002999949,-0.006907210022989012,25.757575757575758,31.70995670995671,ROLE OCCUPANT / SPECIALIST,,1.3808639143817765
K. Dunn,2023-24,UTA,G,66.0,18.9,0.132,0.0053138727187134,-0.0075115871783886234,12.283549783549784,31.601731601731604,ROLE OCCUPANT / SPECIALIST,ROLE OCCUPANT / SPECIALIST,0.7233745341055344
T. Prince,2023-24,LAL,F,78.0,27.0,0.134,0.0051986157458624,-0.01404136084699157,13.582251082251082,31.277056277056275,ROLE OCCUPANT / SPECIALIST,ROLE OCCUPANT / SPECIALIST,0.37761686146162327
P. Achiuwa,2024-25,NYK,F,57.0,20.5,0.143,0.0051512034039066,-0.007415536671840888,20.075757575757574,31.060606060606062,ROLE OCCUPANT / SPECIALIST,ROLE OCCUPANT / SPECIALIST,0.58877549163844
D. Nix,2022-23,HOU,G,57.0,16.0,0.149,0.0051449397032284,-0.00682732597648575,24.08008658008658,30.952380952380953,ROLE OCCUPANT / SPECIALIST,ROLE OCCUPANT / SPECIALIST,
D. Theis,2023-24,LAC,F-C,60.0,16.9,0.15,0.0051201295912168,-0.006929783372250858,25.0,30.735930735930733,ROLE OCCUPANT / SPECIALIST,ROLE OCCUPANT / SPECIALIST,0.7783978344090325
D. House Jr.,2023-24,PHI,Forward-Guard,34.0,15.0,0.116,0.0050931838367243,-0.006103866153711722,5.51948051948052,30.627705627705627,ROLE OCCUPANT / SPECIALIST,ROLE OCCUPANT / SPECIALIST,0.1080514419523788
T. Maledon,2022-23,CHA,G,44.0,19.4,0.166,0.0050827353751501,-0.007162040021105825,38.74458874458874,30.519480519480517,ROLE OCCUPANT / SPECIALIST,,0.09810570439832131
D. Daniels,2022-23,NOP,G,59.0,17.7,0.113,0.0050732219265683,-0.006666333167306404,4.816017316017316,30.41125541125541,ROLE OCCUPANT / SPECIALIST,ROLE OCCUPANT / SPECIALIST,0.8723899473475221
K. Lowry,2024-25,PHI,G,35.0,18.8,0.1,0.0050350411392179,-0.006172044417407306,1.3528138528138527,30.08658008658009,ROLE OCCUPANT / SPECIALIST,ROLE OCCUPANT / SPECIALIST,0.46377012681120644
A. Burks,2024-25,MIA,G,49.0,17.6,0.16,0.0050335995149786,-0.007194926829472144,33.22510822510822,29.978354978354975,ROLE OCCUPANT / SPECIALIST,,0.5489361360496537
J. Wilson,2024-25,BKN,F,79.0,25.7,0.161,0.0049707232934127,-0.016970428999906764,34.41558441558442,29.545454545454547,ROLE OCCUPANT / SPECIALIST,,0.7925555257844061
I. Wainright,2022-23,PHX,F,60.0,15.3,0.117,0.0049678543454373,-0.006663159573486468,5.844155844155844,29.329004329004327,ROLE OCCUPANT / SPECIALIST,ROLE OCCUPANT / SPECIALIST,
A. Wiggins,2022-23,OKC,G,70.0,18.5,0.143,0.0049446831952334,-0.008420376092752483,20.075757575757574,29.22077922077922,ROLE OCCUPANT / SPECIALIST,ROLE OCCUPANT / SPECIALIST,0.3179293823971313
B. Fernando,2023-24,ATL,F-C,45.0,15.2,0.172,0.0049280488469576,-0.006520375577897369,42.91125541125541,29.11255411255411,ROLE OCCUPANT / SPECIALIST,,0.3812492028096991
J. Collins,2022-23,ATL,F-C,71.0,30.0,0.168,0.0049202798553912,-0.01813348700564671,40.04329004329004,29.004329004329005,ROLE OCCUPANT / SPECIALIST,,0.7830381048894082
O. Agbaji,2024-25,TOR,G,64.0,27.2,0.144,0.0049022475864248,-0.01209442281428983,20.995670995670995,28.78787878787879,ROLE OCCUPANT / SPECIALIST,ROLE OCCUPANT / SPECIALIST,0.7538070450570729
J. McDaniels,2022-23,PHI,F-C,80.0,23.9,0.165,0.0049008038646173,-0.006292392358187314,37.71645021645021,28.679653679653676,ROLE OCCUPANT / SPECIALIST,,1.907000844502344
X. Tillman,2022-23,MEM,F,61.0,19.3,0.136,0.0048903436382653,-0.007337699144828912,15.259740259740258,28.463203463203463,ROLE OCCUPANT / SPECIALIST,ROLE OCCUPANT / SPECIALIST,0.32897423909417983
Y. Watanabe,2022-23,BKN,G-F,58.0,16.0,0.127,0.0048789511055002,-0.006959972684162548,9.848484848484848,28.246753246753247,ROLE OCCUPANT / SPECIALIST,ROLE OCCUPANT / SPECIALIST,0.34130987030459664
A. Holiday,2023-24,HOU,G,78.0,16.3,0.158,0.0048601547320924,-0.008847822340716616,31.493506493506494,28.13852813852814,ROLE OCCUPANT / SPECIALIST,,0.6344495008776115
C. Osman,2023-24,SAS,F,72.0,17.6,0.146,0.0048110041885485,-0.009123710263205891,22.023809523809522,27.92207792207792,ROLE OCCUPANT / SPECIALIST,ROLE OCCUPANT / SPECIALIST,0.3422728861129897
D. Wade,2024-25,CLE,F-C,59.0,21.2,0.101,0.0048083486147917,-0.007020892446651809,1.7316017316017316,27.81385281385281,ROLE OCCUPANT / SPECIALIST,ROLE OCCUPANT / SPECIALIST,0.30934033155928975
J. Richardson,2022-23,NOP,G,65.0,23.5,0.18,0.0047901804319019,-0.006444246208155543,49.51298701298701,27.705627705627705,ROLE OCCUPANT / SPECIALIST,,0.1445339260733993
J. Ingles,2023-24,ORL,F-G,68.0,17.2,0.111,0.004783512075258,-0.0069369097610994645,4.004329004329004,27.48917748917749,ROLE OCCUPANT / SPECIALIST,ROLE OCCUPANT / SPECIALIST,0.6370697774903632
A. Nesmith,2024-25,IND,G-F,45.0,24.9,0.171,0.0047759835331097,-0.009434136576464653,42.316017316017316,27.380952380952383,ROLE OCCUPANT / SPECIALIST,,0.5587818464918588
N. Jović,2024-25,MIA,F,46.0,25.1,0.178,0.0047684353852981,-0.00984972492071646,48.214285714285715,27.27272727272727,ROLE OCCUPANT / SPECIALIST,,0.6593490256582971
D. Lee,2022-23,PHX,G-F,74.0,20.4,0.155,0.0047384557791327,-0.011291820623996583,28.19264069264069,27.056277056277057,ROLE OCCUPANT / SPECIALIST,,0.5529901302351242
S. Mamukelashvili,2022-23,SAS,F-C,43.0,15.3,0.177,0.0047252617925589,-0.006565587147661584,47.4025974025974,26.948051948051948,ROLE OCCUPANT / SPECIALIST,,1.2436868785173316
S. Dinwiddie,2024-25,DAL,G,79.0,27.0,0.175,0.0047163952938475,-0.019225756530974067,45.56277056277056,26.83982683982684,ROLE OCCUPANT / SPECIALIST,,1.00788471838031
T. Martin,2024-25,BKN,F,60.0,21.9,0.179,0.0047110988031981,-0.01192253398383619,48.86363636363637,26.623376623376622,ROLE OCCUPANT / SPECIALIST,,1.2932171321166064
J. Green,2022-23,DAL,G,60.0,25.7,0.14,0.0047033910269745,-0.010169256124729104,17.37012987012987,26.515151515151516,ROLE OCCUPANT / SPECIALIST,ROLE OCCUPANT / SPECIALIST,1.356105897210686
R. Bullock Jr.,2022-23,DAL,G-F,78.0,30.3,0.098,0.0046823967417739,-0.0111512859153904,0.974025974025974,25.97402597402597,ROLE OCCUPANT / SPECIALIST,ROLE OCCUPANT / SPECIALIST,0.5958135154021941
P. Connaughton,2023-24,MIL,G,76.0,22.1,0.106,0.004669188393593,-0.008468522181916838,2.7056277056277054,25.865800865800864,ROLE OCCUPANT / SPECIALIST,ROLE OCCUPANT / SPECIALIST,1.5018176897044249
D. Finney-Smith,2022-23,BKN,F,66.0,30.4,0.129,0.0046460642450737,-0.0067709616984371395,10.876623376623376,25.541125541125542,ROLE OCCUPANT / SPECIALIST,ROLE OCCUPANT / SPECIALIST,0.5340662288668279
P. Pritchard,2023-24,BOS,G,82.0,22.3,0.168,0.0046360484995072,-0.013720009811062549,40.04329004329004,25.432900432900436,ROLE OCCUPANT / SPECIALIST,,0.45073573998163263
L. Ball,2024-25,CHI,G,35.0,22.2,0.152,0.0046138253676827,-0.007095068975342668,26.56926406926407,25.216450216450216,ROLE OCCUPANT / SPECIALIST,,0.4937986790190177
T. Watford,2022-23,POR,F,62.0,19.1,0.158,0.0045911694985414,-0.008892724809488613,31.493506493506494,25.108225108225106,ROLE OCCUPANT / SPECIALIST,,0.5694920502113667
J. Wilson,2023-24,BKN,F,43.0,15.5,0.138,0.004575244619647,-0.006783209192065885,16.071428571428573,24.891774891774894,ROLE OCCUPANT / SPECIALIST,ROLE OCCUPANT / SPECIALIST,0.7925555257844061
B. Wesley,2022-23,SAS,G,37.0,18.1,0.18,0.004572724035189,-0.007305673180715201,49.51298701298701,24.783549783549784,ROLE OCCUPANT / SPECIALIST,,0.6060237730908884
D. Mitchell,2023-24,SAC,G,72.0,15.3,0.147,0.0045464742005583,-0.008193285947539083,22.78138528138528,24.567099567099568,ROLE OCCUPANT / SPECIALIST,ROLE OCCUPANT / SPECIALIST,1.0637948662761685
M. Diabaté,2024-25,CHA,F,71.0,17.5,0.13,0.0045304994611441,-0.007639541653070069,11.363636363636363,24.350649350649352,ROLE OCCUPANT / SPECIALIST,ROLE OCCUPANT / SPECIALIST,0.7323459694146056
O. Ighodaro,2024-25,PHX,F,61.0,17.1,0.103,0.0045060006538355,-0.006985732356557706,2.1645021645021645,23.91774891774892,ROLE OCCUPANT / SPECIALIST,ROLE OCCUPANT / SPECIALIST,0.5205136264124942
I. Smith,2023-24,CHA,Guard,43.0,17.2,0.119,0.0044741507904766,-0.00690865133231566,6.3852813852813854,23.7012987012987,ROLE OCCUPANT / SPECIALIST,ROLE OCCUPANT / SPECIALIST,0.9929405725268229
P. Williams,2022-23,CHI,F,82.0,28.3,0.156,0.0044468150078464,-0.017726804093082468,29.49134199134199,23.160173160173162,ROLE OCCUPANT / SPECIALIST,,0.4425656767069952
Z. Williams,2022-23,MEM,F,37.0,15.2,0.178,0.0044366798977985,-0.007066505611264483,48.214285714285715,23.051948051948052,ROLE OCCUPANT / SPECIALIST,,0.9967600280370151
I. Stewart,2023-24,DET,F-C,46.0,30.9,0.143,0.0044270223982589,-0.00919770225504743,20.075757575757574,22.943722943722943,ROLE OCCUPANT / SPECIALIST,ROLE OCCUPANT / SPECIALIST,0.7821937233040661
T. Ross,2022-23,PHX,G-F,63.0,21.1,0.166,0.004413090128,-0.006894165903387278,38.74458874458874,22.835497835497836,ROLE OCCUPANT / SPECIALIST,,
J. Shead,2024-25,TOR,G,75.0,19.6,0.179,0.0044050501600005,-0.012426792833863162,48.86363636363637,22.727272727272727,ROLE OCCUPANT / SPECIALIST,,0.13096147868513217
J. Holiday,2022-23,DAL,F-G,46.0,15.4,0.132,0.0043162102377637,-0.0068535407501768494,12.283549783549784,21.861471861471863,ROLE OCCUPANT / SPECIALIST,ROLE OCCUPANT / SPECIALIST,1.4053010778988018
P. Beverley,2022-23,CHI,G,67.0,27.1,0.107,0.0042887047601629,-0.006928513955584632,2.976190476190476,21.753246753246753,ROLE OCCUPANT / SPECIALIST,ROLE OCCUPANT / SPECIALIST,0.500600334063189
C. Kispert,2022-23,WAS,F,74.0,28.3,0.139,0.0042279473722844,-0.01538578921031843,16.504329004329005,21.536796536796537,ROLE OCCUPANT / SPECIALIST,ROLE OCCUPANT / SPECIALIST,0.9801131904070182
J. Richardson,2023-24,MIA,G,43.0,25.6,0.159,0.0041741116205841,-0.009143529760766003,32.25108225108225,21.428571428571427,ROLE OCCUPANT / SPECIALIST,,0.1445339260733993
M. Morris Sr.,2022-23,LAC,F,65.0,28.1,0.176,0.0041542344811927,-0.017586035315339713,46.48268398268398,21.21212121212121,ROLE OCCUPANT / SPECIALIST,,0.32382424831265033
C. Wallace,2023-24,OKC,G,82.0,20.6,0.127,0.0041499416313485,-0.010492806539788803,9.848484848484848,21.1038961038961,ROLE OCCUPANT / SPECIALIST,ROLE OCCUPANT / SPECIALIST,0.7144303308700083
K. Anderson,2022-23,MIN,F-G,69.0,28.4,0.143,0.0041147755409335,-0.013262490009644828,20.075757575757574,20.995670995670995,ROLE OCCUPANT / SPECIALIST,ROLE OCCUPANT / SPECIALIST,1.102843849994867
R. McGruder,2022-23,DET,G,32.0,16.4,0.135,0.0040876449750831,-0.007171403554549327,14.285714285714285,20.77922077922078,ROLE OCCUPANT / SPECIALIST,ROLE OCCUPANT / SPECIALIST,
R. Hachimura,2024-25,LAL,F,59.0,31.7,0.156,0.0040590045843106,-0.015138582379532315,29.49134199134199,20.67099567099567,ROLE OCCUPANT / SPECIALIST,,0.47426230490163
S. Aldama,2022-23,MEM,F-C,77.0,21.8,0.157,0.0040554740527133,-0.012294409553702264,30.681818181818183,20.562770562770563,ROLE OCCUPANT / SPECIALIST,,1.0461777994838293
D. Lively II,2024-25,DAL,C,36.0,23.1,0.132,0.0040518515365942,-0.007502343438002096,12.283549783549784,20.454545454545457,ROLE OCCUPANT / SPECIALIST,ROLE OCCUPANT / SPECIALIST,0.3096386788002795
B. Podziemski,2024-25,GSW,G,64.0,26.8,0.177,0.004045197899781,-0.015425498241709697,47.4025974025974,20.346320346320347,ROLE OCCUPANT / SPECIALIST,,1.2488935146015427
K. Hayes,2023-24,DET,Guard,42.0,24.0,0.147,0.0040254269075845,-0.008841910588818704,22.78138528138528,20.238095238095237,ROLE OCCUPANT / SPECIALIST,ROLE OCCUPANT / SPECIALIST,0.5421918259934803
J. Crowder,2023-24,MIL,F,50.0,23.1,0.113,0.0040240167903484,-0.007964501374375675,4.816017316017316,20.12987012987013,ROLE OCCUPANT / SPECIALIST,ROLE OCCUPANT / SPECIALIST,1.2325938488514108
D. Smith Jr.,2022-23,CHA,G,54.0,25.7,0.175,0.0040097799032392,-0.012247076137544818,45.56277056277056,20.02164502164502,ROLE OCCUPANT / SPECIALIST,,0.34178205703954245
J. Williams,2022-23,OKC,G-F,75.0,30.3,0.18,0.0039888148041714,-0.022567891207758584,49.51298701298701,19.85930735930736,ROLE OCCUPANT / SPECIALIST,,1.5734206245879176
J. Williams,2022-23,OKC,G-F,49.0,18.7,0.133,0.0039888148041714,-0.022567891207758584,12.878787878787879,19.85930735930736,ROLE OCCUPANT / SPECIALIST,ROLE OCCUPANT / SPECIALIST,1.5734206245879176
T. Mann,2022-23,LAC,G-F,81.0,23.1,0.149,0.0039805603102512,-0.013925027109269267,24.08008658008658,19.696969696969695,ROLE OCCUPANT / SPECIALIST,ROLE OCCUPANT / SPECIALIST,0.8201057181780406
I. Livers,2022-23,DET,F,52.0,23.1,0.117,0.0039639465158649,-0.008429259689452958,5.844155844155844,19.58874458874459,ROLE OCCUPANT / SPECIALIST,ROLE OCCUPANT / SPECIALIST,0.36341809017477567
J. Green,2024-25,CLE,G,68.0,18.5,0.113,0.0039466976307424,-0.007266237678425869,4.816017316017316,19.37229437229437,ROLE OCCUPANT / SPECIALIST,ROLE OCCUPANT / SPECIALIST,1.356105897210686
H. Barnes,2022-23,SAC,F,82.0,32.5,0.168,0.0039116270979938,-0.029191933277818292,40.04329004329004,19.047619047619047,ROLE OCCUPANT / SPECIALIST,,0.28347220332593576
R. Hampton,2022-23,DET,G,47.0,15.9,0.175,0.0038256279920998,-0.007408145487589045,45.56277056277056,18.72294372294372,ROLE OCCUPANT / SPECIALIST,,
G. Allen,2024-25,PHX,G,64.0,24.1,0.169,0.0038122534947325,-0.014621515061195547,40.909090909090914,18.614718614718615,ROLE OCCUPANT / SPECIALIST,,0.9031208873389873
C. Boucher,2022-23,TOR,F-C,76.0,20.0,0.175,0.0038065024404299,-0.011186183477459751,45.56277056277056,18.506493506493506,ROLE OCCUPANT / SPECIALIST,,0.47484243811526666
J. Alvarado,2023-24,NOP,G,56.0,18.4,0.168,0.0037908252454066,-0.009310707244053903,40.04329004329004,18.398268398268396,ROLE OCCUPANT / SPECIALIST,,0.7578186368171598
J. Dowtin Jr.,2024-25,PHI,G,41.0,15.1,0.176,0.0037679377107316,-0.008043768802711841,46.48268398268398,18.29004329004329,ROLE OCCUPANT / SPECIALIST,,0.8007276230532685
M. Conley,2023-24,MIN,G,76.0,28.9,0.157,0.0037389452367292,-0.019175919319221243,30.681818181818183,18.073593073593074,ROLE OCCUPANT / SPECIALIST,,1.4299130878295612
B. McGowens,2022-23,CHA,G,46.0,17.1,0.147,0.0037383192215025,-0.008107793700904763,22.78138528138528,17.965367965367964,ROLE OCCUPANT / SPECIALIST,ROLE OCCUPANT / SPECIALIST,0.11265310374466303
A. Nembhard,2024-25,IND,G-F,65.0,28.9,0.163,0.0037201751106105,-0.014758011046045263,36.25541125541126,17.857142857142858,ROLE OCCUPANT / SPECIALIST,,0.4816999906140643
K. Olynyk,2023-24,TOR,F-C,78.0,22.5,0.171,0.0037160154201599,-0.008389896661729034,42.316017316017316,17.74891774891775,ROLE OCCUPANT / SPECIALIST,,0.57322246789177
I. Okoro,2023-24,CLE,F-G,69.0,27.3,0.136,0.003692824468627,-0.014209579904669024,15.259740259740258,17.532467532467532,ROLE OCCUPANT / SPECIALIST,ROLE OCCUPANT / SPECIALIST,0.36579822206346824
D. Roddy,2022-23,MEM,F,70.0,18.0,0.163,0.0036075755135377,-0.01064427669640903,36.25541125541126,16.99134199134199,ROLE OCCUPANT / SPECIALIST,,0.1762889793751163
K. Bates-Diop,2022-23,SAS,F,67.0,21.7,0.165,0.0035774473063573,-0.011906653729123652,37.71645021645021,16.883116883116884,ROLE OCCUPANT / SPECIALIST,,0.056786641420229024
N. Alexander-Walker,2022-23,MIN,G,59.0,15.0,0.177,0.0035694067903332,-0.007632352508964917,47.4025974025974,16.774891774891778,ROLE OCCUPANT / SPECIALIST,,1.4686334935772347
C. Williams,2024-25,UTA,F,50.0,21.2,0.122,0.0035663404719694,-0.008384249769401957,7.35930735930736,16.666666666666664,ROLE OCCUPANT / SPECIALIST,ROLE OCCUPANT / SPECIALIST,0.000317182038241176
A. Lamb,2022-23,GSW,F,62.0,19.3,0.136,0.0035572979334218,-0.009111896609093912,15.259740259740258,16.558441558441558,ROLE OCCUPANT / SPECIALIST,ROLE OCCUPANT / SPECIALIST,
N. Alexander-Walker,2024-25,MIN,G,82.0,25.3,0.155,0.003536718325605,-0.017451026352093904,28.19264069264069,16.450216450216452,ROLE OCCUPANT / SPECIALIST,,1.4686334935772347
H. Highsmith,2022-23,MIA,F,54.0,18.0,0.121,0.0035126501709431,-0.008048941291408675,6.98051948051948,16.341991341991342,ROLE OCCUPANT / SPECIALIST,ROLE OCCUPANT / SPECIALIST,0.44337731335215813
G. Williams,2023-24,CHA,F,76.0,28.0,0.157,0.0034563540777613,-0.009170563255187763,30.681818181818183,16.233766233766232,ROLE OCCUPANT / SPECIALIST,,0.5233512860702438
A. Coffey,2023-24,LAC,G-F,70.0,20.9,0.119,0.0034378061994181,-0.010575112780656254,6.3852813852813854,16.125541125541126,ROLE OCCUPANT / SPECIALIST,ROLE OCCUPANT / SPECIALIST,0.7509933639314454
I. Stewart,2022-23,DET,F-C,50.0,28.3,0.17,0.0034215833385543,-0.012199048544027577,41.66666666666667,16.017316017316016,ROLE OCCUPANT / SPECIALIST,,0.7821937233040661
X. Tillman,2023-24,BOS,F,54.0,18.0,0.146,0.0033985474889779,-0.007794331571286322,22.023809523809522,15.909090909090908,ROLE OCCUPANT / SPECIALIST,ROLE OCCUPANT / SPECIALIST,0.32897423909417983
K. Wallace,2024-25,ATL,G,31.0,16.2,0.164,0.0033622873821474,-0.007920573884932315,36.85064935064935,15.584415584415584,ROLE OCCUPANT / SPECIALIST,,0.5091936317366575
K. Lowry,2022-23,MIA,G,55.0,31.2,0.162,0.003315605717534,-0.013969750172512656,35.443722943722946,15.259740259740258,ROLE OCCUPANT / SPECIALIST,,0.46377012681120644
G. Mathews,2024-25,ATL,G,47.0,17.6,0.153,0.0032687248485658,-0.00881702716676217,27.056277056277057,15.151515151515152,ROLE OCCUPANT / SPECIALIST,,1.1221218322332125
M. Morris Sr.,2023-24,CLE,F,49.0,16.7,0.162,0.0032619182291402,-0.007926871047969221,35.443722943722946,15.043290043290044,ROLE OCCUPANT / SPECIALIST,,0.32382424831265033
J. Hart,2023-24,NYK,G,81.0,33.4,0.133,0.0032614277770532,-0.021709894833340005,12.878787878787879,14.935064935064934,ROLE OCCUPANT / SPECIALIST,ROLE OCCUPANT / SPECIALIST,0.6411662604080522
S. Aldama,2023-24,MEM,F-C,61.0,26.5,0.177,0.0032525444828315,-0.014857851583638199,47.4025974025974,14.826839826839826,ROLE OCCUPANT / SPECIALIST,,1.0461777994838293
H. Barnes,2024-25,SAS,F,82.0,27.2,0.157,0.0032460446141262,-0.019724099718607647,30.681818181818183,14.71861471861472,ROLE OCCUPANT / SPECIALIST,,0.28347220332593576
T. Jones,2024-25,PHX,G,81.0,26.8,0.16,0.0032454207884747,-0.019051685958450554,33.22510822510822,14.61038961038961,ROLE OCCUPANT / SPECIALIST,,1.739958818338151
C. Reddish,2024-25,LAL,Forward-Guard,33.0,17.9,0.084,0.0032325642839906,-0.007932941824679112,0.3246753246753247,14.393939393939394,ROLE OCCUPANT / SPECIALIST,ROLE OCCUPANT / SPECIALIST,0.4843911681067854
G. Vincent,2024-25,LAL,G,72.0,21.2,0.131,0.0030886448996505,-0.01130821421313711,11.796536796536797,13.96103896103896,ROLE OCCUPANT / SPECIALIST,ROLE OCCUPANT / SPECIALIST,0.5479776698439159
D. Mitchell,2022-23,SAC,G,80.0,18.1,0.14,0.0030697236379317,-0.011041442923530275,17.37012987012987,13.744588744588745,ROLE OCCUPANT / SPECIALIST,ROLE OCCUPANT / SPECIALIST,1.0637948662761685
P. Reed,2023-24,PHI,F,82.0,19.4,0.156,0.0030691571515654,-0.01132286853384791,29.49134199134199,13.636363636363635,ROLE OCCUPANT / SPECIALIST,,1.0148308037336442
C. Reddish,2022-23,POR,F-G,40.0,24.7,0.166,0.0030209271237218,-0.008529549398342207,38.74458874458874,13.528138528138529,ROLE OCCUPANT / SPECIALIST,,0.4843911681067854
A. Caruso,2024-25,OKC,G,54.0,19.3,0.147,0.0029964188297528,-0.009467197274116903,22.78138528138528,13.095238095238097,ROLE OCCUPANT / SPECIALIST,ROLE OCCUPANT / SPECIALIST,0.5496154950808063
P. Tucker,2022-23,PHI,F,75.0,25.6,0.066,0.0029639193934073,-0.0086920307126546,0.10822510822510822,12.770562770562771,ROLE OCCUPANT / SPECIALIST,ROLE OCCUPANT / SPECIALIST,
J. Walker,2024-25,IND,F,75.0,15.8,0.165,0.0029055938190447,-0.010769091762580589,37.71645021645021,12.445887445887447,ROLE OCCUPANT / SPECIALIST,,1.2656273931540827
L. Shamet,2024-25,NYK,G,50.0,15.2,0.143,0.0027558124923817,-0.009049066075481173,20.075757575757574,11.904761904761903,ROLE OCCUPANT / SPECIALIST,ROLE OCCUPANT / SPECIALIST,1.308027459120657
J. Isaac,2024-25,ORL,F,71.0,15.4,0.155,0.0027449367193934,-0.009126215685837546,28.19264069264069,11.688311688311687,ROLE OCCUPANT / SPECIALIST,,0.41795131801134044
R. Covington,2022-23,LAC,F,48.0,16.2,0.149,0.0026371017347008,-0.009212088361111401,24.08008658008658,11.255411255411255,ROLE OCCUPANT / SPECIALIST,ROLE OCCUPANT / SPECIALIST,0.44302232262284724
K. Huerter,2024-25,CHI,G-F,69.0,24.3,0.171,0.0026019129488813,-0.009668352453095014,42.316017316017316,10.930735930735931,ROLE OCCUPANT / SPECIALIST,,0.44307239780167473
J. Tate,2023-24,HOU,F,65.0,15.9,0.115,0.0025905484989833,-0.009025182436248561,5.248917748917749,10.822510822510822,ROLE OCCUPANT / SPECIALIST,ROLE OCCUPANT / SPECIALIST,0.29657797264372854
T. Camara,2024-25,POR,F,78.0,32.7,0.143,0.0025465192260987,-0.02106074297305401,20.075757575757574,10.714285714285714,ROLE OCCUPANT / SPECIALIST,ROLE OCCUPANT / SPECIALIST,0.7918339316853736
A. Nembhard,2023-24,IND,G-F,68.0,25.0,0.161,0.0025369756449196,-0.013722434561504987,34.41558441558442,10.497835497835498,ROLE OCCUPANT / SPECIALIST,,0.4816999906140643
M. Kleber,2022-23,DAL,F,37.0,25.1,0.1,0.0025208718851845,-0.008842955169590706,1.3528138528138527,10.38961038961039,ROLE OCCUPANT / SPECIALIST,ROLE OCCUPANT / SPECIALIST,0.6426326306294136
J. Goodwin,2022-23,WAS,G,62.0,17.8,0.165,0.002515920703895,-0.010486273343843902,37.71645021645021,10.281385281385282,ROLE OCCUPANT / SPECIALIST,,0.560431854767926
M. McBride,2023-24,NYK,G,68.0,19.5,0.164,0.0025014520685109,-0.012268632261827724,36.85064935064935,10.064935064935066,ROLE OCCUPANT / SPECIALIST,,1.0614945044651645
D. Smith Jr.,2023-24,BKN,G,56.0,18.9,0.174,0.0024488752990884,-0.010731853865540663,44.53463203463203,9.848484848484848,ROLE OCCUPANT / SPECIALIST,,0.34178205703954245
A. Black,2023-24,ORL,G,69.0,16.9,0.123,0.0024209896790932,-0.009830678512957578,7.954545454545454,9.632034632034632,ROLE OCCUPANT / SPECIALIST,ROLE OCCUPANT / SPECIALIST,0.8894213708341523
A. Griffin,2022-23,ATL,F,72.0,19.5,0.174,0.0023907735713025,-0.013853639188239293,44.53463203463203,9.415584415584416,ROLE OCCUPANT / SPECIALIST,,0.470723716178972
D. Wright,2022-23,WAS,G,50.0,24.4,0.125,0.0023889443047507,-0.00991314281320052,9.090909090909092,9.307359307359308,ROLE OCCUPANT / SPECIALIST,ROLE OCCUPANT / SPECIALIST,1.489092782423994
K. Knox II,2022-23,POR,F,63.0,15.1,0.175,0.0023592400895214,-0.008924717147075985,45.56277056277056,9.199134199134198,ROLE OCCUPANT / SPECIALIST,,0.4473227607999365
R. O'Neale,2023-24,PHX,F,79.0,24.7,0.134,0.0023222914700614,-0.009304071645665235,13.582251082251082,8.982683982683982,ROLE OCCUPANT / SPECIALIST,ROLE OCCUPANT / SPECIALIST,0.7935672730057617
V. Williams Jr.,2023-24,MEM,G,52.0,27.6,0.155,0.0022894169121988,-0.012297431906091356,28.19264069264069,8.874458874458876,ROLE OCCUPANT / SPECIALIST,,0.8170642520379742
A. Wiggins,2023-24,OKC,G,78.0,15.7,0.163,0.0022777940383547,-0.011618926121332546,36.25541125541126,8.658008658008658,ROLE OCCUPANT / SPECIALIST,,0.3179293823971313
M. Thybulle,2022-23,POR,G-F,71.0,16.9,0.102,0.0022586621782191,-0.008968500688631562,2.002164502164502,8.54978354978355,ROLE OCCUPANT / SPECIALIST,ROLE OCCUPANT / SPECIALIST,0.8462168576333859
G. Williams,2022-23,BOS,F,79.0,25.9,0.128,0.0022174347105456,-0.013676088216163918,10.335497835497835,8.441558441558442,ROLE OCCUPANT / SPECIALIST,ROLE OCCUPANT / SPECIALIST,0.5233512860702438
O. Agbaji,2022-23,UTA,G,59.0,20.5,0.154,0.002179108884367,-0.01190662854471238,27.380952380952383,8.333333333333332,ROLE OCCUPANT / SPECIALIST,,0.7538070450570729
M. Christie,2024-25,DAL,G,78.0,27.3,0.15,0.0021305244201939,-0.010731874949577789,25.0,8.225108225108226,ROLE OCCUPANT / SPECIALIST,ROLE OCCUPANT / SPECIALIST,1.4062749998492345
T. da Silva,2024-25,ORL,F,74.0,22.0,0.149,0.0021271609187273,-0.013922973611780942,24.08008658008658,8.116883116883116,ROLE OCCUPANT / SPECIALIST,ROLE OCCUPANT / SPECIALIST,0.5400785752512881
I. Hartenstein,2022-23,NYK,C-F,82.0,19.9,0.107,0.002115324346037,-0.009810810327759881,2.976190476190476,8.008658008658008,ROLE OCCUPANT / SPECIALIST,ROLE OCCUPANT / SPECIALIST,0.9008540847865435
J. Robinson-Earl,2024-25,NOP,F,66.0,18.8,0.14,0.0020701682119438,-0.010625917521885648,17.37012987012987,7.792207792207792,ROLE OCCUPANT / SPECIALIST,ROLE OCCUPANT / SPECIALIST,1.1589445872636084
J. Vanderbilt,2022-23,LAL,F,78.0,24.1,0.136,0.0020687539402926,-0.009146877649114715,15.259740259740258,7.683982683982683,ROLE OCCUPANT / SPECIALIST,ROLE OCCUPANT / SPECIALIST,0.4535034929417484
L. Stevens,2022-23,CLE,F,62.0,18.1,0.136,0.0020444712808195,-0.010534610788718741,15.259740259740258,7.575757575757576,ROLE OCCUPANT / SPECIALIST,ROLE OCCUPANT / SPECIALIST,0.9832629928471717
C. Joseph,2022-23,DET,G,62.0,19.8,0.149,0.0020164948049254,-0.011133804102261655,24.08008658008658,7.467532467532467,ROLE OCCUPANT / SPECIALIST,ROLE OCCUPANT / SPECIALIST,0.4546079762395592
T. Lyles,2022-23,SAC,F,74.0,16.9,0.174,0.0019995375409861,-0.012242458291060767,44.53463203463203,7.35930735930736,ROLE OCCUPANT / SPECIALIST,,0.5893072037150711
P. Achiuwa,2023-24,NYK,F,74.0,21.9,0.158,0.0019562109610947,-0.010024144771277653,31.493506493506494,7.142857142857142,ROLE OCCUPANT / SPECIALIST,,0.58877549163844
G. Hayward,2023-24,OKC,F,51.0,24.4,0.175,0.0019505550884686,-0.009234556369477818,45.56277056277056,7.034632034632035,ROLE OCCUPANT / SPECIALIST,,0.7910811610162296
J. Tate,2022-23,HOU,F,31.0,21.9,0.178,0.0019425663262846,-0.009932609684450344,48.214285714285715,6.926406926406926,ROLE OCCUPANT / SPECIALIST,,0.29657797264372854
D. Daniels,2023-24,NOP,G,61.0,22.3,0.123,0.0019181762105798,-0.011046791885153992,7.954545454545454,6.8181818181818175,ROLE OCCUPANT / SPECIALIST,ROLE OCCUPANT / SPECIALIST,0.8723899473475221
J. McDaniels,2023-24,MIN,F,72.0,29.2,0.156,0.0018561530142261,-0.019177527710331058,29.49134199134199,6.493506493506493,ROLE OCCUPANT / SPECIALIST,,1.907000844502344
M. Moody,2023-24,GSW,G,66.0,17.5,0.176,0.0018426153473583,-0.012357255896537118,46.48268398268398,6.3852813852813854,ROLE OCCUPANT / SPECIALIST,,0.6996542121491279
K. Olynyk,2022-23,UTA,F-C,68.0,28.6,0.176,0.0018178388665615,-0.019421623065499216,46.48268398268398,6.277056277056277,ROLE OCCUPANT / SPECIALIST,,0.57322246789177
K. Edwards,2024-25,DAL,F,40.0,15.2,0.11,0.0017748062229938,-0.009433847745726698,3.571428571428571,5.952380952380952,ROLE OCCUPANT / SPECIALIST,ROLE OCCUPANT / SPECIALIST,0.24939249272050704
J. Vanderbilt,2024-25,LAL,F,36.0,16.1,0.116,0.0017689353300168,-0.009403941101579239,5.51948051948052,5.735930735930736,ROLE OCCUPANT / SPECIALIST,ROLE OCCUPANT / SPECIALIST,0.4535034929417484
C. Wood,2023-24,LAL,F,50.0,17.4,0.173,0.0017610317306679,-0.010379483585933817,43.61471861471862,5.627705627705628,ROLE OCCUPANT / SPECIALIST,,1.0466251787761418
D. Wright,2023-24,MIA,G,47.0,15.8,0.127,0.0017445976023472,-0.00944300348693434,9.848484848484848,5.51948051948052,ROLE OCCUPANT / SPECIALIST,ROLE OCCUPANT / SPECIALIST,1.489092782423994
V. Krejčí,2024-25,ATL,G,57.0,20.2,0.131,0.0017390070949495,-0.01075764942969387,11.796536796536797,5.411255411255411,ROLE OCCUPANT / SPECIALIST,ROLE OCCUPANT / SPECIALIST,0.5351880295800653
G. Vincent,2022-23,MIA,G,68.0,25.9,0.17,0.0017381372065742,-0.017072959195970516,41.66666666666667,5.303030303030303,ROLE OCCUPANT / SPECIALIST,,0.5479776698439159
K. Murray,2024-25,POR,F,69.0,15.1,0.133,0.001728617910749,-0.010322856733386628,12.878787878787879,5.194805194805195,ROLE OCCUPANT / SPECIALIST,ROLE OCCUPANT / SPECIALIST,0.8081909774903333
C. Martin,2022-23,MIA,F,71.0,29.3,0.143,0.0017204227828755,-0.01696487716403474,20.075757575757574,5.086580086580087,ROLE OCCUPANT / SPECIALIST,ROLE OCCUPANT / SPECIALIST,0.6494283981815547
G. Dick,2023-24,TOR,G-F,60.0,21.1,0.167,0.0016482649716185,-0.013028930813783767,39.33982683982684,4.978354978354979,ROLE OCCUPANT / SPECIALIST,,0.6984586186874236
N. Marshall,2023-24,NOP,F,66.0,19.0,0.158,0.001640174155762,-0.012348185806384785,31.493506493506494,4.761904761904762,ROLE OCCUPANT / SPECIALIST,,0.6289896532817717
J. Holiday,2023-24,BOS,G,69.0,32.8,0.161,0.001633119246251,-0.019753953318685,34.41558441558442,4.653679653679654,ROLE OCCUPANT / SPECIALIST,,1.4053010778988018
G. Mathews,2023-24,ATL,G,66.0,15.0,0.11,0.0015656296966758,-0.010075655015948783,3.571428571428571,4.545454545454546,ROLE OCCUPANT / SPECIALIST,ROLE OCCUPANT / SPECIALIST,1.1221218322332125
P. Williams,2024-25,CHI,F,63.0,25.0,0.165,0.0015374764895332,-0.014035350690067104,37.71645021645021,4.329004329004329,ROLE OCCUPANT / SPECIALIST,,0.4425656767069952
C. Wallace,2024-25,OKC,G,68.0,27.6,0.124,0.0015366997198346,-0.014065582917312079,8.603896103896105,4.220779220779221,ROLE OCCUPANT / SPECIALIST,ROLE OCCUPANT / SPECIALIST,0.7144303308700083
D. Theis,2024-25,NOP,Forward-Center,38.0,16.3,0.111,0.0014847404916747,-0.009726993308886735,4.004329004329004,4.112554112554113,ROLE OCCUPANT / SPECIALIST,ROLE OCCUPANT / SPECIALIST,0.7783978344090325
O. Anunoby,2023-24,NYK,F-G,50.0,34.0,0.173,0.0014741468843658,-0.010730062534058999,43.61471861471862,4.004329004329004,ROLE OCCUPANT / SPECIALIST,,0.5522066516434718
J. Konchar,2023-24,MEM,G,55.0,21.3,0.096,0.0014364719162216,-0.009972281143115722,0.8116883116883116,3.896103896103896,ROLE OCCUPANT / SPECIALIST,ROLE OCCUPANT / SPECIALIST,0.6786456818423773
C. Reddish,2023-24,LAL,F-G,48.0,20.5,0.123,0.0014244972756713,-0.010438533183354748,7.954545454545454,3.787878787878788,ROLE OCCUPANT / SPECIALIST,ROLE OCCUPANT / SPECIALIST,0.4843911681067854
A. Thompson,2023-24,DET,G-F,63.0,25.1,0.161,0.0014215666033127,-0.013857409253404401,34.41558441558442,3.67965367965368,ROLE OCCUPANT / SPECIALIST,,0.7379273787203018
S. Bey,2023-24,ATL,G-F,63.0,32.7,0.163,0.0014155103425155,-0.01950352017367624,36.25541125541126,3.463203463203463,ROLE OCCUPANT / SPECIALIST,,1.0054758605372196
P. Beverley,2023-24,MIL,G,73.0,20.0,0.141,0.0014086472087628,-0.009850641843829595,18.344155844155843,3.2467532467532463,ROLE OCCUPANT / SPECIALIST,ROLE OCCUPANT / SPECIALIST,0.500600334063189
K. Anderson,2024-25,MIA,F-G,61.0,16.4,0.152,0.001386607102869,-0.009830523933399787,26.56926406926407,3.1385281385281383,ROLE OCCUPANT / SPECIALIST,,1.102843849994867
J. Holiday,2024-25,BOS,G,62.0,30.6,0.156,0.0013351962070417,-0.017344517246020395,29.49134199134199,2.922077922077922,ROLE OCCUPANT / SPECIALIST,,1.4053010778988018
S. Dinwiddie,2023-24,LAL,G,76.0,28.3,0.161,0.0013292569555676,-0.009900446513376028,34.41558441558442,2.813852813852814,ROLE OCCUPANT / SPECIALIST,,1.00788471838031
K. Lowry,2023-24,PHI,G,60.0,28.2,0.128,0.0013087397793176,-0.009969718855235425,10.335497835497835,2.7056277056277054,ROLE OCCUPANT / SPECIALIST,ROLE OCCUPANT / SPECIALIST,0.46377012681120644
S. Curry,2024-25,CHA,G,68.0,15.6,0.151,0.0012544060798654,-0.011492806211802835,25.757575757575758,2.4891774891774894,ROLE OCCUPANT / SPECIALIST,,0.9627203950897093
R. Langford,2022-23,SAS,G-F,43.0,19.6,0.148,0.0012438392990089,-0.010662113445561082,23.32251082251082,2.380952380952381,ROLE OCCUPANT / SPECIALIST,ROLE OCCUPANT / SPECIALIST,
D. Jeffries,2024-25,CHA,G-F,47.0,22.8,0.136,0.0012036891135438,-0.011299747146214126,15.259740259740258,2.1645021645021645,ROLE OCCUPANT / SPECIALIST,ROLE OCCUPANT / SPECIALIST,
N. Alexander-Walker,2023-24,MIN,G,82.0,23.4,0.143,0.0011668785101632,-0.017228824797418635,20.075757575757574,2.0562770562770565,ROLE OCCUPANT / SPECIALIST,ROLE OCCUPANT / SPECIALIST,1.4686334935772347
D. Robinson,2022-23,MIA,F,42.0,16.4,0.172,0.0011397334477498,-0.010801255095534666,42.91125541125541,1.83982683982684,ROLE OCCUPANT / SPECIALIST,,1.3017807955067875
J. McDaniels,2024-25,MIN,F,82.0,31.9,0.16,0.0010975939467096,-0.026826028452869844,33.22510822510822,1.6233766233766231,ROLE OCCUPANT / SPECIALIST,,1.907000844502344
S. Fontecchio,2023-24,DET,F,66.0,24.9,0.159,0.0010789930033082,-0.010398407309336296,32.25108225108225,1.5151515151515151,ROLE OCCUPANT / SPECIALIST,,0.7761396758834206
J. LaRavia,2024-25,SAC,F,66.0,20.4,0.14,0.0010362530235572,-0.010131175343700522,17.37012987012987,1.1904761904761905,ROLE OCCUPANT / SPECIALIST,ROLE OCCUPANT / SPECIALIST,0.7106823971984711
M. Conley,2024-25,MIN,G,71.0,24.7,0.141,0.0009622855414848,-0.015084304117279271,18.344155844155843,0.974025974025974,ROLE OCCUPANT / SPECIALIST,ROLE OCCUPANT / SPECIALIST,1.4299130878295612
D. White,2022-23,BOS,G,82.0,28.3,0.174,0.0009081060100917,-0.026942467044551895,44.53463203463203,0.8658008658008658,ROLE OCCUPANT / SPECIALIST,,0.5402254200867934
E. Gordon,2022-23,LAC,G,69.0,28.5,0.171,0.0009052655186914,-0.010614369129427889,42.316017316017316,0.7575757575757576,ROLE OCCUPANT / SPECIALIST,,0.6609983980340896
B. Brown,2023-24,TOR,G-F,67.0,27.8,0.161,0.0009020272756197,-0.011663347480111249,34.41558441558442,0.5411255411255411,ROLE OCCUPANT / SPECIALIST,,1.0784769172949
M. Smart,2022-23,BOS,G,61.0,32.1,0.176,0.0008256250038896,-0.01984502562038393,46.48268398268398,0.4329004329004329,ROLE OCCUPANT / SPECIALIST,,1.1738494603183016
N. Little,2022-23,POR,F-G,54.0,18.1,0.158,0.000784814575221,-0.011756707378908918,31.493506493506494,0.3246753246753247,ROLE OCCUPANT / SPECIALIST,,0.7645000523419678
M. Muscala,2022-23,BOS,F-C,63.0,15.0,0.146,0.000711141125313,-0.010456654126514014,22.023809523809522,0.21645021645021645,ROLE OCCUPANT / SPECIALIST,ROLE OCCUPANT / SPECIALIST,0.9137654833977303
C. Metu,2023-24,DET,F-C,51.0,16.8,0.162,0.0006189572469992,-0.010579899862072004,35.443722943722946,0.10822510822510822,ROLE OCCUPANT / SPECIALIST,,1.548185379664965
L. Dončić,2023-24,DAL,F-G,70.0,37.5,0.355,0.0931119654768862,-0.005868024733391625,99.56709956709958,94.15584415584416,TERMINAL SCORER,TERMINAL SCORER,0.7093615865588554
P. Banchero,2023-24,ORL,F,80.0,35.0,0.292,0.0736794362028289,-0.010653462548905868,94.96753246753246,91.77489177489177,TERMINAL SCORER,TERMINAL SCORER,0.7065405549044375
N. Jokić,2023-24,DEN,C,79.0,34.6,0.288,0.071071544011149,-0.0076750905182841195,94.1017316017316,91.45021645021644,TERMINAL SCORER,TERMINAL SCORER,0.6632044444460781
T. Young,2022-23,ATL,G,73.0,34.8,0.313,0.0708866629064773,-0.02424815758477096,97.83549783549783,91.34199134199135,TERMINAL SCORER,TERMINAL SCORER,1.8835899359480401
J. Green,2024-25,HOU,F,82.0,32.9,0.267,0.070642848575589,-0.0029078851027098257,88.14935064935064,91.23376623376623,TERMINAL SCORER,TERMINAL SCORER,1.356105897210686
D. Fox,2023-24,SAC,G,74.0,35.9,0.3,0.0674235561519073,-0.012411337864504504,96.04978354978356,90.6926406926407,TERMINAL SCORER,TERMINAL SCORER,0.6187755559425498
A. Edwards,2023-24,MIN,G,79.0,35.1,0.314,0.0650164511441465,-0.020693527607747925,97.94372294372295,90.36796536796537,TERMINAL SCORER,TERMINAL SCORER,0.6693692578005047
D. Fox,2022-23,SAC,G,73.0,33.4,0.288,0.055763550874532,-0.008317735345303778,94.1017316017316,89.06926406926407,TERMINAL SCORER,TERMINAL SCORER,0.6187755559425498
D. Mitchell,2024-25,CLE,G,71.0,31.4,0.298,0.0541101587001766,-0.013525355607232864,95.83333333333334,88.85281385281385,TERMINAL SCORER,TERMINAL SCORER,1.0637948662761685
J. Randle,2022-23,NYK,F-C,77.0,35.5,0.288,0.0533253344263954,-0.02271819980885035,94.1017316017316,88.63636363636364,TERMINAL SCORER,TERMINAL SCORER,0.9991205591110297
D. Lillard,2023-24,MIL,G,73.0,35.3,0.274,0.0524424357990633,-0.010732033145209013,91.45021645021644,88.41991341991343,TERMINAL SCORER,TERMINAL SCORER,0.17192460999567447
C. Cunningham,2024-25,DET,G,70.0,35.0,0.323,0.0521671628057166,-0.023286143821714712,98.59307359307358,88.31168831168831,TERMINAL SCORER,TERMINAL SCORER,0.9241967519540555
S. Curry,2023-24,GSW,G,74.0,32.7,0.302,0.0510036826365546,-0.020621231841500713,96.5909090909091,88.2034632034632,TERMINAL SCORER,TERMINAL SCORER,0.9627203950897093
T. Young,2023-24,ATL,G,54.0,36.0,0.289,0.0483586349785966,-0.006028416354823457,94.53463203463204,87.55411255411255,TERMINAL SCORER,TERMINAL SCORER,1.8835899359480401
A. Edwards,2022-23,MIN,G,79.0,36.0,0.292,0.0474801338748505,-0.04166829209545358,94.96753246753246,87.33766233766234,TERMINAL SCORER,TERMINAL SCORER,0.6693692578005047
P. Siakam,2022-23,TOR,F,71.0,37.4,0.27,0.0467195074421624,-0.019714142767796913,89.44805194805194,87.01298701298701,TERMINAL SCORER,TERMINAL SCORER,0.5813841372366053
J. Brunson,2023-24,NYK,G,77.0,35.4,0.311,0.0460759680507079,-0.05832700860943877,97.45670995670996,86.68831168831169,TERMINAL SCORER,TERMINAL SCORER,0.6539003959349827
J. Tatum,2024-25,BOS,F-G,72.0,36.4,0.301,0.0458371790402185,-0.03439253497228252,96.32034632034632,86.58008658008657,TERMINAL SCORER,TERMINAL SCORER,0.905694528390643
J. Poole,2022-23,GSW,G,82.0,30.0,0.282,0.0448335849830096,-0.017960567053153742,92.47835497835499,86.25541125541125,TERMINAL SCORER,TERMINAL SCORER,0.7676569892035962
S. Curry,2024-25,GSW,G,70.0,32.2,0.286,0.0445321019058893,-0.01263965389762483,93.61471861471861,85.93073593073593,TERMINAL SCORER,TERMINAL SCORER,0.9627203950897093
F. VanVleet,2022-23,TOR,G,69.0,36.7,0.225,0.0441643556278463,-0.0012268487479334678,73.48484848484848,85.71428571428571,TERMINAL SCORER,,0.6425700780117245
P. Siakam,2024-25,IND,F,78.0,32.7,0.237,0.0436296166397118,-0.008984417785588839,78.57142857142857,85.4978354978355,TERMINAL SCORER,TERMINAL SCORER,0.5813841372366053
D. Lillard,2022-23,POR,G,58.0,36.3,0.331,0.0414825310394552,-0.021531706849142497,99.02597402597402,85.3896103896104,TERMINAL SCORER,TERMINAL SCORER,0.17192460999567447
D. Mitchell,2022-23,CLE,G,68.0,35.8,0.31,0.0396276084426393,-0.03963165903893153,97.2943722943723,84.74025974025975,TERMINAL SCORER,TERMINAL SCORER,1.0637948662761685
Z. LaVine,2022-23,CHI,G,77.0,35.9,0.278,0.0393606206821111,-0.03717684882043269,91.991341991342,84.63203463203463,TERMINAL SCORER,TERMINAL SCORER,1.496280065288745
N. Vučević,2022-23,CHI,C,82.0,33.5,0.218,0.0389345693947528,-0.009643960662017434,70.23809523809523,84.52380952380952,TERMINAL SCORER,,0.9324184929980667
D. Lillard,2024-25,MIL,G,58.0,36.1,0.269,0.0379483652668621,-0.004310296662179469,88.96103896103897,84.3073593073593,TERMINAL SCORER,TERMINAL SCORER,0.17192460999567447
D. Garland,2024-25,CLE,G,75.0,30.7,0.265,0.0379264748837835,-0.012865213381062397,87.5,84.0909090909091,TERMINAL SCORER,TERMINAL SCORER,0.9366963400627222
J. Tatum,2023-24,BOS,F-G,74.0,35.7,0.296,0.037312352665073,-0.04334677304803119,95.508658008658,83.87445887445888,TERMINAL SCORER,TERMINAL SCORER,0.905694528390643
J. Giddey,2022-23,OKC,G,76.0,31.1,0.239,0.0368861091593569,-0.0073011156256284696,79.70779220779221,83.76623376623377,TERMINAL SCORER,TERMINAL SCORER,1.048590802099995
J. Williams,2024-25,OKC,G-F,69.0,32.4,0.27,0.0364192794574446,-0.012745901760470794,89.44805194805194,83.38744588744589,TERMINAL SCORER,TERMINAL SCORER,1.5734206245879176
B. Hield,2022-23,IND,G,80.0,31.0,0.205,0.0361921463945567,-0.0019743413254665818,65.5844155844156,83.22510822510823,TERMINAL SCORER,,0.803581284669886
F. Wagner,2024-25,ORL,F,60.0,33.7,0.306,0.0358258505995647,-0.026421623390460232,96.9155844155844,82.90043290043289,TERMINAL SCORER,TERMINAL SCORER,0.851372438054426
C. McCollum,2022-23,NOP,G,75.0,35.3,0.26,0.0347037974951869,-0.026803996037704378,86.2012987012987,82.46753246753246,TERMINAL SCORER,TERMINAL SCORER,0.5405924147666081
J. Jackson Jr.,2024-25,MEM,F-C,74.0,29.8,0.274,0.0344058646063902,-0.02763906756998625,91.45021645021644,82.35930735930735,TERMINAL SCORER,TERMINAL SCORER,0.823062228226462
J. Morant,2022-23,MEM,G,61.0,31.9,0.338,0.0339033466989384,-0.01969114457136971,99.24242424242425,82.14285714285714,TERMINAL SCORER,TERMINAL SCORER,1.0994721252225967
T. Maxey,2023-24,PHI,G,70.0,37.5,0.273,0.0334004127024659,-0.04220405734879521,90.80086580086581,81.92640692640693,TERMINAL SCORER,TERMINAL SCORER,0.4311284325348297
T. Haliburton,2024-25,IND,G,73.0,33.6,0.21,0.0332081817818156,-0.006298475240933618,67.8030303030303,81.81818181818183,TERMINAL SCORER,,0.10504723484445902
T. Maxey,2024-25,PHI,G,52.0,37.7,0.293,0.033099308704247,-0.01705498700376265,95.12987012987013,81.4935064935065,TERMINAL SCORER,TERMINAL SCORER,0.4311284325348297
D. Booker,2024-25,PHX,G,75.0,37.3,0.285,0.0327697707352062,-0.048053995596080486,93.18181818181817,81.27705627705627,TERMINAL SCORER,TERMINAL SCORER,0.37951420873158287
J. Green,2022-23,HOU,G,76.0,34.2,0.274,0.0319507803994755,-0.039156877077546705,91.45021645021644,80.95238095238095,TERMINAL SCORER,TERMINAL SCORER,1.356105897210686
L. James,2024-25,LAL,F,70.0,34.9,0.291,0.0311206124985287,-0.038920524628416095,94.8051948051948,80.73593073593074,TERMINAL SCORER,TERMINAL SCORER,0.7190097772008323
C. White,2023-24,CHI,G,79.0,36.5,0.224,0.0308774068183185,-0.027067109513808134,72.94372294372295,80.41125541125541,TERMINAL SCORER,,0.8330093471883336
C. Thomas,2023-24,BKN,G,66.0,31.4,0.296,0.0307741646683823,-0.02763394479188617,95.508658008658,80.3030303030303,TERMINAL SCORER,TERMINAL SCORER,0.645418368436662
K. Porter Jr.,2022-23,HOU,G-F,59.0,34.3,0.239,0.0304887411770166,-0.004662513425168994,79.70779220779221,80.1948051948052,TERMINAL SCORER,TERMINAL SCORER,1.0292647751453674
D. Garland,2022-23,CLE,G,69.0,35.5,0.262,0.0304629470016345,-0.021982853735739386,86.68831168831169,80.08658008658008,TERMINAL SCORER,TERMINAL SCORER,0.9366963400627222
M. Beasley,2024-25,DET,G,82.0,27.8,0.215,0.0304260781000089,-0.01092377305176373,69.8051948051948,79.97835497835499,TERMINAL SCORER,,0.6880762725914273
V. Wembanyama,2024-25,SAS,F-C,46.0,33.2,0.3,0.0299096124018956,-0.0009205296661341025,96.04978354978356,79.43722943722943,TERMINAL SCORER,TERMINAL SCORER,0.9443908579118646
T. Haliburton,2022-23,IND,G,56.0,33.6,0.238,0.0295353974537265,-0.0017904308265413657,79.11255411255411,79.32900432900432,TERMINAL SCORER,TERMINAL SCORER,0.10504723484445902
J. Jackson Jr.,2023-24,MEM,F-C,66.0,32.2,0.302,0.0294614954362475,-0.03284460291027268,96.5909090909091,79.11255411255411,TERMINAL SCORER,TERMINAL SCORER,0.823062228226462
K. Thompson,2024-25,DAL,G,72.0,27.3,0.214,0.0289025984190428,-0.0019334510793344584,69.48051948051948,79.004329004329,TERMINAL SCORER,,0.3687656015948388
J. Brunson,2022-23,NYK,G,68.0,35.0,0.266,0.0288393670364152,-0.02983919783693725,87.77056277056276,78.8961038961039,TERMINAL SCORER,TERMINAL SCORER,0.6539003959349827
K. Leonard,2022-23,LAC,F,52.0,33.6,0.267,0.028826367437102,-0.005713047424185463,88.14935064935064,78.78787878787878,TERMINAL SCORER,TERMINAL SCORER,0.5975398480627494
N. Powell,2022-23,LAC,G,60.0,26.1,0.251,0.028066078594383,-0.0026036043899033343,83.38744588744589,78.57142857142857,TERMINAL SCORER,TERMINAL SCORER,0.797116093021199
T. Haliburton,2023-24,IND,G,69.0,32.2,0.239,0.0269581596406087,-0.014786471890880705,79.70779220779221,78.13852813852814,TERMINAL SCORER,TERMINAL SCORER,0.10504723484445902
D. DiVincenzo,2023-24,NYK,G,81.0,29.1,0.209,0.0258972900823399,-0.010881225854755854,67.15367965367966,77.48917748917748,TERMINAL SCORER,,0.6996112434300803
K. Durant,2023-24,PHX,F,75.0,37.2,0.283,0.0246630824006234,-0.056525731133770754,92.74891774891775,76.83982683982684,TERMINAL SCORER,TERMINAL SCORER,0.9169747317418292
M. Porter Jr.,2024-25,DEN,F,77.0,33.7,0.197,0.0243955161339561,-0.01370884854843896,61.038961038961034,76.73160173160173,TERMINAL SCORER,,0.5335565795256351
S. Barnes,2022-23,TOR,F,77.0,34.8,0.2,0.0243865611307642,-0.015457959585292773,62.5,76.62337662337663,TERMINAL SCORER,,0.5481493175693072
K. Thompson,2022-23,GSW,G,69.0,33.0,0.256,0.0240485470309178,-0.028861513045479695,84.95670995670996,76.2987012987013,TERMINAL SCORER,TERMINAL SCORER,0.3687656015948388
D. Murray,2023-24,ATL,G,78.0,35.7,0.259,0.0237951646310498,-0.0462593551720568,85.76839826839827,76.08225108225109,TERMINAL SCORER,TERMINAL SCORER,0.8202130332406405
D. Bane,2023-24,MEM,G,42.0,34.4,0.273,0.0236964285559864,-0.0038122140103511275,90.80086580086581,75.97402597402598,TERMINAL SCORER,TERMINAL SCORER,0.38633574617384625
D. Vassell,2023-24,SAS,G-F,68.0,33.1,0.229,0.0236302097710887,-0.017759354416125306,74.78354978354979,75.86580086580086,TERMINAL SCORER,,0.3151847852085443
J. Harden,2022-23,PHI,G,58.0,36.8,0.247,0.0235272367545199,-0.009012996321476608,81.87229437229438,75.64935064935064,TERMINAL SCORER,TERMINAL SCORER,0.8640332611882473
S. Castle,2024-25,SAS,G,81.0,26.7,0.253,0.0233790860814335,-0.018645676971636,83.98268398268398,75.54112554112554,TERMINAL SCORER,TERMINAL SCORER,0.41874718293115126
J. Brown,2022-23,BOS,G-F,67.0,35.9,0.307,0.023327897835192,-0.05007368169026341,97.13203463203463,75.43290043290042,TERMINAL SCORER,TERMINAL SCORER,0.2122671329733116
C. White,2024-25,CHI,G,74.0,33.1,0.237,0.0232389818707526,-0.024275722117663767,78.57142857142857,75.32467532467533,TERMINAL SCORER,TERMINAL SCORER,0.8330093471883336
S. Curry,2022-23,GSW,G,56.0,34.7,0.297,0.0232282174483466,-0.02682534630946893,95.67099567099568,75.10822510822511,TERMINAL SCORER,TERMINAL SCORER,0.9627203950897093
M. Bridges,2023-24,BKN,G-F,82.0,34.8,0.238,0.0224947896043082,-0.04737832825519589,79.11255411255411,74.67532467532467,TERMINAL SCORER,TERMINAL SCORER,1.281958532165081
J. Brown,2024-25,BOS,G-F,63.0,34.3,0.282,0.0221089530081967,-0.036230605921879384,92.47835497835499,74.35064935064936,TERMINAL SCORER,TERMINAL SCORER,0.2122671329733116
A. Reaves,2024-25,LAL,G,73.0,34.9,0.23,0.0219042432616615,-0.030520411696421747,75.37878787878788,74.24242424242425,TERMINAL SCORER,TERMINAL SCORER,0.7262241903732407
S. Henderson,2023-24,POR,G,62.0,28.5,0.26,0.0216584083788557,-0.008532357138742116,86.2012987012987,74.02597402597402,TERMINAL SCORER,TERMINAL SCORER,1.0945900367214474
J. Murray,2023-24,DEN,G,59.0,31.5,0.273,0.0211521385604454,-0.017565123805113027,90.80086580086581,73.59307359307358,TERMINAL SCORER,TERMINAL SCORER,0.7425336970115333
C. McCollum,2024-25,NOP,G,56.0,32.7,0.266,0.0209020106937446,-0.019494694227392705,87.77056277056276,73.48484848484848,TERMINAL SCORER,TERMINAL SCORER,0.5405924147666081
J. Smith Jr.,2022-23,HOU,F,79.0,31.0,0.183,0.0202227251665387,-0.009679414245656142,51.67748917748918,73.05194805194806,TERMINAL SCORER,,0.42570793124596074
J. Harden,2023-24,LAC,G,72.0,34.3,0.202,0.0201795411658844,-0.012845485359204857,64.06926406926407,72.72727272727273,TERMINAL SCORER,,0.8640332611882473
B. Ingram,2022-23,NOP,F,45.0,34.2,0.306,0.0200976758012649,-0.01165308872831097,96.9155844155844,72.61904761904762,TERMINAL SCORER,TERMINAL SCORER,0.8901915579493369
R. Barrett,2024-25,TOR,F-G,58.0,32.2,0.281,0.0198459783942769,-0.024833340545281715,92.26190476190477,72.51082251082252,TERMINAL SCORER,TERMINAL SCORER,0.7708606497832785
K. George,2024-25,UTA,G,67.0,31.5,0.237,0.0198274841704129,-0.016813409363875056,78.57142857142857,72.40259740259741,TERMINAL SCORER,TERMINAL SCORER,1.0469084678413425
J. Green,2023-24,HOU,F,82.0,31.7,0.27,0.0195984310920611,-0.050532413149644344,89.44805194805194,72.24025974025975,TERMINAL SCORER,TERMINAL SCORER,1.356105897210686
A. Gordon,2022-23,DEN,F,68.0,30.2,0.206,0.0192361726704283,-0.008067259778835476,65.85497835497836,71.75324675324676,TERMINAL SCORER,,0.4404598413658717
P. Siakam,2023-24,IND,F,80.0,33.2,0.25,0.0191090496133599,-0.0009587182548094798,82.84632034632034,71.32034632034632,TERMINAL SCORER,TERMINAL SCORER,0.5813841372366053
B. Ingram,2023-24,NOP,F,64.0,32.9,0.269,0.0190551297421014,-0.02447444996276159,88.96103896103897,71.21212121212122,TERMINAL SCORER,TERMINAL SCORER,0.8901915579493369
A. Simons,2023-24,POR,G,46.0,34.4,0.276,0.0188477190300603,-0.012584839390596639,91.77489177489177,71.1038961038961,TERMINAL SCORER,TERMINAL SCORER,0.6776089967014391
A. Simons,2024-25,POR,G,70.0,32.7,0.241,0.0184371773400263,-0.026804386494400385,80.35714285714286,70.995670995671,TERMINAL SCORER,TERMINAL SCORER,0.6776089967014391
T. Herro,2024-25,MIA,G,77.0,35.4,0.271,0.0182621033611858,-0.05602484544699813,89.93506493506493,70.67099567099568,TERMINAL SCORER,TERMINAL SCORER,0.6527754875275162
C. Sexton,2024-25,UTA,G,63.0,27.9,0.264,0.0178801436855688,-0.017153355649963137,87.22943722943724,70.34632034632034,TERMINAL SCORER,TERMINAL SCORER,0.8442513907303724
O. Toppin,2024-25,IND,F,79.0,19.6,0.191,0.0177225058527042,-0.0028439308158178522,57.1969696969697,70.02164502164501,TERMINAL SCORER,,0.757317505691322
J. Duren,2023-24,DET,C,61.0,29.1,0.181,0.0173340494176917,-0.0016842322417230833,50.21645021645021,69.91341991341992,TERMINAL SCORER,,0.7901324734163144
R. Westbrook,2024-25,DEN,G,75.0,27.9,0.23,0.0172309645936151,-0.010904959888712661,75.37878787878788,69.8051948051948,TERMINAL SCORER,TERMINAL SCORER,0.8178991319469495
D. Vassell,2024-25,SAS,G-F,64.0,31.0,0.217,0.0170296843917081,-0.014580489952319364,69.91341991341992,69.6969696969697,TERMINAL SCORER,,0.3151847852085443
C. Sexton,2023-24,UTA,G,78.0,26.6,0.267,0.0165616464475822,-0.029350039401510708,88.14935064935064,69.58874458874459,TERMINAL SCORER,TERMINAL SCORER,0.8442513907303724
T. Rozier,2022-23,CHA,G,63.0,35.3,0.262,0.0164805600026649,-0.031173670139254872,86.68831168831169,69.48051948051948,TERMINAL SCORER,TERMINAL SCORER,0.6858441842951816
A. Thompson,2024-25,DET,G-F,59.0,22.5,0.185,0.0161392490047286,-0.0002373925378021946,53.30086580086581,69.37229437229438,TERMINAL SCORER,,0.7379273787203018
B. Hield,2024-25,GSW,G,82.0,22.7,0.196,0.0160351182775485,-0.008034211221070418,60.443722943722946,69.26406926406926,TERMINAL SCORER,,0.803581284669886
T. Mann,2022-23,OKC,G,67.0,17.7,0.2,0.0156296928692436,-0.0003400056468005029,62.5,68.72294372294373,TERMINAL SCORER,,0.8201057181780406
B. Beal,2024-25,PHX,G,53.0,32.1,0.219,0.0153888774156909,-0.009924503264131954,70.56277056277057,68.61471861471861,TERMINAL SCORER,,0.5145141329852738
T. Hardaway Jr.,2023-24,DAL,G-F,79.0,26.8,0.22,0.0152271952464904,-0.021205161097597288,71.04978354978356,68.29004329004329,TERMINAL SCORER,,0.5529650932238901
L. Markkanen,2022-23,UTA,F-C,66.0,34.4,0.259,0.0151271092981873,-0.03336507783802245,85.76839826839827,68.07359307359307,TERMINAL SCORER,TERMINAL SCORER,0.9805084497468616
J. Brown,2023-24,BOS,G-F,70.0,33.5,0.283,0.0149091890295485,-0.050938748480069455,92.74891774891775,67.53246753246754,TERMINAL SCORER,TERMINAL SCORER,0.2122671329733116
E. Mobley,2022-23,CLE,C,79.0,34.4,0.199,0.0146973822679787,-0.025572440984584156,62.01298701298701,67.20779220779221,TERMINAL SCORER,,0.24585601062777857
P. George,2023-24,LAC,F,74.0,33.8,0.264,0.0146326344890787,-0.044044662908204704,87.22943722943724,66.991341991342,TERMINAL SCORER,TERMINAL SCORER,0.5136242922943586
T. Jones,2022-23,SAS,G,68.0,29.2,0.189,0.0144381456607929,-0.012439315424369745,56.493506493506494,66.88311688311688,TERMINAL SCORER,,1.739958818338151
P. Banchero,2022-23,ORL,F,72.0,33.7,0.272,0.0142826746748599,-0.04352001297331254,90.25974025974025,66.45021645021644,TERMINAL SCORER,TERMINAL SCORER,0.7065405549044375
N. Powell,2024-25,LAC,G,60.0,32.6,0.255,0.013968971341717,-0.024228552715028703,84.46969696969697,66.01731601731602,TERMINAL SCORER,TERMINAL SCORER,0.797116093021199
T. Eason,2024-25,HOU,F,57.0,24.9,0.185,0.0136447333417513,-0.0029283570397403806,53.30086580086581,65.80086580086581,TERMINAL SCORER,,0.7557831448603264
B. Sensabaugh,2024-25,UTA,F,71.0,20.2,0.208,0.0134396269887332,-0.00578883248570795,66.61255411255411,65.36796536796537,TERMINAL SCORER,,0.518908623332891
Z. Williamson,2024-25,NOP,F,30.0,28.6,0.325,0.0134187431262221,-0.006259389087694274,98.7012987012987,65.25974025974025,TERMINAL SCORER,TERMINAL SCORER,0.8431114870755151
L. James,2023-24,LAL,F,71.0,35.3,0.285,0.0133151492637531,-0.05379496849983796,93.18181818181817,64.93506493506493,TERMINAL SCORER,TERMINAL SCORER,0.7190097772008323
D. McDermott,2022-23,SAS,F,64.0,20.5,0.186,0.0133066667362213,-0.003625500133249705,54.38311688311688,64.82683982683982,TERMINAL SCORER,,0.9871508801995181
D. Gafford,2024-25,DAL,F-C,57.0,21.5,0.186,0.0131579515480267,-0.0012277162102421676,54.38311688311688,64.17748917748918,TERMINAL SCORER,,1.2755270812969108
D. Hunter,2022-23,ATL,F-G,67.0,31.7,0.193,0.0131568914564661,-0.014980750588865532,58.549783549783555,64.06926406926407,TERMINAL SCORER,,0.6572737663694291
K. Leonard,2023-24,LAC,F,68.0,34.3,0.261,0.0130483865384777,-0.04291198108233199,86.41774891774891,63.63636363636363,TERMINAL SCORER,TERMINAL SCORER,0.5975398480627494
D. Banton,2023-24,POR,F,54.0,19.4,0.25,0.0129579389535918,-0.0025312668291981536,82.84632034632034,63.41991341991342,TERMINAL SCORER,TERMINAL SCORER,1.0342352046656442
J. Morant,2024-25,MEM,G,50.0,30.4,0.312,0.0128998554382713,-0.017871646395911673,97.67316017316018,63.095238095238095,TERMINAL SCORER,TERMINAL SCORER,1.0994721252225967
K. Johnson,2023-24,SAS,F-G,69.0,29.5,0.212,0.0128883301443525,-0.017355458242730708,68.77705627705627,62.98701298701299,TERMINAL SCORER,,0.40363193417519155
M. Brogdon,2023-24,POR,G,39.0,28.7,0.226,0.0128802761219376,-0.004245044275018104,73.91774891774891,62.77056277056276,TERMINAL SCORER,,0.837673307105631
P. George,2024-25,PHI,F,41.0,32.5,0.233,0.0128213508612693,-0.006860165308520063,76.67748917748918,62.66233766233766,TERMINAL SCORER,TERMINAL SCORER,0.5136242922943586
M. Turner,2023-24,IND,C-F,77.0,27.0,0.234,0.012771923292564,-0.020068351468885796,77.21861471861472,62.55411255411255,TERMINAL SCORER,TERMINAL SCORER,0.8514927696608325
G. Trent Jr.,2022-23,TOR,G-F,66.0,32.1,0.209,0.0126643254444449,-0.022123550023059976,67.15367965367966,62.22943722943724,TERMINAL SCORER,,0.2135414942380127
C. Payne,2022-23,PHX,G,48.0,20.2,0.239,0.0125992148611068,-0.002610554751136241,79.70779220779221,61.904761904761905,TERMINAL SCORER,TERMINAL SCORER,0.7295862880626266
A. Simons,2022-23,POR,G,62.0,35.0,0.247,0.0125772880657508,-0.028937887730665836,81.87229437229438,61.79653679653679,TERMINAL SCORER,TERMINAL SCORER,0.6776089967014391
R. Barrett,2022-23,NYK,F-G,73.0,33.9,0.256,0.0125614313158853,-0.04869200583882031,84.95670995670996,61.68831168831169,TERMINAL SCORER,TERMINAL SCORER,0.7708606497832785
K. Irving,2024-25,DAL,G,50.0,36.1,0.264,0.0125084511351567,-0.02439602218231312,87.22943722943724,61.58008658008658,TERMINAL SCORER,TERMINAL SCORER,0.5118427587308969
S. Sharpe,2023-24,POR,G,32.0,33.1,0.22,0.0124415008072035,-0.003194589165409132,71.04978354978356,61.36363636363637,TERMINAL SCORER,,0.37286696714148315
S. Sharpe,2024-25,POR,G,72.0,31.3,0.25,0.0123949918643879,-0.03530470740781217,82.84632034632034,61.25541125541125,TERMINAL SCORER,TERMINAL SCORER,0.37286696714148315
B. Beal,2022-23,WAS,G,50.0,33.5,0.288,0.0122072406000588,-0.023764594003877627,94.1017316017316,61.14718614718615,TERMINAL SCORER,TERMINAL SCORER,0.5145141329852738
M. Monk,2024-25,SAC,G,65.0,31.6,0.236,0.0121214432648893,-0.027213553308317165,78.1926406926407,61.038961038961034,TERMINAL SCORER,TERMINAL SCORER,0.6291364043354154
D. Mitchell,2023-24,CLE,G,55.0,35.3,0.301,0.0120297329721795,-0.03778109621913564,96.32034632034632,60.930735930735935,TERMINAL SCORER,TERMINAL SCORER,1.0637948662761685
J. Clarkson,2023-24,UTA,G,55.0,30.6,0.255,0.0119125323450073,-0.017537545611856935,84.46969696969697,60.60606060606061,TERMINAL SCORER,TERMINAL SCORER,0.5419272680131105
S. Barnes,2023-24,TOR,F-G,60.0,34.9,0.24,0.0118032854061268,-0.023437745717408608,80.14069264069265,60.497835497835496,TERMINAL SCORER,TERMINAL SCORER,0.5481493175693072
C. Wood,2022-23,DAL,F,67.0,25.9,0.259,0.0117893146263629,-0.020365973681678202,85.76839826839827,60.3896103896104,TERMINAL SCORER,TERMINAL SCORER,1.0466251787761418
D. Brooks,2022-23,MEM,G-F,73.0,30.3,0.214,0.0117544241610935,-0.024432565879348847,69.48051948051948,60.28138528138528,TERMINAL SCORER,,0.20543820525005013
O. Anunoby,2024-25,NYK,F-G,74.0,36.6,0.195,0.0117524367823032,-0.032090855250211506,59.68614718614719,60.17316017316018,TERMINAL SCORER,,0.5522066516434718
J. Butler III,2022-23,MIA,F,64.0,33.4,0.248,0.0117420031875862,-0.03250476521250963,82.3051948051948,60.064935064935064,TERMINAL SCORER,TERMINAL SCORER,0.4128741402480795
D. Russell,2023-24,LAL,G,76.0,32.7,0.222,0.0117326779554159,-0.0296276754776422,71.9155844155844,59.95670995670995,TERMINAL SCORER,,1.0222667228410316
C. LeVert,2022-23,CLE,G,74.0,30.2,0.183,0.0116952611164931,-0.016304094146629797,51.67748917748918,59.84848484848485,TERMINAL SCORER,,0.5772200812256689
J. Ivey,2022-23,DET,G,74.0,31.1,0.251,0.011547389386994,-0.034874220763941546,83.38744588744589,59.523809523809526,TERMINAL SCORER,TERMINAL SCORER,0.5407001716710285
C. Cunningham,2023-24,DET,G,62.0,33.5,0.298,0.0115427190095198,-0.040341750249445474,95.83333333333334,59.41558441558441,TERMINAL SCORER,TERMINAL SCORER,0.9241967519540555
K. Thompson,2023-24,GSW,G,77.0,29.7,0.234,0.0114975408474787,-0.034348426066990685,77.21861471861472,59.307359307359306,TERMINAL SCORER,TERMINAL SCORER,0.3687656015948388
C. Whitmore,2023-24,HOU,F,47.0,18.7,0.255,0.011474896486832,-0.0039861616890496075,84.46969696969697,59.19913419913419,TERMINAL SCORER,TERMINAL SCORER,0.4166169259738241
O. Anunoby,2022-23,TOR,F,67.0,35.6,0.192,0.0113087530862654,-0.022213445691067743,57.95454545454546,59.09090909090909,TERMINAL SCORER,,0.5522066516434718
J. Smith,2023-24,IND,F-C,61.0,17.2,0.187,0.0112913594453994,-0.00184704723536183,55.35714285714286,58.98268398268398,TERMINAL SCORER,,0.4491926231387758
C. Anthony,2023-24,ORL,G,81.0,22.4,0.232,0.011161803952837,-0.01733803731626763,76.24458874458875,58.658008658008654,TERMINAL SCORER,TERMINAL SCORER,0.5670568092541495
M. Brogdon,2022-23,BOS,G,67.0,26.0,0.223,0.0111371039908836,-0.014761851538100359,72.34848484848484,58.549783549783555,TERMINAL SCORER,,0.837673307105631
K. Durant,2024-25,PHX,F,62.0,36.5,0.283,0.0111145242757635,-0.043906747891401615,92.74891774891775,58.333333333333336,TERMINAL SCORER,TERMINAL SCORER,0.9169747317418292
D. Reath,2023-24,POR,C,68.0,17.9,0.202,0.0111060906815873,-0.005089565371654371,64.06926406926407,58.22510822510822,TERMINAL SCORER,,1.1591494619902198
T. Harris,2023-24,PHI,F,70.0,33.8,0.203,0.0110606879469019,-0.02464957940387884,64.66450216450217,58.11688311688312,TERMINAL SCORER,,0.49187637120719824
F. Wagner,2023-24,ORL,F,72.0,32.5,0.25,0.011051484996885,-0.04388375504452607,82.84632034632034,58.00865800865801,TERMINAL SCORER,TERMINAL SCORER,0.851372438054426
C. Payne,2024-25,NYK,G,72.0,15.1,0.2,0.0109410579710539,-0.004174415194381144,62.5,57.7922077922078,TERMINAL SCORER,,0.7295862880626266
K. Durant,2022-23,PHX,F,47.0,35.6,0.305,0.0109183892545642,-0.00032979575232931074,96.75324675324676,57.57575757575758,TERMINAL SCORER,TERMINAL SCORER,0.9169747317418292
K. Oubre Jr.,2023-24,PHI,F-G,68.0,30.2,0.22,0.0108706995796248,-0.02238093752071361,71.04978354978356,57.35930735930735,TERMINAL SCORER,,0.5467390084907661
T. Maxey,2022-23,PHI,G,60.0,33.6,0.236,0.0107804976979823,-0.02843740705894317,78.1926406926407,56.81818181818182,TERMINAL SCORER,TERMINAL SCORER,0.4311284325348297
J. Grant,2023-24,POR,F,54.0,33.9,0.255,0.0107157370108771,-0.026194886516797126,84.46969696969697,56.709956709956714,TERMINAL SCORER,TERMINAL SCORER,0.7111947758945044
D. Murray,2022-23,ATL,G,74.0,36.4,0.239,0.010706957909716,-0.04407505843579325,79.70779220779221,56.6017316017316,TERMINAL SCORER,TERMINAL SCORER,0.8202130332406405
A. Reaves,2023-24,LAL,G,82.0,32.1,0.198,0.01070263509836,-0.02820011012217181,61.58008658008658,56.493506493506494,TERMINAL SCORER,,0.7262241903732407
E. Mobley,2024-25,CLE,C,71.0,30.5,0.226,0.01064955345961,-0.024630856331938844,73.91774891774891,56.27705627705628,TERMINAL SCORER,,0.24585601062777857
J. Giddey,2024-25,CHI,G,70.0,30.2,0.214,0.0105904534595144,-0.020361478815316095,69.48051948051948,56.16883116883117,TERMINAL SCORER,,1.048590802099995
B. Miller,2023-24,CHA,F,74.0,32.2,0.235,0.0105882399913156,-0.03902650142741634,77.81385281385282,56.060606060606055,TERMINAL SCORER,TERMINAL SCORER,0.3639622414800644
I. Quickley,2022-23,NYK,G,81.0,28.9,0.203,0.0104681771137414,-0.024425287443033315,64.66450216450217,55.73593073593074,TERMINAL SCORER,,0.505534054732626
P. George,2022-23,LAC,F,56.0,34.6,0.294,0.0104291879617767,-0.03194500011017615,95.23809523809523,55.62770562770562,TERMINAL SCORER,TERMINAL SCORER,0.5136242922943586
J. Alvarado,2022-23,NOP,G,61.0,21.5,0.191,0.0104092275307908,-0.006528622162141343,57.1969696969697,55.519480519480524,TERMINAL SCORER,,0.7578186368171598
K. Filipowski,2024-25,UTA,C,72.0,21.1,0.184,0.0102485090887883,-0.008087112289999027,52.435064935064936,55.1948051948052,TERMINAL SCORER,,0.42786588672404857
T. Murphy III,2023-24,NOP,F,57.0,29.7,0.182,0.0102352848173269,-0.011108739925516397,50.91991341991342,55.086580086580085,TERMINAL SCORER,,1.0948034051080484
L. Dončić,2024-25,LAL,F-G,50.0,35.4,0.328,0.0102275050125294,-0.00714093126583292,98.80952380952381,54.97835497835498,TERMINAL SCORER,TERMINAL SCORER,0.7093615865588554
A. Black,2024-25,ORL,G,78.0,24.2,0.19,0.0101181262696474,-0.014034980068946712,56.709956709956714,54.87012987012987,TERMINAL SCORER,,0.8894213708341523
G. Hayward,2022-23,CHA,F,50.0,31.5,0.196,0.0101156150509629,-0.009802000696890528,60.443722943722946,54.761904761904766,TERMINAL SCORER,,0.7910811610162296
M. Bridges,2022-23,BKN,G-F,83.0,35.7,0.223,0.010105564729579,-0.009112983346872808,72.34848484848484,54.65367965367965,TERMINAL SCORER,,1.281958532165081
K. Johnson,2022-23,SAS,F-G,63.0,32.8,0.273,0.0099543294316193,-0.03650819772750725,90.80086580086581,54.004329004329,TERMINAL SCORER,TERMINAL SCORER,0.40363193417519155
T. Hardaway Jr.,2022-23,DAL,G-F,71.0,30.3,0.201,0.0099517448434983,-0.021733129328713435,63.25757575757576,53.896103896103895,TERMINAL SCORER,,0.5529650932238901
L. Ball,2022-23,CHA,G,36.0,35.2,0.289,0.0097288277916492,-0.012717897369291197,94.53463203463204,53.35497835497836,TERMINAL SCORER,TERMINAL SCORER,0.4937986790190177
F. Wagner,2022-23,ORL,F,80.0,32.6,0.23,0.0097212229256088,-0.04724194348494049,75.37878787878788,53.246753246753244,TERMINAL SCORER,TERMINAL SCORER,0.851372438054426
J. Suggs,2023-24,ORL,G,75.0,27.0,0.191,0.0096820843263776,-0.016475078931117236,57.1969696969697,53.13852813852814,TERMINAL SCORER,,0.568617912769335
C. McCollum,2023-24,NOP,G,66.0,32.7,0.244,0.009649611931412,-0.0319511950794281,81.06060606060606,53.03030303030303,TERMINAL SCORER,TERMINAL SCORER,0.5405924147666081
J. Randle,2024-25,MIN,F-C,69.0,32.3,0.246,0.009621172914461,-0.0291176583284587,81.43939393939394,52.70562770562771,TERMINAL SCORER,TERMINAL SCORER,0.9991205591110297
A. Drummond,2024-25,PHI,C,40.0,18.8,0.183,0.0095803548532908,-0.0019451525552545527,51.67748917748918,52.5974025974026,TERMINAL SCORER,,1.1182757722528849
J. Butler III,2023-24,MIA,F,60.0,34.0,0.235,0.0095674403369115,-0.027748015376230048,77.81385281385282,52.489177489177486,TERMINAL SCORER,TERMINAL SCORER,0.4128741402480795
W. Carter Jr.,2022-23,ORL,C-F,57.0,29.6,0.204,0.0094515507605593,-0.01038583880539548,65.15151515151516,52.056277056277054,TERMINAL SCORER,,0.3530108971406316
J. Tatum,2022-23,BOS,F-G,74.0,36.9,0.319,0.0094131661251301,-0.0903133053683506,98.26839826839827,51.94805194805194,TERMINAL SCORER,TERMINAL SCORER,0.905694528390643
M. Bagley III,2022-23,DET,F,42.0,23.6,0.202,0.0093886239161877,-0.004190745610348014,64.06926406926407,51.73160173160173,TERMINAL SCORER,,0.7670772237825823
H. Diallo,2022-23,DET,G,56.0,17.8,0.21,0.0092529548556964,-0.005028985303366951,67.8030303030303,51.298701298701296,TERMINAL SCORER,,
D. Knecht,2024-25,LAL,F,78.0,19.2,0.181,0.0091870108078495,-0.009034996602779921,50.21645021645021,51.19047619047619,TERMINAL SCORER,,0.2186623719273992
L. Shamet,2022-23,PHX,G,40.0,20.2,0.186,0.0091726820760322,-0.003581646557382214,54.38311688311688,51.082251082251084,TERMINAL SCORER,,1.308027459120657
D. Hunter,2023-24,ATL,F-G,57.0,29.5,0.204,0.0091682826354393,-0.014123924862210103,65.15151515151516,50.97402597402597,TERMINAL SCORER,,0.6572737663694291
M. Bridges,2023-24,CHA,F,69.0,37.4,0.242,0.0091037604668456,-0.05221165593374946,80.57359307359307,50.649350649350644,TERMINAL SCORER,TERMINAL SCORER,1.281958532165081
B. Bogdanović,2023-24,ATL,G,79.0,30.4,0.218,0.0090429638299154,-0.03245358745294094,70.23809523809523,50.541125541125545,TERMINAL SCORER,,0.6496409257979296
K. Towns,2024-25,NYK,C-F,72.0,35.0,0.265,0.0086510699142422,-0.04752876102000561,87.5,49.458874458874455,TERMINAL SCORER,TERMINAL SCORER,0.6886764864979913
J. Kuminga,2023-24,GSW,F,74.0,26.3,0.237,0.0085906292347414,-0.02524718997454916,78.57142857142857,49.134199134199136,TERMINAL SCORER,TERMINAL SCORER,0.6655783381755429
D. Bane,2022-23,MEM,G,58.0,31.7,0.252,0.0085545734139242,-0.027524128664154,83.71212121212122,49.02597402597403,TERMINAL SCORER,TERMINAL SCORER,0.38633574617384625
K. Irving,2023-24,DAL,G,58.0,35.0,0.274,0.0085289447390012,-0.04036602626028392,91.45021645021644,48.917748917748916,TERMINAL SCORER,TERMINAL SCORER,0.5118427587308969
D. Fox,2024-25,SAS,G,62.0,36.1,0.274,0.0084900589837112,-0.004088509371484814,91.45021645021644,48.80952380952381,TERMINAL SCORER,TERMINAL SCORER,0.6187755559425498
S. Dinwiddie,2022-23,BKN,G,79.0,34.5,0.22,0.0084126637667025,-0.005714474316354913,71.04978354978356,48.59307359307359,TERMINAL SCORER,,1.00788471838031
T. Rozier,2024-25,MIA,G,64.0,25.9,0.195,0.0084012608194473,-0.013139747699914684,59.68614718614719,48.484848484848484,TERMINAL SCORER,,0.6858441842951816
K. Towns,2023-24,MIN,C-F,62.0,32.7,0.268,0.0082996797516048,-0.0365591252887411,88.58225108225109,48.268398268398265,TERMINAL SCORER,TERMINAL SCORER,0.6886764864979913
E. Mobley,2023-24,CLE,C,50.0,30.6,0.2,0.0082936972131612,-0.011605565534409803,62.5,48.05194805194805,TERMINAL SCORER,,0.24585601062777857
J. Randle,2023-24,NYK,F-C,46.0,35.4,0.287,0.0082922586567139,-0.02377392114577459,93.83116883116884,47.943722943722946,TERMINAL SCORER,TERMINAL SCORER,0.9991205591110297
C. LeVert,2024-25,ATL,G,64.0,24.9,0.191,0.008272750441657,-0.004173117807513999,57.1969696969697,47.72727272727273,TERMINAL SCORER,,0.5772200812256689
D. Robinson,2023-24,MIA,F,68.0,28.0,0.184,0.0082644025868797,-0.015782276023090194,52.435064935064936,47.61904761904761,TERMINAL SCORER,,1.3017807955067875
A. Burks,2022-23,DET,G,51.0,22.0,0.218,0.0082098763543679,-0.008479308030181433,70.23809523809523,47.51082251082251,TERMINAL SCORER,,0.5489361360496537
J. Green,2023-24,HOU,F,82.0,31.7,0.27,0.0081854227346869,-0.005974107647940442,89.44805194805194,47.34848484848485,TERMINAL SCORER,TERMINAL SCORER,1.356105897210686
T. Warren,2022-23,PHX,F,42.0,16.4,0.185,0.0081250303532237,-0.003090612147332047,53.30086580086581,46.75324675324675,TERMINAL SCORER,,
T. Watford,2024-25,BKN,G-F,44.0,20.7,0.226,0.0081148136229551,-0.006691624003555167,73.91774891774891,46.64502164502164,TERMINAL SCORER,,0.5694920502113667
J. Okogie,2024-25,CHA,G,40.0,15.6,0.185,0.0080198996330769,-0.003174755614837632,53.30086580086581,46.21212121212121,TERMINAL SCORER,,0.2753756594810923
L. Markkanen,2023-24,UTA,F-C,55.0,33.1,0.241,0.0079938019686744,-0.02466733744461213,80.35714285714286,46.103896103896105,TERMINAL SCORER,TERMINAL SCORER,0.9805084497468616
L. Dort,2022-23,OKC,G,74.0,30.7,0.194,0.0079788582986886,-0.02150715059021372,58.98268398268398,45.995670995671,TERMINAL SCORER,,0.2817399402587733
G. Dick,2024-25,TOR,G-F,54.0,29.4,0.209,0.0079757041276468,-0.014556878103159393,67.15367965367966,45.887445887445885,TERMINAL SCORER,,0.6984586186874236
N. Reid,2023-24,MIN,C-F,81.0,24.2,0.223,0.0079503393914502,-0.025190218604672812,72.34848484848484,45.56277056277056,TERMINAL SCORER,,0.8585911270023678
K. Kuzma,2022-23,WAS,F,64.0,35.0,0.273,0.0077360108912724,-0.045372339954168006,90.80086580086581,45.12987012987013,TERMINAL SCORER,TERMINAL SCORER,1.6358048339831333
T. Jerome,2024-25,CLE,G-F,70.0,19.9,0.229,0.0077310339462054,-0.012393594738425492,74.78354978354979,45.02164502164502,TERMINAL SCORER,,0.6173120572461416
J. Grant,2024-25,POR,F,47.0,32.4,0.192,0.0077137322599704,-0.011833653769228212,57.95454545454546,44.8051948051948,TERMINAL SCORER,,0.7111947758945044
I. Quickley,2023-24,TOR,G,68.0,29.2,0.233,0.0077045069848913,-0.011751050385434024,76.67748917748918,44.696969696969695,TERMINAL SCORER,TERMINAL SCORER,0.505534054732626
J. Smith,2022-23,IND,F-C,68.0,18.8,0.201,0.0076404265383627,-0.0076865835719349615,63.25757575757576,44.48051948051948,TERMINAL SCORER,,0.4491926231387758
P. Pritchard,2024-25,BOS,G,80.0,28.4,0.186,0.0076272555853771,-0.018490292068115796,54.38311688311688,44.26406926406926,TERMINAL SCORER,,0.45073573998163263
A. Gordon,2024-25,DEN,F,51.0,28.4,0.186,0.007544293328324,-0.008651758363167342,54.38311688311688,44.047619047619044,TERMINAL SCORER,,0.4404598413658717
J. Wiseman,2022-23,DET,C,45.0,19.3,0.212,0.0074485295440329,-0.004386667364485101,68.77705627705627,43.722943722943725,TERMINAL SCORER,,0.62131682327135
C. Boucher,2024-25,TOR,F,50.0,17.2,0.208,0.0074435529078842,-0.005847864822826413,66.61255411255411,43.506493506493506,TERMINAL SCORER,,0.47484243811526666
G. Trent Jr.,2023-24,TOR,G,71.0,28.1,0.195,0.0074188880238739,-0.02204508626845675,59.68614718614719,43.290043290043286,TERMINAL SCORER,,0.2135414942380127
J. Hawkins,2024-25,NOP,G,56.0,23.6,0.204,0.0072768661947195,-0.010739159419091295,65.15151515151516,42.74891774891775,TERMINAL SCORER,,0.6219480361846321
K. Johnson,2024-25,BKN,G,79.0,24.4,0.212,0.0072643006097595,-0.020575577140880628,68.77705627705627,42.532467532467535,TERMINAL SCORER,,0.40363193417519155
M. Branham,2023-24,SAS,F,75.0,21.3,0.192,0.0071680027139721,-0.013011135223758394,57.95454545454546,42.2077922077922,TERMINAL SCORER,,0.498935654566145
R. Council IV,2024-25,PHI,G,73.0,17.1,0.196,0.0071516348964764,-0.00982908228291917,60.443722943722946,42.099567099567096,TERMINAL SCORER,,0.9186598855340798
C. Duarte,2022-23,IND,G,46.0,19.5,0.181,0.0071355695471484,-0.005779970178556485,50.21645021645021,41.99134199134199,TERMINAL SCORER,,0.3764353415604091
M. Branham,2022-23,SAS,F,66.0,23.5,0.188,0.0071151355359774,-0.012318917706032564,56.11471861471862,41.883116883116884,TERMINAL SCORER,,0.498935654566145
D. Schröder,2024-25,DET,G,75.0,28.1,0.211,0.0070652463618616,-0.0051014693441733885,68.34415584415584,41.55844155844156,TERMINAL SCORER,,0.5935047944311359
J. Nurkić,2023-24,PHX,C,76.0,27.3,0.187,0.0070386885118218,-0.015436379679933223,55.35714285714286,41.34199134199134,TERMINAL SCORER,,0.7877415297233742
T. Herro,2023-24,MIA,G,42.0,33.5,0.268,0.0070025390096682,-0.019925469747570573,88.58225108225109,41.01731601731602,TERMINAL SCORER,TERMINAL SCORER,0.6527754875275162
C. Thomas,2022-23,BKN,G,57.0,16.6,0.268,0.0069187984760278,-0.010504680097166243,88.58225108225109,40.692640692640694,TERMINAL SCORER,TERMINAL SCORER,0.645418368436662
C. Holmgren,2024-25,OKC,C-F,32.0,27.4,0.214,0.0068878327804872,-0.006516355924707783,69.48051948051948,40.476190476190474,TERMINAL SCORER,,1.3752500814620463
K. Olynyk,2024-25,NOP,F-C,44.0,20.2,0.185,0.0067944807672976,-0.0044802619929853365,53.30086580086581,40.15151515151515,TERMINAL SCORER,,0.57322246789177
T. Herro,2022-23,MIA,G,67.0,34.9,0.25,0.0067794055190372,-0.041456514379988804,82.84632034632034,39.935064935064936,TERMINAL SCORER,TERMINAL SCORER,0.6527754875275162
D. Murray,2024-25,NOP,G,31.0,32.6,0.263,0.0067252249822093,-0.01016257465785869,86.95887445887446,39.5021645021645,TERMINAL SCORER,TERMINAL SCORER,0.8202130332406405
D. Garland,2023-24,CLE,G,57.0,33.3,0.249,0.0067195124863864,-0.025557820512844664,82.46753246753246,39.39393939393939,TERMINAL SCORER,TERMINAL SCORER,0.9366963400627222
J. Williams,2023-24,OKC,G-F,71.0,31.3,0.232,0.006606263148607,-0.03110493856679068,76.24458874458875,38.85281385281385,TERMINAL SCORER,TERMINAL SCORER,1.5734206245879176
Z. Collins,2023-24,SAS,F-C,69.0,22.1,0.224,0.0065956195148044,-0.01442558949814201,72.94372294372295,38.63636363636363,TERMINAL SCORER,,1.4124269429730902
M. Bridges,2024-25,CHA,F,64.0,31.7,0.273,0.0065570893083888,-0.04186958974867651,90.80086580086581,38.41991341991342,TERMINAL SCORER,TERMINAL SCORER,1.281958532165081
D. Robinson,2024-25,MIA,F,74.0,24.1,0.187,0.0065436763022413,-0.014773411657407028,55.35714285714286,38.20346320346321,TERMINAL SCORER,,1.3017807955067875
B. Beal,2023-24,PHX,G,53.0,33.3,0.224,0.0065404249893258,-0.019984293374273578,72.94372294372295,38.095238095238095,TERMINAL SCORER,,0.5145141329852738
E. Omoruyi,2022-23,DET,F,40.0,16.1,0.192,0.006524825637095,-0.004717960521152252,57.95454545454546,37.98701298701299,TERMINAL SCORER,,0.612253790523245
J. Wall,2022-23,LAC,Guard,34.0,22.2,0.259,0.0065190367850496,-0.007822598061065777,85.76839826839827,37.878787878787875,TERMINAL SCORER,TERMINAL SCORER,
J. Jackson Jr.,2022-23,MEM,F-C,63.0,28.4,0.243,0.0064933547865233,-0.024809300334155317,80.73593073593074,37.77056277056277,TERMINAL SCORER,TERMINAL SCORER,0.823062228226462
J. Williams,2024-25,OKC,G-F,69.0,32.4,0.27,0.006428710423055,-0.005115687432788965,89.44805194805194,37.5,TERMINAL SCORER,TERMINAL SCORER,1.5734206245879176
J. Jaquez Jr.,2024-25,MIA,G,66.0,20.7,0.194,0.0063244690438403,-0.011499449872395815,58.98268398268398,37.01298701298701,TERMINAL SCORER,,0.3982415377086367
K. George,2023-24,UTA,G,75.0,27.0,0.224,0.0061567264856352,-0.024399893509884453,72.94372294372295,36.14718614718615,TERMINAL SCORER,,1.0469084678413425
D. Avdija,2024-25,POR,F,72.0,30.0,0.228,0.0061564208396549,-0.03139138146653961,74.40476190476191,36.038961038961034,TERMINAL SCORER,,1.3386835277359643
C. Holmgren,2023-24,OKC,C-F,82.0,29.4,0.21,0.0060235654390348,-0.030606102016378412,67.8030303030303,35.714285714285715,TERMINAL SCORER,,1.3752500814620463
I. Quickley,2024-25,TOR,G,33.0,27.8,0.246,0.0060093486429042,-0.0093041892715486,81.43939393939394,35.4978354978355,TERMINAL SCORER,TERMINAL SCORER,0.505534054732626
J. Clarkson,2022-23,UTA,G,61.0,32.6,0.273,0.0059370843711271,-0.0332976891264246,90.80086580086581,35.28138528138528,TERMINAL SCORER,TERMINAL SCORER,0.5419272680131105
K. Johnson,2024-25,SAS,F-G,77.0,23.9,0.207,0.0059320531526927,-0.019160623717990613,66.17965367965368,35.17316017316017,TERMINAL SCORER,,0.40363193417519155
J. Ivey,2024-25,DET,G,30.0,29.9,0.256,0.0059043414234667,-0.009711251431974986,84.95670995670996,35.064935064935064,TERMINAL SCORER,TERMINAL SCORER,0.5407001716710285
K. Oubre Jr.,2024-25,PHI,F-G,60.0,34.6,0.186,0.0058810964012888,-0.020378519064295504,54.38311688311688,34.74025974025974,TERMINAL SCORER,,0.5467390084907661
K. Huerter,2022-23,SAC,G-F,75.0,29.4,0.197,0.0058300509692583,-0.024350866518194007,61.038961038961034,34.41558441558442,TERMINAL SCORER,,0.44307239780167473
D. Banton,2024-25,POR,F,67.0,16.7,0.237,0.0058081388046917,-0.011344701835339699,78.57142857142857,34.090909090909086,TERMINAL SCORER,TERMINAL SCORER,1.0342352046656442
J. Nwora,2022-23,IND,F,62.0,19.2,0.187,0.0057602345623885,-0.00629379204784343,55.35714285714286,33.874458874458874,TERMINAL SCORER,,0.5851126034931392
N. Powell,2023-24,LAC,G,76.0,26.2,0.193,0.0057312392468316,-0.023313589588098874,58.549783549783555,33.549783549783555,TERMINAL SCORER,,0.797116093021199
B. Boston,2024-25,NOP,G,42.0,23.6,0.199,0.0055814793209643,-0.008432030108539108,62.01298701298701,32.683982683982684,TERMINAL SCORER,,0.2130411561990977
J. Alvarado,2024-25,NOP,G,56.0,24.4,0.193,0.0055175195134966,-0.011287695429526194,58.549783549783555,32.57575757575758,TERMINAL SCORER,,0.7578186368171598
K. Leonard,2024-25,LAC,F,37.0,31.9,0.28,0.0055012816474723,-0.01593853375633232,92.09956709956711,32.35930735930736,TERMINAL SCORER,TERMINAL SCORER,0.5975398480627494
O. Toppin,2022-23,NYK,F,67.0,15.7,0.187,0.005481018506658,-0.0089018399161932,55.35714285714286,32.25108225108225,TERMINAL SCORER,,0.757317505691322
M. Beasley,2022-23,LAL,G,81.0,25.8,0.207,0.0053321451404924,-0.006715898650124668,66.17965367965368,31.818181818181817,TERMINAL SCORER,,0.6880762725914273
R. Westbrook,2023-24,LAC,G,68.0,22.5,0.239,0.0052501544078283,-0.017872219139534882,79.70779220779221,31.493506493506494,TERMINAL SCORER,TERMINAL SCORER,0.8178991319469495
C. LeVert,2023-24,CLE,G,68.0,28.8,0.224,0.005218743492642,-0.026520127711003795,72.94372294372295,31.38528138528138,TERMINAL SCORER,,0.5772200812256689
T. Murphy III,2024-25,NOP,F,53.0,35.0,0.229,0.005155203017124,-0.02916354851505913,74.78354978354979,31.16883116883117,TERMINAL SCORER,,1.0948034051080484
A. Wiggins,2024-25,MIA,F,60.0,30.7,0.238,0.0051400522591837,-0.007006060704108048,79.11255411255411,30.844155844155846,TERMINAL SCORER,TERMINAL SCORER,0.3179293823971313
S. Sharpe,2022-23,POR,G,80.0,22.2,0.186,0.0050567625610061,-0.015278186305764668,54.38311688311688,30.303030303030305,TERMINAL SCORER,,0.37286696714148315
J. Nurkić,2024-25,CHA,C,51.0,20.8,0.202,0.0050411118996767,-0.006557067202481391,64.06926406926407,30.1948051948052,TERMINAL SCORER,,0.7877415297233742
K. Love,2023-24,MIA,F-C,55.0,16.8,0.21,0.0050314936736557,-0.008319660969945544,67.8030303030303,29.87012987012987,TERMINAL SCORER,,0.6238322658503522
P. Washington,2023-24,DAL,F,73.0,30.4,0.185,0.0049958077979773,-0.0075772144776038025,53.30086580086581,29.761904761904763,TERMINAL SCORER,,0.19973151520554122
B. Sensabaugh,2023-24,UTA,F,32.0,18.3,0.201,0.0049910884783587,-0.006689173719683792,63.25757575757576,29.653679653679653,TERMINAL SCORER,,0.518908623332891
S. Henderson,2024-25,POR,G,66.0,26.7,0.22,0.0049698010797716,-0.020659503649093816,71.04978354978356,29.43722943722944,TERMINAL SCORER,,1.0945900367214474
J. Giddey,2023-24,OKC,G,80.0,25.1,0.223,0.0049045854273025,-0.02670524428796249,72.34848484848484,28.8961038961039,TERMINAL SCORER,,1.048590802099995
D. Hunter,2024-25,CLE,F-G,64.0,27.2,0.221,0.0048926297061133,-0.007357859169278068,71.5909090909091,28.57142857142857,TERMINAL SCORER,,0.6572737663694291
D. Russell,2024-25,BKN,G,58.0,25.5,0.228,0.0048900647202247,-0.008459458922121535,74.40476190476191,28.354978354978357,TERMINAL SCORER,,1.0222667228410316
A. Reeves,2024-25,NOP,G,44.0,15.0,0.183,0.0048215803267421,-0.007157935960048093,51.67748917748918,28.030303030303028,TERMINAL SCORER,,
N. Marshall,2024-25,DAL,F,69.0,27.8,0.197,0.004785294874896,-0.02061965008058899,61.038961038961034,27.5974025974026,TERMINAL SCORER,,0.6289896532817717
T. Rozier,2023-24,MIA,G,61.0,33.4,0.253,0.0047626021320829,-0.010547882762769837,83.98268398268398,27.164502164502164,TERMINAL SCORER,TERMINAL SCORER,0.6858441842951816
C. Johnson,2022-23,BKN,F,42.0,28.6,0.202,0.0047155941971662,-0.008367429609323254,64.06926406926407,26.731601731601735,TERMINAL SCORER,,1.0331013597847505
K. Porziņģis,2024-25,BOS,F-C,42.0,28.8,0.253,0.0046999618739865,-0.01521598516535777,83.98268398268398,26.406926406926406,TERMINAL SCORER,TERMINAL SCORER,0.7649488042206118
Q. Grimes,2024-25,PHI,G,75.0,26.8,0.218,0.0046984870941585,-0.011086789278164684,70.23809523809523,26.2987012987013,TERMINAL SCORER,,0.23797608822773242
C. Whitmore,2024-25,HOU,F,51.0,16.2,0.231,0.0046879202469675,-0.009272487829596176,75.86580086580086,26.190476190476193,TERMINAL SCORER,TERMINAL SCORER,0.4166169259738241
R. Hachimura,2022-23,LAL,F,63.0,23.3,0.194,0.0046825837413888,-0.007266550008311133,58.98268398268398,26.082251082251084,TERMINAL SCORER,,0.47426230490163
A. Wiggins,2022-23,GSW,F,37.0,32.2,0.212,0.0046658153855569,-0.01210512849642512,68.77705627705627,25.757575757575758,TERMINAL SCORER,,0.3179293823971313
Q. Post,2024-25,GSW,C,42.0,16.3,0.197,0.0046618621380457,-0.0074487525969516724,61.038961038961034,25.649350649350648,TERMINAL SCORER,,0.019992181571957323
A. Wiggins,2024-25,OKC,G,76.0,22.9,0.2,0.0046171420681614,-0.019036592887393754,62.5,25.324675324675322,TERMINAL SCORER,,0.3179293823971313
J. Goodwin,2023-24,MEM,G,57.0,18.5,0.182,0.0045843478540131,-0.00673440109495566,50.91991341991342,25.0,TERMINAL SCORER,,0.560431854767926
J. Ivey,2023-24,DET,G,77.0,28.8,0.244,0.0045595756013092,-0.038867806104177276,81.06060606060606,24.675324675324674,TERMINAL SCORER,TERMINAL SCORER,0.5407001716710285
J. Hawkins,2023-24,NOP,G,67.0,17.3,0.188,0.0045317403118405,-0.010867879607511333,56.11471861471862,24.458874458874458,TERMINAL SCORER,,0.6219480361846321
R. Jackson,2022-23,DEN,G,68.0,24.4,0.205,0.0045212664368474,-0.006680076580709064,65.5844155844156,24.242424242424242,TERMINAL SCORER,,1.2820015167963432
J. Valančiūnas,2024-25,SAC,C,81.0,18.8,0.222,0.0045137765516429,-0.0068808812291585916,71.9155844155844,24.134199134199132,TERMINAL SCORER,,0.7687920238163478
B. Bogdanović,2022-23,ATL,G,54.0,27.9,0.196,0.0045077015343691,-0.014042598955035276,60.443722943722946,24.025974025974026,TERMINAL SCORER,,0.6496409257979296
M. Buzelis,2024-25,CHI,F,80.0,18.9,0.181,0.0044992101138483,-0.01350502371451745,50.21645021645021,23.809523809523807,TERMINAL SCORER,,0.3012507257956042
T. Bryant,2022-23,DEN,C-F,59.0,18.3,0.181,0.0044697122839444,-0.0067167407738139475,50.21645021645021,23.593073593073594,TERMINAL SCORER,,0.8111959272787281
J. Green,2024-25,HOU,F,82.0,32.9,0.267,0.0044689412574466,-0.006710481831577508,88.14935064935064,23.484848484848484,TERMINAL SCORER,TERMINAL SCORER,1.356105897210686
J. Johnson,2023-24,ATL,F,56.0,33.7,0.184,0.0044534834781057,-0.01849990733307904,52.435064935064936,23.376623376623375,TERMINAL SCORER,,0.5703408065393223
V. Oladipo,2022-23,MIA,G,42.0,26.3,0.204,0.004448991588024,-0.010877455950946822,65.15151515151516,23.26839826839827,TERMINAL SCORER,,
M. Monk,2023-24,SAC,G,72.0,26.0,0.247,0.0044032700913352,-0.030730823398787344,81.87229437229438,22.61904761904762,TERMINAL SCORER,TERMINAL SCORER,0.6291364043354154
K. Hayes,2022-23,DET,G,76.0,28.3,0.201,0.0043768246717585,-0.02561505890749507,63.25757575757576,22.51082251082251,TERMINAL SCORER,,0.5421918259934803
Z. Risacher,2024-25,ATL,F,75.0,24.6,0.203,0.0043571746789935,-0.021109897569400578,64.66450216450217,22.4025974025974,TERMINAL SCORER,,0.32948253552700996
D. White,2024-25,BOS,G,76.0,33.9,0.195,0.0043504944303971,-0.03274377241747145,59.68614718614719,22.294372294372295,TERMINAL SCORER,,0.5402254200867934
K. Porter Jr.,2024-25,MIL,G-F,75.0,19.8,0.248,0.0043500682108744,-0.007943346903021859,82.3051948051948,22.18614718614719,TERMINAL SCORER,TERMINAL SCORER,1.0292647751453674
B. Mathurin,2023-24,IND,G-F,59.0,26.1,0.226,0.0043400647844563,-0.019519259308268932,73.91774891774891,22.07792207792208,TERMINAL SCORER,,0.9550548940297201
M. Fultz,2023-24,ORL,G,43.0,21.2,0.182,0.0043274359391048,-0.00878861938602049,50.91991341991342,21.96969696969697,TERMINAL SCORER,,1.32356405807253
J. Kuminga,2024-25,GSW,F,47.0,24.3,0.271,0.0042858863729381,-0.015051119881061076,89.93506493506493,21.645021645021643,TERMINAL SCORER,TERMINAL SCORER,0.6655783381755429
J. Butler III,2024-25,GSW,F,55.0,31.7,0.203,0.0041656438952716,-0.010320346699512614,64.66450216450217,21.32034632034632,TERMINAL SCORER,,0.4128741402480795
J. Jaquez Jr.,2023-24,MIA,G,75.0,28.2,0.181,0.0041044108980862,-0.021758078559303888,50.21645021645021,20.88744588744589,TERMINAL SCORER,,0.3982415377086367
P. Achiuwa,2022-23,TOR,F,55.0,20.7,0.19,0.0039545426821486,-0.010479174755014023,56.709956709956714,19.480519480519483,TERMINAL SCORER,,0.58877549163844
A. Wiggins,2023-24,GSW,F,71.0,27.0,0.206,0.0039178689057817,-0.023044694067983713,65.85497835497836,19.264069264069263,TERMINAL SCORER,,0.3179293823971313
C. Kispert,2023-24,WAS,F,80.0,25.8,0.191,0.0039145204448984,-0.02406317108122512,57.1969696969697,19.155844155844157,TERMINAL SCORER,,0.9801131904070182
L. Ball,2024-25,CHA,G,47.0,32.0,0.342,0.0038906856634457,-0.03608713392995041,99.35064935064936,18.939393939393938,TERMINAL SCORER,TERMINAL SCORER,0.4937986790190177
K. Middleton,2023-24,MIL,F,55.0,27.0,0.23,0.0038701802174463,-0.017511529024328325,75.37878787878788,18.83116883116883,TERMINAL SCORER,TERMINAL SCORER,0.8787470727765332
B. Hield,2023-24,PHI,G,84.0,25.7,0.186,0.0037392136584686,-0.009141165595505478,54.38311688311688,18.181818181818183,TERMINAL SCORER,,0.803581284669886
P. Washington,2024-25,DAL,F,57.0,32.2,0.198,0.003714840697759,-0.021034983801314473,61.58008658008658,17.64069264069264,TERMINAL SCORER,,0.19973151520554122
S. Curry,2022-23,BKN,G,61.0,19.8,0.188,0.0036768624664019,-0.011838474272615359,56.11471861471862,17.424242424242426,TERMINAL SCORER,,0.9627203950897093
N. Reid,2024-25,MIN,C-F,80.0,27.5,0.21,0.0036549543815387,-0.03035841073870152,67.8030303030303,17.316017316017316,TERMINAL SCORER,,0.8585911270023678
J. Grant,2022-23,POR,F,63.0,35.6,0.227,0.0036311577901742,-0.03720448218044783,74.24242424242425,17.20779220779221,TERMINAL SCORER,,0.7111947758945044
J. Williams,2023-24,OKC,G-F,71.0,31.3,0.232,0.0036082582872988,-0.007941714151845657,76.24458874458875,17.0995670995671,TERMINAL SCORER,TERMINAL SCORER,1.5734206245879176
C. Sexton,2022-23,UTA,G,48.0,23.9,0.23,0.0033842792912072,-0.014665886441456359,75.37878787878788,15.800865800865802,TERMINAL SCORER,TERMINAL SCORER,0.8442513907303724
Z. LaVine,2024-25,SAC,G,74.0,35.2,0.251,0.0033828184014533,-0.013094409095293306,83.38744588744589,15.69264069264069,TERMINAL SCORER,TERMINAL SCORER,1.496280065288745
G. Jackson,2023-24,MEM,F,48.0,25.7,0.238,0.0033520624860846,-0.015808109559437636,79.11255411255411,15.476190476190476,TERMINAL SCORER,TERMINAL SCORER,0.538542993590821
J. Bouknight,2022-23,CHA,G,34.0,15.2,0.192,0.0033365002031787,-0.008163311855753782,57.95454545454546,15.367965367965366,TERMINAL SCORER,,
J. Hardy,2024-25,DAL,G,57.0,15.9,0.244,0.00323751679125,-0.011340052844727295,81.06060606060606,14.502164502164502,TERMINAL SCORER,TERMINAL SCORER,0.562503551732731
R. Hachimura,2023-24,LAL,F,68.0,26.8,0.182,0.0031973945075659,-0.018597254522878186,50.91991341991342,14.285714285714285,TERMINAL SCORER,,0.47426230490163
D. White,2023-24,BOS,G,73.0,32.6,0.183,0.0031465637162603,-0.027694147843754575,51.67748917748918,14.177489177489178,TERMINAL SCORER,,0.5402254200867934
K. Kuzma,2024-25,MIL,F,65.0,29.8,0.233,0.0030905902399376,-0.01198486056419852,76.67748917748918,14.06926406926407,TERMINAL SCORER,TERMINAL SCORER,1.6358048339831333
J. Suggs,2024-25,ORL,G,35.0,28.6,0.268,0.0030885022735568,-0.013636029220200586,88.58225108225109,13.852813852813853,TERMINAL SCORER,TERMINAL SCORER,0.568617912769335
J. LaRavia,2023-24,MEM,F,35.0,23.0,0.201,0.0030172825005008,-0.009946521479249197,63.25757575757576,13.41991341991342,TERMINAL SCORER,,0.7106823971984711
A. Davis,2024-25,DAL,F-C,51.0,33.4,0.301,0.0030164347922851,-0.008282894345251342,96.32034632034632,13.311688311688311,TERMINAL SCORER,TERMINAL SCORER,1.27204179631068
S. Mykhailiuk,2024-25,UTA,G-F,38.0,20.0,0.198,0.0029970599110747,-0.00944261535634297,61.58008658008658,13.203463203463203,TERMINAL SCORER,,0.2290953945259033
Z. Williams,2023-24,MEM,F,51.0,20.3,0.192,0.0029897970743222,-0.010526333696232733,57.95454545454546,12.987012987012985,TERMINAL SCORER,,0.9967600280370151
T. Eason,2022-23,HOU,F,82.0,21.6,0.184,0.0029789140895493,-0.015445687379256492,52.435064935064936,12.878787878787879,TERMINAL SCORER,,0.7557831448603264
S. Pippen Jr.,2024-25,MEM,G,79.0,21.3,0.188,0.0029606044915431,-0.018888192017783068,56.11471861471862,12.662337662337661,TERMINAL SCORER,,0.07651213635154158
P. Washington,2022-23,CHA,F,73.0,32.6,0.2,0.0029121961507091,-0.03362425070766192,62.5,12.554112554112553,TERMINAL SCORER,,0.19973151520554122
D. Schröder,2022-23,LAL,G,66.0,30.1,0.183,0.0028994165655471,-0.020884336426241407,51.67748917748918,12.337662337662337,TERMINAL SCORER,,0.5935047944311359
D. DiVincenzo,2024-25,MIN,G,62.0,25.9,0.188,0.0028914235556694,-0.016457675345303645,56.11471861471862,12.229437229437229,TERMINAL SCORER,,0.6996112434300803
L. James,2022-23,LAL,F,55.0,35.5,0.322,0.0027857685104175,-0.051422628462768315,98.48484848484848,12.121212121212121,TERMINAL SCORER,TERMINAL SCORER,0.7190097772008323
L. Walker IV,2022-23,LAL,G-F,56.0,23.2,0.198,0.0027617615595753,-0.014903116463434188,61.58008658008658,12.012987012987013,TERMINAL SCORER,,0.6208985941893131
W. Barton,2022-23,TOR,G,56.0,17.7,0.182,0.0027524695669647,-0.008426753265339414,50.91991341991342,11.796536796536797,TERMINAL SCORER,,
J. Collins,2023-24,UTA,F-C,68.0,28.0,0.199,0.0027015159426728,-0.021784244445699256,62.01298701298701,11.580086580086581,TERMINAL SCORER,,0.7830381048894082
J. Clarkson,2024-25,UTA,G,37.0,26.0,0.269,0.0026988888310355,-0.014008183876498069,88.96103896103897,11.471861471861471,TERMINAL SCORER,TERMINAL SCORER,0.5419272680131105
K. Oubre Jr.,2022-23,CHA,F-G,48.0,32.2,0.257,0.0026642607519252,-0.027723527343677043,85.33549783549783,11.363636363636363,TERMINAL SCORER,TERMINAL SCORER,0.5467390084907661
J. Kuminga,2022-23,GSW,F,67.0,20.8,0.195,0.0026247216096892,-0.014435674089373294,59.68614718614719,11.147186147186147,TERMINAL SCORER,,0.6655783381755429
M. Monk,2022-23,SAC,G,77.0,22.3,0.247,0.0026065167837596,-0.028912311680742427,81.87229437229438,11.03896103896104,TERMINAL SCORER,TERMINAL SCORER,0.6291364043354154
J. Collins,2024-25,UTA,F-C,40.0,30.5,0.234,0.0025397704365035,-0.015826836137230342,77.21861471861472,10.606060606060606,TERMINAL SCORER,TERMINAL SCORER,0.7830381048894082
R. Barrett,2023-24,TOR,F-G,58.0,31.7,0.257,0.0025152052473442,-0.015490016128947518,85.33549783549783,10.173160173160174,TERMINAL SCORER,TERMINAL SCORER,0.7708606497832785
J. Sochan,2023-24,SAS,F,74.0,29.6,0.187,0.0024927888998367,-0.022232257340893017,55.35714285714286,9.956709956709958,TERMINAL SCORER,,1.2383513139338553
C. Johnson,2024-25,BKN,F,57.0,31.6,0.224,0.0024400152244123,-0.02559565792727453,72.94372294372295,9.740259740259742,TERMINAL SCORER,,1.0331013597847505
N. Clowney,2024-25,BKN,F-C,46.0,22.7,0.185,0.0024120592438039,-0.011362617970088777,53.30086580086581,9.523809523809524,TERMINAL SCORER,,0.6931854173704657
J. Johnson,2024-25,ATL,F,36.0,35.7,0.214,0.002355592034411,-0.014429273548794837,69.48051948051948,9.090909090909092,TERMINAL SCORER,,0.5703408065393223
N. Smith Jr.,2024-25,CHA,G,60.0,22.8,0.205,0.0022830892242863,-0.016436363541089103,65.5844155844156,8.766233766233766,TERMINAL SCORER,,0.5739009548050117
R. Westbrook,2022-23,LAC,G,73.0,29.1,0.266,0.0020780179875476,-0.010046863237428195,87.77056277056276,7.900432900432901,TERMINAL SCORER,TERMINAL SCORER,0.8178991319469495
M. Bagley III,2023-24,WAS,F,50.0,21.1,0.204,0.001963675259788,-0.009478627466794336,65.15151515151516,7.251082251082251,TERMINAL SCORER,,0.7670772237825823
B. Bogdanović,2024-25,LAC,G,54.0,25.0,0.183,0.0018949205246252,-0.01020228545075636,51.67748917748918,6.70995670995671,TERMINAL SCORER,,0.6496409257979296
E. Fournier,2023-24,DET,G-F,32.0,18.1,0.187,0.0018935891180553,-0.009706787398204313,55.35714285714286,6.6017316017316015,TERMINAL SCORER,,1.0392240834306354
C. Payne,2023-24,PHI,G,78.0,16.7,0.185,0.0018025375673762,-0.010405195219482369,53.30086580086581,6.1688311688311686,TERMINAL SCORER,,0.7295862880626266
S. Bey,2022-23,ATL,F,77.0,27.6,0.194,0.0017993170953491,-0.009733612264056472,58.98268398268398,6.0606060606060606,TERMINAL SCORER,,1.0054758605372196
B. Hyland,2022-23,LAC,G,56.0,19.4,0.271,0.0017735634158669,-0.00943398135305026,89.93506493506493,5.844155844155844,TERMINAL SCORER,TERMINAL SCORER,1.4263892542823513
L. Walker IV,2023-24,BKN,G-F,58.0,17.4,0.235,0.0016426072548613,-0.014626235523483723,77.81385281385282,4.870129870129871,TERMINAL SCORER,TERMINAL SCORER,0.6208985941893131
A. Burks,2023-24,NYK,G,66.0,18.4,0.234,0.0015436770992314,-0.009783298235518448,77.21861471861472,4.437229437229438,TERMINAL SCORER,TERMINAL SCORER,0.5489361360496537
D. Sharpe,2023-24,BKN,C,61.0,15.1,0.185,0.0014203425366297,-0.010056053198693762,53.30086580086581,3.571428571428571,TERMINAL SCORER,,0.7684194788320516
C. Johnson,2023-24,BKN,F,58.0,27.6,0.19,0.0014092972449616,-0.019252621219386885,56.709956709956714,3.354978354978355,TERMINAL SCORER,,1.0331013597847505
M. Sasser,2023-24,DET,G,71.0,19.0,0.195,0.001339902683079,-0.015740486659721144,59.68614718614719,3.0303030303030303,TERMINAL SCORER,,0.6233882310712907
M. Wagner,2024-25,ORL,F-C,30.0,18.8,0.254,0.0012765895061909,-0.01138682396703142,84.19913419913419,2.5974025974025974,TERMINAL SCORER,TERMINAL SCORER,1.1133155621877646
T. Mann,2023-24,CHA,G,41.0,24.1,0.183,0.0012337364197669,-0.011244064679148215,51.67748917748918,2.272727272727273,TERMINAL SCORER,,0.8201057181780406
J. Butler,2024-25,PHI,G,60.0,17.4,0.222,0.0011641003267943,-0.011088583377345035,71.9155844155844,1.948051948051948,TERMINAL SCORER,,0.7947185365771896
K. Simpson,2024-25,CHA,G,36.0,23.4,0.188,0.0011062345859353,-0.011161309877955753,56.11471861471862,1.7316017316017316,TERMINAL SCORER,,0.9366902253320528
D. Schröder,2023-24,BKN,G,80.0,31.1,0.202,0.0010746421472856,-0.013023710016491092,64.06926406926407,1.406926406926407,TERMINAL SCORER,,0.5935047944311359
D. Russell,2022-23,LAL,G,71.0,32.5,0.225,0.0010700164677884,-0.010649454622944206,73.48484848484848,1.2987012987012987,TERMINAL SCORER,,1.0222667228410316
K. Love,2022-23,MIA,F-C,62.0,20.0,0.185,0.0009703913083317,-0.01026176350691057,53.30086580086581,1.0822510822510822,TERMINAL SCORER,,0.6238322658503522
T. Horton-Tucker,2022-23,UTA,G,65.0,20.2,0.25,0.0009035956901424,-0.021254821092485263,82.84632034632034,0.6493506493506493,TERMINAL SCORER,TERMINAL SCORER,1.175940918243218
