player,player_id,mover_id,gap_seasons,position,position_detail,origin_team,origin_season,dest_team,dest_season,move,origin_role,dest_role,origin_top_play,dest_top_play,origin_init,dest_init,origin_usage,dest_usage,origin_influence,dest_influence,origin_influence_resid,dest_influence_resid,origin_archetype,dest_archetype,self_sim,decoy_sim,delta,portable,origin_tri,stability,travel_score,fit_score,decoy_sim_wtd,decoy_sim_max,blocker_mpg,n_blocker_pool,crowding_score,travel_hi,fit_hi,quadrant
J. Collins,1628381,1628381_ATL22_UTA23,0,F/C,F-C,ATL,2022-23,UTA,2023-24,ATL 2022-23 → UTA 2023-24,Spot-up / off-ball,Spot-up / off-ball,SPOT_UP,SPOT_UP,745,753,0.093,0.098,0.005,0.003,-0.018,-0.022,Peripheral / replaceable wiring,Peripheral / replaceable wiring,0.385,-0.751,1.136,YES,ATL,0.21341251247017,0.1333120221559853,0.751,-0.5852283697578196,-0.14823469422485486,33.1,10,0.5852283697578196,True,True,additive
O. Robinson,1631115,1631115_MIA23_TOR24,0,C,C,MIA,2023-24,TOR,2024-25,MIA 2023-24 → TOR 2024-25,Post hub,PnR ball-handler / hub,POST_UP,PNR,76,204,0.01,0.027,0.005,0.011,-0.006,-0.0,Peripheral / replaceable wiring,Peripheral / replaceable wiring,0.715,-0.243,0.958,YES,MIA,-0.7588994532970871,-0.09729294306813385,0.243,0.46076369193609834,0.7252466030140454,32.8,10,-0.46076369193609834,False,True,missed-need
J. Hayes,1629637,1629637_NOP22_LAL23,0,F/C,C-F,NOP,2022-23,LAL,2023-24,NOP 2022-23 → LAL 2023-24,Cutter / connector,Cutter / connector,CUT,CUT,159,201,0.021,0.026,0.024,0.054,0.012,0.042,Peripheral / replaceable wiring,Standard role occupant,0.659,-0.268,0.928,YES,NOP,0.21341251247017,0.10412890744422021,0.268,-0.25979466847029853,0.25778498724151466,35.5,10,0.25979466847029853,True,True,additive
S. Curry,203552,203552_BKN22_DAL23,0,G,G,BKN,2022-23,DAL,2023-24,BKN 2022-23 → DAL 2023-24,Pull-up scorer,Spot-up / off-ball,PULL_UP,SPOT_UP,458,136,0.061,0.018,0.004,0.004,-0.012,-0.007,Peripheral / replaceable wiring,Peripheral / replaceable wiring,0.797,-0.108,0.905,YES,BKN,0.21341251247017,0.1080338445043052,0.108,0.07457759477645685,0.7582038233431675,37.5,10,-0.07457759477645685,True,True,additive
D. Mitchell,1630558,1630558_SAC23_TOR24,0,G,G,SAC,2023-24,TOR,2024-25,SAC 2023-24 → TOR 2024-25,Spot-up / off-ball,Driving creator,SPOT_UP,DRIVE,320,274,0.042,0.037,0.005,0.008,-0.008,-0.004,Peripheral / replaceable wiring,Peripheral / replaceable wiring,0.471,-0.403,0.873,YES,SAC,0.08691813695081303,0.08060471208857634,0.403,0.09818294556863025,0.2558403957379189,32.2,10,-0.09818294556863025,False,True,missed-need
I. Hartenstein,1628392,1628392_NYK23_OKC24,0,F/C,C-F,NYK,2023-24,OKC,2024-25,NYK 2023-24 → OKC 2024-25,PnR ball-handler / hub,PnR ball-handler / hub,PNR,PNR,339,450,0.046,0.061,0.047,0.182,0.034,0.167,Standard role occupant,Hidden structural hub,0.78,0.007,0.773,YES,NYK,0.19087966079070795,0.14691351721291057,-0.007,0.03684828007462112,0.1912712527931728,34.2,10,-0.03684828007462112,True,True,additive
P. Baldwin Jr.,1631116,1631116_GSW22_WAS23,0,F/Wing,F,GSW,2022-23,WAS,2023-24,GSW 2022-23 → WAS 2023-24,Spot-up / off-ball,Spot-up / off-ball,SPOT_UP,SPOT_UP,112,170,0.014,0.021,0.003,0.017,-0.008,0.006,Peripheral / replaceable wiring,Peripheral / replaceable wiring,0.797,0.039,0.758,YES,GSW,0.21341251247017,0.07065088018698062,-0.039,0.12330364344881022,0.8475120521218189,27.2,10,-0.12330364344881022,False,True,missed-need
D. Schröder,203471,203471_LAL22_TOR23,0,G,G,LAL,2022-23,TOR,2023-24,LAL 2022-23 → TOR 2023-24,Driving creator,Driving creator,DRIVE,DRIVE,752,575,0.096,0.076,0.003,0.004,-0.021,-0.015,Peripheral / replaceable wiring,Peripheral / replaceable wiring,0.667,-0.057,0.723,YES,LAL,0.21341251247017,0.1299258138965338,0.057,-0.016202570447167816,0.48448780100029765,31.7,10,0.016202570447167816,True,True,additive
J. Robinson-Earl,1630526,1630526_OKC22_NOP23,0,F/Wing,F,OKC,2022-23,NOP,2023-24,OKC 2022-23 → NOP 2023-24,Spot-up / off-ball,Spot-up / off-ball,SPOT_UP,SPOT_UP,219,87,0.028,0.011,0.008,0.001,-0.003,-0.01,Peripheral / replaceable wiring,Peripheral / replaceable wiring,0.758,0.047,0.711,YES,OKC,0.21341251247017,0.08904628315182994,-0.047,0.06189060711325075,0.6105249377483924,32.7,10,-0.06189060711325075,False,True,missed-need
K. Porziņģis,204001,204001_WAS22_BOS23,0,F/C,F-C,WAS,2022-23,BOS,2023-24,WAS 2022-23 → BOS 2023-24,Spot-up / off-ball,Spot-up / off-ball,SPOT_UP,SPOT_UP,1152,821,0.151,0.108,0.073,0.038,0.027,0.01,Standard role occupant,Peripheral / replaceable wiring,0.777,0.08,0.697,YES,WAS,0.21341251247017,0.24580735297039447,-0.08,0.15861678053685496,0.363602394824955,35.7,10,-0.15861678053685496,True,False,redundant
T. Watford,1630570,1630570_POR22_BKN23,0,F/Wing,F,POR,2022-23,BKN,2023-24,POR 2022-23 → BKN 2023-24,Driving creator,Driving creator,DRIVE,DRIVE,363,345,0.048,0.046,0.005,0.002,-0.009,-0.011,Peripheral / replaceable wiring,Peripheral / replaceable wiring,0.274,-0.408,0.682,YES,POR,0.21341251247017,0.10216601080285287,0.408,-0.3182933925847811,0.22589874937568188,34.8,10,0.3182933925847811,True,True,additive
J. Poole,1629673,1629673_GSW22_WAS23,0,G,G,GSW,2022-23,WAS,2023-24,GSW 2022-23 → WAS 2023-24,Driving creator,Driving creator,DRIVE,DRIVE,1405,1250,0.181,0.158,0.045,0.102,-0.019,0.053,Standard role occupant,Standard role occupant,0.499,-0.148,0.647,YES,GSW,0.21341251247017,0.23957271583604522,0.148,-0.03335356079515704,0.5291930516884467,32.6,10,0.03335356079515704,True,True,additive
W. Moore Jr.,1631111,1631111_DET24_CHA24,0,G,Guard,DET,2024-25,CHA,2024-25,DET 2024-25 → CHA 2024-25,Transition initiator,Spot-up / off-ball,TRANSITION,SPOT_UP,57,70,0.008,0.01,0.007,0.004,-0.004,-0.007,Peripheral / replaceable wiring,Peripheral / replaceable wiring,0.144,-0.496,0.64,YES,DET,0.21341251247017,0.07583123995097461,0.496,-0.2549882588328508,0.5519353841905041,34.2,10,0.2549882588328508,False,True,missed-need
R. Holmes,1626158,1626158_SAC22_WAS23,0,F/Wing,F,SAC,2022-23,WAS,2023-24,SAC 2022-23 → WAS 2023-24,PnR ball-handler / hub,Cutter / connector,PNR,CUT,77,77,0.01,0.01,0.002,0.004,-0.009,-0.008,Peripheral / replaceable wiring,Peripheral / replaceable wiring,0.777,0.147,0.63,YES,SAC,0.21341251247017,0.0660239469873477,-0.147,0.011608631615457943,0.6653582991918757,32.6,10,-0.011608631615457943,False,False,irrelevant
M. Strus,1629622,1629622_MIA22_CLE23,0,F/Wing,G-F,MIA,2022-23,CLE,2023-24,MIA 2022-23 → CLE 2023-24,Spot-up / off-ball,Spot-up / off-ball,SPOT_UP,SPOT_UP,774,704,0.104,0.098,0.007,0.018,-0.019,-0.007,Peripheral / replaceable wiring,Peripheral / replaceable wiring,0.79,0.16,0.63,YES,MIA,0.21341251247017,0.13888176553789078,-0.16,-0.0065530592398583935,0.8075169313697135,35.3,10,0.0065530592398583935,True,False,redundant
C. Metu,1629002,1629002_PHX23_DET23,0,F/C,Forward-Center,PHX,2023-24,DET,2023-24,PHX 2023-24 → DET 2023-24,PnR ball-handler / hub,PnR ball-handler / hub,PNR,PNR,150,126,0.02,0.017,0.004,0.001,-0.008,-0.01,Peripheral / replaceable wiring,Peripheral / replaceable wiring,0.588,-0.026,0.615,YES,PHX,0.21341251247017,0.07824845285778648,0.026,0.28632262420801496,0.6523141544669975,30.9,10,-0.28632262420801496,False,True,missed-need
E. Gordon,201569,201569_PHX23_PHI24,0,G,G,PHX,2023-24,PHI,2024-25,PHX 2023-24 → PHI 2024-25,Spot-up / off-ball,Spot-up / off-ball,SPOT_UP,SPOT_UP,631,221,0.084,0.03,0.015,0.01,-0.006,-0.002,Peripheral / replaceable wiring,Peripheral / replaceable wiring,0.36,-0.248,0.607,YES,PHX,0.21341251247017,0.140525941064275,0.248,-0.16260239791829872,0.14773760517739865,34.6,10,0.16260239791829872,True,True,additive
D. Gafford,1629655,1629655_WAS23_DAL23,0,F,Forward,WAS,2023-24,DAL,2023-24,WAS 2023-24 → DAL 2023-24,Cutter / connector,Cutter / connector,CUT,CUT,282,184,0.036,0.025,0.335,0.007,0.323,-0.005,Hidden structural hub,Peripheral / replaceable wiring,0.865,0.263,0.602,YES,WAS,0.8639699393332627,0.3425151746628663,-0.263,0.27138551853785603,0.8097668759569855,35.0,10,-0.27138551853785603,True,False,redundant
F. VanVleet,1627832,1627832_TOR22_HOU23,0,G,G,TOR,2022-23,HOU,2023-24,TOR 2022-23 → HOU 2023-24,Pull-up scorer,Pull-up scorer,PULL_UP,PULL_UP,1159,1033,0.15,0.132,0.044,0.066,-0.002,0.028,Standard role occupant,Standard role occupant,0.445,-0.121,0.566,YES,TOR,0.21341251247017,0.22096940745239715,0.121,-0.13674957213824482,0.18495143020532104,31.9,10,0.13674957213824482,True,True,additive
J. Green,1629750,1629750_CHI23_NOP24,0,G,G,CHI,2023-24,NOP,2024-25,CHI 2023-24 → NOP 2024-25,Spot-up / off-ball,Spot-up / off-ball,SPOT_UP,SPOT_UP,70,208,0.01,0.028,0.006,0.002,-0.005,-0.009,Peripheral / replaceable wiring,Peripheral / replaceable wiring,0.294,-0.264,0.558,YES,CHI,-0.07745168524012738,0.03682750779310767,0.264,-0.1055694229062382,0.5185924743322312,35.0,10,0.1055694229062382,False,True,missed-need
D. DeRozan,201942,201942_CHI23_SAC24,0,F/Wing,G-F,CHI,2023-24,SAC,2024-25,CHI 2023-24 → SAC 2024-25,Post hub,Post hub,POST_UP,POST_UP,1495,1333,0.203,0.182,0.087,0.109,0.009,0.045,Standard role occupant,Primary grammar carrier,0.61,0.063,0.546,YES,CHI,0.9108875393560305,0.3926471959900282,-0.063,0.0683778687601887,0.5532484975824145,35.2,10,-0.0683778687601887,True,False,redundant
D. Eubanks,1629234,1629234_POR22_PHX23,0,F/C,F-C,POR,2022-23,PHX,2023-24,POR 2022-23 → PHX 2023-24,Post hub,Cutter / connector,POST_UP,CUT,356,269,0.047,0.036,0.068,0.072,0.054,0.06,Standard role occupant,Standard role occupant,0.732,0.192,0.54,YES,POR,0.21341251247017,0.17342426182981863,-0.192,0.21179885946933752,0.7853357992903921,37.2,10,-0.21179885946933752,True,False,redundant
M. Smart,203935,203935_MEM24_WAS24,0,G,Guard,MEM,2024-25,WAS,2024-25,MEM 2024-25 → WAS 2024-25,Spot-up / off-ball,Driving creator,SPOT_UP,DRIVE,164,118,0.021,0.016,0.007,0.027,-0.004,0.016,Peripheral / replaceable wiring,Peripheral / replaceable wiring,0.949,0.411,0.538,YES,MEM,-0.9124571840927705,-0.14439570829161996,-0.411,-0.2597540862738179,0.25096716838955646,33.0,10,0.2597540862738179,False,False,irrelevant
G. Mathews,1629726,1629726_HOU22_ATL23,0,G,Guard,HOU,2022-23,ATL,2023-24,HOU 2022-23 → ATL 2023-24,Spot-up / off-ball,Spot-up / off-ball,SPOT_UP,SPOT_UP,167,223,0.022,0.029,0.015,0.002,0.003,-0.01,Peripheral / replaceable wiring,Peripheral / replaceable wiring,0.215,-0.323,0.538,YES,HOU,0.21341251247017,0.09619304830523524,0.323,-0.33293651135230584,-0.054868292099328184,35.7,10,0.33293651135230584,False,True,missed-need
J. Cain,1631288,1631288_MIA23_NOP24,0,F/Wing,F,MIA,2023-24,NOP,2024-25,MIA 2023-24 → NOP 2024-25,Spot-up / off-ball,Spot-up / off-ball,SPOT_UP,SPOT_UP,76,162,0.01,0.022,0.001,0.002,-0.01,-0.009,Peripheral / replaceable wiring,Peripheral / replaceable wiring,0.666,0.129,0.537,YES,MIA,0.5003036800035557,0.09818458386765594,-0.129,0.1885149558985335,0.572470581160719,35.0,10,-0.1885149558985335,False,False,irrelevant
S. Mamukelashvili,1630572,1630572_MIL22_SAS22,0,F/C,Forward-Center,MIL,2022-23,SAS,2022-23,MIL 2022-23 → SAS 2022-23,Spot-up / off-ball,Spot-up / off-ball,SPOT_UP,SPOT_UP,60,163,0.008,0.021,0.031,0.005,0.02,-0.006,Peripheral / replaceable wiring,Peripheral / replaceable wiring,0.454,-0.078,0.533,YES,MIL,0.21341251247017,0.10372128244247913,0.078,0.025130997637267307,0.6125740447757848,32.8,10,-0.025130997637267307,True,True,additive
B. Fernando,1628981,1628981_HOU22_ATL23,0,F/C,Forward-Center,HOU,2022-23,ATL,2023-24,HOU 2022-23 → ATL 2023-24,Cutter / connector,PnR ball-handler / hub,CUT,PNR,92,194,0.012,0.025,0.009,0.005,-0.002,-0.006,Peripheral / replaceable wiring,Peripheral / replaceable wiring,0.328,-0.203,0.532,YES,HOU,0.21341251247017,0.0801189052889818,0.203,-0.09898634012278582,0.49641847642964376,36.0,10,0.09898634012278582,False,True,missed-need
S. Dinwiddie,203915,203915_DAL22_BKN22,0,G,Guard,DAL,2022-23,BKN,2022-23,DAL 2022-23 → BKN 2022-23,Driving creator,Driving creator,DRIVE,DRIVE,720,394,0.097,0.053,0.018,0.008,-0.006,-0.006,Peripheral / replaceable wiring,Peripheral / replaceable wiring,0.572,0.042,0.531,YES,DAL,0.452216306994518,0.18147908735089102,-0.042,-0.014308093023378718,0.4939507731048721,35.7,10,0.014308093023378718,True,True,additive
D. Lillard,203081,203081_POR22_MIL23,0,G,G,POR,2022-23,MIL,2023-24,POR 2022-23 → MIL 2023-24,Driving creator,Driving creator,DRIVE,DRIVE,1370,1416,0.182,0.182,0.041,0.052,-0.022,-0.011,"High-usage, low structural influence",Standard role occupant,0.367,-0.149,0.516,YES,POR,0.21341251247017,0.24098261115364566,0.149,-0.11570448925362548,0.3865324044592497,35.2,10,0.11570448925362548,True,True,additive
D. Murray,1627749,1627749_ATL23_NOP24,0,G,G,ATL,2023-24,NOP,2024-25,ATL 2023-24 → NOP 2024-25,Driving creator,PnR ball-handler / hub,DRIVE,PNR,1506,505,0.193,0.069,0.024,0.007,-0.047,-0.01,"High-usage, low structural influence",Peripheral / replaceable wiring,0.628,0.144,0.484,YES,ATL,0.5101156021714988,0.2511950008597034,-0.144,0.14047848210587396,0.3914331241491483,35.0,10,-0.14047848210587396,True,False,redundant
J. McGee,201580,201580_DAL22_SAC23,0,F/C,C-F,DAL,2022-23,SAC,2023-24,DAL 2022-23 → SAC 2023-24,Cutter / connector,Cutter / connector,CUT,CUT,140,115,0.019,0.015,0.004,0.008,-0.007,-0.003,Peripheral / replaceable wiring,Peripheral / replaceable wiring,0.636,0.152,0.484,YES,DAL,0.21341251247017,0.07716043105202697,-0.152,0.10413984526773828,0.4613268786768539,35.9,10,-0.10413984526773828,False,False,irrelevant
C. Reddish,1629629,1629629_NYK22_POR22,0,F,Forward-Guard,NYK,2022-23,POR,2022-23,NYK 2022-23 → POR 2022-23,Driving creator,Driving creator,DRIVE,DRIVE,157,203,0.021,0.027,0.005,0.003,-0.006,-0.008,Peripheral / replaceable wiring,Peripheral / replaceable wiring,0.639,0.169,0.47,YES,NYK,0.21341251247017,0.08008343709653365,-0.169,0.13526473263762578,0.3713140287019565,36.3,10,-0.13526473263762578,False,False,irrelevant
J. Harden,201935,201935_PHI22_LAC23,0,G,G,PHI,2022-23,LAC,2023-24,PHI 2022-23 → LAC 2023-24,Driving creator,Pull-up scorer,DRIVE,PULL_UP,887,884,0.121,0.122,0.024,0.02,-0.009,-0.013,Peripheral / replaceable wiring,Peripheral / replaceable wiring,0.727,0.263,0.464,YES,PHI,0.21341251247017,0.17202428697551597,-0.263,0.2799912348250389,0.6861458240289989,34.3,10,-0.2799912348250389,True,False,redundant
B. Hield,1627741,1627741_PHI23_GSW24,0,G,G,PHI,2023-24,GSW,2024-25,PHI 2023-24 → GSW 2024-25,Spot-up / off-ball,Spot-up / off-ball,SPOT_UP,SPOT_UP,324,707,0.043,0.097,0.004,0.016,-0.009,-0.008,Peripheral / replaceable wiring,Peripheral / replaceable wiring,0.243,-0.217,0.461,YES,PHI,0.21341251247017,0.09732220282967605,0.217,-0.07947407274016068,0.16883980273301505,32.2,10,0.07947407274016068,False,True,missed-need
D. Russell,1626156,1626156_LAL24_BKN24,0,G,Guard,LAL,2024-25,BKN,2024-25,LAL 2024-25 → BKN 2024-25,PnR ball-handler / hub,PnR ball-handler / hub,PNR,PNR,323,335,0.045,0.047,0.001,0.005,-0.012,-0.008,Peripheral / replaceable wiring,Peripheral / replaceable wiring,0.398,-0.062,0.461,YES,LAL,0.3577769332929382,0.11213033807537603,0.062,0.6569661033988073,0.8923607760627917,31.6,10,-0.6569661033988073,True,True,additive
D. Jones Jr.,1627884,1627884_DAL23_LAC24,0,F/Wing,F,DAL,2023-24,LAC,2024-25,DAL 2023-24 → LAC 2024-25,Spot-up / off-ball,Spot-up / off-ball,SPOT_UP,SPOT_UP,504,601,0.067,0.085,0.014,0.03,-0.002,0.009,Peripheral / replaceable wiring,Peripheral / replaceable wiring,0.527,0.074,0.453,YES,DAL,0.21341251247017,0.12660403802786147,-0.074,0.030503273688074834,0.4566885658577123,32.6,10,-0.030503273688074834,True,False,redundant
C. Joseph,202709,202709_GSW23_ORL24,0,G,Guard,GSW,2023-24,ORL,2024-25,GSW 2023-24 → ORL 2024-25,Spot-up / off-ball,Spot-up / off-ball,SPOT_UP,SPOT_UP,59,141,0.008,0.02,0.004,0.001,-0.008,-0.01,Peripheral / replaceable wiring,Peripheral / replaceable wiring,0.539,0.09,0.449,YES,GSW,0.21341251247017,0.06882469386787043,-0.09,0.0751146432379794,0.6196560293323603,28.6,10,-0.0751146432379794,False,False,irrelevant
C. LeVert,1627747,1627747_CLE24_ATL24,0,G,Guard,CLE,2024-25,ATL,2024-25,CLE 2024-25 → ATL 2024-25,Driving creator,PnR ball-handler / hub,DRIVE,PNR,319,298,0.043,0.039,0.003,0.008,-0.01,-0.004,Peripheral / replaceable wiring,Peripheral / replaceable wiring,0.176,-0.267,0.443,YES,CLE,0.4700107675629545,0.12871488888965327,0.267,0.17192957302918577,0.549456949885542,36.0,10,-0.17192957302918577,True,True,additive
L. Nance Jr.,1626204,1626204_NOP23_ATL24,0,F/C,F-C,NOP,2023-24,ATL,2024-25,NOP 2023-24 → ATL 2024-25,Spot-up / off-ball,Spot-up / off-ball,SPOT_UP,SPOT_UP,239,154,0.031,0.02,0.009,0.004,-0.003,-0.007,Peripheral / replaceable wiring,Peripheral / replaceable wiring,0.568,0.131,0.437,YES,NOP,0.5210921924106953,0.12983226874292603,-0.131,-0.20826957398127943,0.044250026965289985,35.7,10,0.20826957398127943,True,False,redundant
M. Bridges,1628969,1628969_BKN23_NYK24,0,F/Wing,G-F,BKN,2023-24,NYK,2024-25,BKN 2023-24 → NYK 2024-25,PnR ball-handler / hub,Spot-up / off-ball,PNR,SPOT_UP,1453,1112,0.193,0.155,0.022,0.093,-0.048,0.045,"High-usage, low structural influence",Standard role occupant,0.451,0.017,0.434,YES,BKN,0.7152440749083346,0.2841631124517531,-0.017,-0.01035979969452789,0.13458951364590013,37.6,9,0.01035979969452789,True,True,additive
K. Knox II,1628995,1628995_DET22_POR22,0,F,Forward,DET,2022-23,POR,2022-23,DET 2022-23 → POR 2022-23,Spot-up / off-ball,Spot-up / off-ball,SPOT_UP,SPOT_UP,203,154,0.027,0.02,0.003,0.002,-0.008,-0.009,Peripheral / replaceable wiring,Peripheral / replaceable wiring,-0.166,-0.578,0.412,YES,DET,0.9532616428081107,0.19381365454162144,0.578,-0.38687976156947573,0.26187749297118734,35.6,10,0.38687976156947573,True,True,additive
C. Wood,1626174,1626174_DAL22_LAL23,0,F/Wing,F,DAL,2022-23,LAL,2023-24,DAL 2022-23 → LAL 2023-24,Spot-up / off-ball,Spot-up / off-ball,SPOT_UP,SPOT_UP,890,278,0.12,0.036,0.012,0.002,-0.021,-0.01,Peripheral / replaceable wiring,Peripheral / replaceable wiring,0.418,0.008,0.409,YES,DAL,0.21341251247017,0.16017858025916193,-0.008,0.041997024096710314,0.32859643313969666,35.5,10,-0.041997024096710314,True,True,additive
C. Payne,1626166,1626166_PHI23_NYK24,0,G,G,PHI,2023-24,NYK,2024-25,PHI 2023-24 → NYK 2024-25,Driving creator,Driving creator,DRIVE,DRIVE,273,425,0.036,0.059,0.002,0.011,-0.01,-0.004,Peripheral / replaceable wiring,Peripheral / replaceable wiring,0.378,-0.03,0.408,YES,PHI,0.21341251247017,0.08896538286137134,0.03,0.0843579638195371,0.31603835985517387,37.6,9,-0.0843579638195371,False,True,missed-need
A. Davis,203076,203076_LAL24_DAL24,0,F/C,Forward-Center,LAL,2024-25,DAL,2024-25,LAL 2024-25 → DAL 2024-25,Post hub,PnR ball-handler / hub,POST_UP,PNR,811,152,0.113,0.021,0.023,0.003,-0.007,-0.008,Peripheral / replaceable wiring,Peripheral / replaceable wiring,0.206,-0.2,0.405,YES,LAL,0.5529602903513192,0.21642439776583255,0.2,0.2255553307988167,0.4598728806641166,36.1,10,-0.2255553307988167,True,True,additive
N. Batum,201587,201587_PHI23_LAC24,0,F/Wing,G-F,PHI,2023-24,LAC,2024-25,PHI 2023-24 → LAC 2024-25,Spot-up / off-ball,Spot-up / off-ball,SPOT_UP,SPOT_UP,213,217,0.028,0.031,0.013,0.01,0.002,-0.002,Peripheral / replaceable wiring,Peripheral / replaceable wiring,0.533,0.131,0.402,YES,PHI,0.21341251247017,0.09658509385388386,-0.131,0.09122953329571719,0.6094101440657516,32.6,10,-0.09122953329571719,False,False,irrelevant
G. Trent Jr.,1629018,1629018_TOR23_MIL24,0,G,G,TOR,2023-24,MIL,2024-25,TOR 2023-24 → MIL 2024-25,Spot-up / off-ball,Spot-up / off-ball,SPOT_UP,SPOT_UP,855,665,0.113,0.089,0.007,0.012,-0.022,-0.01,Peripheral / replaceable wiring,Peripheral / replaceable wiring,0.681,0.281,0.4,YES,TOR,0.5391477993554418,0.1851404434978462,-0.281,0.2509959324627708,0.5652605208913515,36.1,10,-0.2509959324627708,True,False,redundant
J. Nurkić,203994,203994_POR22_PHX23,0,C,C,POR,2022-23,PHX,2023-24,POR 2022-23 → PHX 2023-24,Post hub,PnR ball-handler / hub,POST_UP,PNR,552,685,0.073,0.091,0.026,0.007,0.008,-0.016,Peripheral / replaceable wiring,Peripheral / replaceable wiring,0.471,0.077,0.394,YES,POR,0.21341251247017,0.1464544221343012,-0.077,0.1535171888033997,0.42418655141923794,37.2,10,-0.1535171888033997,True,False,redundant
J. Nwora,1629670,1629670_MIL22_IND22,0,F,Forward,MIL,2022-23,IND,2022-23,MIL 2022-23 → IND 2022-23,Spot-up / off-ball,Spot-up / off-ball,SPOT_UP,SPOT_UP,210,270,0.027,0.034,0.007,0.006,-0.004,-0.006,Peripheral / replaceable wiring,Peripheral / replaceable wiring,0.458,0.074,0.384,YES,MIL,0.21341251247017,0.08837612770495135,-0.074,-0.010883767254020805,0.27716272367131195,33.6,10,0.010883767254020805,False,False,irrelevant
J. Richardson,1626196,1626196_SAS22_NOP22,0,C,Center,SAS,2022-23,NOP,2022-23,SAS 2022-23 → NOP 2022-23,Spot-up / off-ball,Spot-up / off-ball,SPOT_UP,SPOT_UP,398,143,0.05,0.019,0.006,0.005,-0.008,-0.006,Peripheral / replaceable wiring,Peripheral / replaceable wiring,0.468,0.085,0.383,YES,SAS,0.21341251247017,0.10421353520284465,-0.085,0.19574128083286033,0.4645821982864716,35.3,10,-0.19574128083286033,True,False,redundant
A. Lawson,1630639,1630639_DAL23_TOR24,0,G,G,DAL,2023-24,TOR,2024-25,DAL 2023-24 → TOR 2024-25,Spot-up / off-ball,Spot-up / off-ball,SPOT_UP,SPOT_UP,109,185,0.015,0.025,0.006,0.005,-0.005,-0.007,Peripheral / replaceable wiring,Peripheral / replaceable wiring,0.589,0.213,0.376,YES,DAL,0.21341251247017,0.07683927099230192,-0.213,0.20439559586677944,0.6979575878730722,32.2,10,-0.20439559586677944,False,False,irrelevant
J. Butler,1630215,1630215_WAS24_PHI24,0,C,Center,WAS,2024-25,PHI,2024-25,WAS 2024-25 → PHI 2024-25,Driving creator,Driving creator,DRIVE,DRIVE,189,269,0.026,0.037,0.018,0.001,0.006,-0.011,Peripheral / replaceable wiring,Peripheral / replaceable wiring,0.78,0.405,0.375,YES,WAS,-0.2526083872963772,0.031077112256537198,-0.405,-0.017310591275518556,0.04921807250854889,37.7,10,0.017310591275518556,False,False,irrelevant
J. Wiseman,1630164,1630164_GSW22_DET22,0,C,Center,GSW,2022-23,DET,2022-23,GSW 2022-23 → DET 2022-23,PnR ball-handler / hub,Post hub,PNR,POST_UP,103,241,0.013,0.032,0.026,0.007,0.015,-0.004,Peripheral / replaceable wiring,Peripheral / replaceable wiring,0.756,0.389,0.367,YES,GSW,0.21341251247017,0.09908924920097972,-0.389,0.4628153290564146,0.7472905359210071,33.3,10,-0.4628153290564146,False,False,irrelevant
K. Porter Jr.,1629645,1629645_LAC24_MIL24,0,F,Guard-Forward,LAC,2024-25,MIL,2024-25,LAC 2024-25 → MIL 2024-25,PnR ball-handler / hub,Driving creator,PNR,DRIVE,436,279,0.062,0.037,0.004,0.004,-0.012,-0.008,Peripheral / replaceable wiring,Peripheral / replaceable wiring,0.267,-0.091,0.358,YES,LAC,0.21341251247017,0.11101140501614218,0.091,-0.13196821530539163,0.1343165901279046,36.1,10,0.13196821530539163,True,True,additive
J. Green,1629750,1629750_NOP24_CLE24,0,F/C,Forward-Center,NOP,2024-25,CLE,2024-25,NOP 2024-25 → CLE 2024-25,Spot-up / off-ball,Spot-up / off-ball,SPOT_UP,SPOT_UP,208,54,0.028,0.007,0.002,0.004,-0.009,-0.007,Peripheral / replaceable wiring,Peripheral / replaceable wiring,0.089,-0.267,0.356,YES,NOP,0.21341251247017,0.08439873178721843,0.267,-0.194380070003277,0.19831724260922023,30.5,10,0.194380070003277,False,True,missed-need
M. Beasley,1627736,1627736_MIL23_DET24,0,G,G,MIL,2023-24,DET,2024-25,MIL 2023-24 → DET 2024-25,Spot-up / off-ball,Spot-up / off-ball,SPOT_UP,SPOT_UP,692,1042,0.089,0.142,0.013,0.03,-0.008,-0.011,Peripheral / replaceable wiring,Peripheral / replaceable wiring,0.457,0.106,0.352,YES,MIL,0.21341251247017,0.14068571916340655,-0.106,-0.11095774916103072,0.34239534828757223,31.6,10,0.11095774916103072,True,False,redundant
J. Poeltl,1627751,1627751_SAS22_TOR22,0,C,Center,SAS,2022-23,TOR,2022-23,SAS 2022-23 → TOR 2022-23,PnR ball-handler / hub,PnR ball-handler / hub,PNR,PNR,388,218,0.049,0.028,0.12,0.011,0.106,-0.0,Hidden structural hub,Peripheral / replaceable wiring,0.501,0.15,0.351,YES,SAS,0.21341251247017,0.23667171460646974,-0.15,0.28731432831951975,0.6063300742089622,37.4,10,-0.28731432831951975,True,False,redundant
D. Roddy,1631223,1631223_MEM23_ATL24,0,F,Forward,MEM,2023-24,ATL,2024-25,MEM 2023-24 → ATL 2024-25,Spot-up / off-ball,PnR ball-handler / hub,SPOT_UP,PNR,390,107,0.052,0.014,0.005,0.003,-0.009,-0.008,Peripheral / replaceable wiring,Peripheral / replaceable wiring,0.54,0.19,0.349,YES,MEM,-0.10683338059998704,0.060281546253702634,-0.19,0.18353015157147298,0.44612641676495396,24.9,10,-0.18353015157147298,False,False,irrelevant
J. McDaniels,1629667,1629667_CHA22_PHI22,0,F,Forward,CHA,2022-23,PHI,2022-23,CHA 2022-23 → PHI 2022-23,Spot-up / off-ball,Spot-up / off-ball,SPOT_UP,SPOT_UP,543,119,0.07,0.016,0.01,0.005,-0.007,-0.006,Peripheral / replaceable wiring,Peripheral / replaceable wiring,0.351,0.003,0.348,YES,CHA,0.21341251247017,0.12422299645572765,-0.003,0.31908860012993884,0.7011579275393099,33.6,10,-0.31908860012993884,True,True,additive
R. Hachimura,1629060,1629060_WAS22_LAL22,0,F,Forward,WAS,2022-23,LAL,2022-23,WAS 2022-23 → LAL 2022-23,PnR ball-handler / hub,PnR ball-handler / hub,PNR,PNR,335,260,0.044,0.033,0.001,0.005,-0.012,-0.007,Peripheral / replaceable wiring,Peripheral / replaceable wiring,0.621,0.274,0.348,YES,WAS,0.21341251247017,0.0925356892465311,-0.274,0.2639934103247297,0.5243842438982347,35.5,10,-0.2639934103247297,False,False,irrelevant
J. Valančiūnas,202685,202685_NOP23_WAS24,0,C,C,NOP,2023-24,WAS,2024-25,NOP 2023-24 → WAS 2024-25,Post hub,Post hub,POST_UP,POST_UP,680,380,0.089,0.052,0.035,0.131,0.014,0.117,Peripheral / replaceable wiring,Hidden structural hub,0.304,-0.043,0.346,YES,NOP,0.769261457407685,0.24034246723865815,0.043,0.08047813325475268,0.6334025272763028,30.0,10,-0.08047813325475268,True,True,additive
D. Finney-Smith,1627827,1627827_BKN24_LAL24,0,F,Forward,BKN,2024-25,LAL,2024-25,BKN 2024-25 → LAL 2024-25,Spot-up / off-ball,Spot-up / off-ball,SPOT_UP,SPOT_UP,158,262,0.022,0.036,0.003,0.006,-0.008,-0.006,Peripheral / replaceable wiring,Peripheral / replaceable wiring,0.584,0.239,0.344,YES,BKN,0.8557592640842046,0.14788065325999267,-0.239,0.06252710247552037,0.6346841914718097,34.9,10,-0.06252710247552037,True,False,redundant
L. Dončić,1629029,1629029_DAL24_LAL24,0,F,Forward-Guard,DAL,2024-25,LAL,2024-25,DAL 2024-25 → LAL 2024-25,Pull-up scorer,Post hub,PULL_UP,POST_UP,469,509,0.065,0.071,0.023,0.01,0.007,-0.007,Peripheral / replaceable wiring,Peripheral / replaceable wiring,0.486,0.143,0.343,YES,DAL,0.5754361845325783,0.18101486194371813,-0.143,0.12117461325193035,0.5837850123262364,34.9,10,-0.12117461325193035,True,False,redundant
R. Westbrook,201566,201566_LAC23_DEN24,0,G,G,LAC,2023-24,DEN,2024-25,LAC 2023-24 → DEN 2024-25,Driving creator,Driving creator,DRIVE,DRIVE,677,824,0.094,0.109,0.005,0.017,-0.018,-0.011,Peripheral / replaceable wiring,Peripheral / replaceable wiring,0.381,0.041,0.34,YES,LAC,0.3077530616662472,0.14607297568882222,-0.041,0.08701092692003097,0.36513494193386237,36.7,10,-0.08701092692003097,True,True,additive
Z. Williams,1630533,1630533_MEM23_BKN24,0,F/Wing,F,MEM,2023-24,BKN,2024-25,MEM 2023-24 → BKN 2024-25,Spot-up / off-ball,Spot-up / off-ball,SPOT_UP,SPOT_UP,364,468,0.048,0.066,0.003,0.014,-0.01,-0.002,Peripheral / replaceable wiring,Peripheral / replaceable wiring,0.219,-0.117,0.336,YES,MEM,0.23808330065869787,0.1028921514653826,0.117,-0.2051932209429832,0.07878158768374263,31.6,10,0.2051932209429832,True,True,additive
D. Daniels,1630700,1630700_NOP23_ATL24,0,G,G,NOP,2023-24,ATL,2024-25,NOP 2023-24 → ATL 2024-25,Spot-up / off-ball,Driving creator,SPOT_UP,DRIVE,336,943,0.044,0.123,0.002,0.007,-0.011,-0.027,Peripheral / replaceable wiring,Peripheral / replaceable wiring,0.112,-0.213,0.325,YES,NOP,-0.3983867032376217,0.015979423054793968,0.213,-0.04037971317178544,0.38988578365951104,35.7,10,0.04037971317178544,False,True,missed-need
J. Smith,1630188,1630188_IND23_CHI24,0,F/C,F-C,IND,2023-24,CHI,2024-25,IND 2023-24 → CHI 2024-25,Spot-up / off-ball,Spot-up / off-ball,SPOT_UP,SPOT_UP,353,389,0.045,0.051,0.011,0.015,-0.002,0.001,Peripheral / replaceable wiring,Peripheral / replaceable wiring,0.384,0.068,0.317,YES,IND,0.05448707290840145,0.08673424006482466,-0.068,-0.07726650099717687,0.3763573553374522,31.2,10,0.07726650099717687,False,False,irrelevant
A. Caruso,1627936,1627936_CHI23_OKC24,0,G,G,CHI,2023-24,OKC,2024-25,CHI 2023-24 → OKC 2024-25,Spot-up / off-ball,Spot-up / off-ball,SPOT_UP,SPOT_UP,552,289,0.075,0.039,0.015,0.003,-0.003,-0.009,Peripheral / replaceable wiring,Peripheral / replaceable wiring,0.411,0.098,0.314,YES,CHI,0.1630947337010244,0.12747327216480564,-0.098,0.14771527222872086,0.4522881428703419,32.4,10,-0.14771527222872086,True,False,redundant
N. Richards,1630208,1630208_CHA24_PHX24,0,C,Center,CHA,2024-25,PHX,2024-25,CHA 2024-25 → PHX 2024-25,Cutter / connector,Cutter / connector,CUT,CUT,125,218,0.017,0.031,0.001,0.013,-0.01,0.001,Peripheral / replaceable wiring,Peripheral / replaceable wiring,0.042,-0.268,0.31,YES,CHA,0.08338112294560429,0.05878109452247843,0.268,0.35778726338727745,0.731386105597865,37.3,10,-0.35778726338727745,False,True,missed-need
K. Anderson,203937,203937_MIN23_GSW24,0,F/Wing,F-G,MIN,2023-24,GSW,2024-25,MIN 2023-24 → GSW 2024-25,Driving creator,Driving creator,DRIVE,DRIVE,508,161,0.068,0.022,0.011,0.006,-0.006,-0.005,Peripheral / replaceable wiring,Peripheral / replaceable wiring,-0.089,-0.398,0.309,YES,MIN,0.7856988236296768,0.20432774812724588,0.398,-0.16909039543172713,0.22319693271393531,32.2,10,0.16909039543172713,True,True,additive
T. Mann,1630544,1630544_OKC22_CHA23,0,G,G,OKC,2022-23,CHA,2023-24,OKC 2022-23 → CHA 2023-24,Driving creator,Driving creator,DRIVE,DRIVE,502,290,0.064,0.039,0.016,0.001,-0.0,-0.011,Peripheral / replaceable wiring,Peripheral / replaceable wiring,0.331,0.023,0.308,YES,OKC,0.21341251247017,0.12784976734334885,-0.023,-0.02603504517374733,0.3100929155516885,37.4,10,0.02603504517374733,True,True,additive
T. Craig,1628470,1628470_PHX22_CHI23,0,F/Wing,F,PHX,2022-23,CHI,2023-24,PHX 2022-23 → CHI 2023-24,Spot-up / off-ball,Spot-up / off-ball,SPOT_UP,SPOT_UP,420,246,0.055,0.033,0.022,0.008,0.008,-0.004,Peripheral / replaceable wiring,Peripheral / replaceable wiring,0.46,0.153,0.307,YES,PHX,0.21341251247017,0.1285992619985556,-0.153,0.043288917566207286,0.5574949006515557,36.5,10,-0.043288917566207286,True,False,redundant
J. Hart,1628404,1628404_POR22_NYK22,0,G,Guard,POR,2022-23,NYK,2022-23,POR 2022-23 → NYK 2022-23,Transition initiator,Transition initiator,TRANSITION,TRANSITION,431,189,0.057,0.025,0.015,0.006,0.001,-0.005,Peripheral / replaceable wiring,Peripheral / replaceable wiring,0.325,0.022,0.303,YES,POR,0.21341251247017,0.12154109014424574,-0.022,0.05926402569319033,0.40259159536113803,35.5,10,-0.05926402569319033,True,True,additive
K. Huerter,1628989,1628989_SAC24_CHI24,0,F,Guard-Forward,SAC,2024-25,CHI,2024-25,SAC 2024-25 → CHI 2024-25,Spot-up / off-ball,Spot-up / off-ball,SPOT_UP,SPOT_UP,292,281,0.04,0.037,0.004,0.003,-0.009,-0.01,Peripheral / replaceable wiring,Peripheral / replaceable wiring,0.114,-0.189,0.302,YES,SAC,0.19564993592720833,0.09338061348976057,0.189,0.13519385200233186,0.46898311448960806,33.1,10,-0.13519385200233186,False,True,missed-need
T. Bryant,1628418,1628418_MIA23_IND24,0,F/C,C-F,MIA,2023-24,IND,2024-25,MIA 2023-24 → IND 2024-25,PnR ball-handler / hub,Spot-up / off-ball,PNR,SPOT_UP,144,242,0.019,0.033,0.004,0.015,-0.007,0.004,Peripheral / replaceable wiring,Peripheral / replaceable wiring,0.347,0.046,0.301,YES,MIA,0.21341251247017,0.0788822241793507,-0.046,0.013519892797676143,0.45473534246473535,33.6,10,-0.013519892797676143,False,True,missed-need
C. Martin,1628998,1628998_CHA24_PHX24,0,F,Forward,CHA,2024-25,PHX,2024-25,CHA 2024-25 → PHX 2024-25,Spot-up / off-ball,Spot-up / off-ball,SPOT_UP,SPOT_UP,276,60,0.039,0.008,0.001,0.008,-0.011,-0.003,Peripheral / replaceable wiring,Peripheral / replaceable wiring,0.828,0.536,0.292,YES,CHA,0.7551721858591519,0.14335243689489563,-0.536,0.41090143659292194,0.6740091221149888,36.5,10,-0.41090143659292194,True,False,redundant
M. Plumlee,203486,203486_CHA22_LAC22,0,G,Guard,CHA,2022-23,LAC,2022-23,CHA 2022-23 → LAC 2022-23,PnR ball-handler / hub,Cutter / connector,PNR,CUT,442,98,0.057,0.013,0.012,0.005,-0.003,-0.006,Peripheral / replaceable wiring,Peripheral / replaceable wiring,0.562,0.274,0.288,YES,CHA,0.21341251247017,0.1168098320596247,-0.274,0.26231666225964934,0.6444826288815191,34.6,10,-0.26231666225964934,True,False,redundant
B. Boston,1630527,1630527_LAC23_NOP24,0,G,G,LAC,2023-24,NOP,2024-25,LAC 2023-24 → NOP 2024-25,PnR ball-handler / hub,PnR ball-handler / hub,PNR,PNR,159,383,0.022,0.052,0.004,0.006,-0.007,-0.008,Peripheral / replaceable wiring,Peripheral / replaceable wiring,0.226,-0.056,0.282,YES,LAC,-0.05299109702458432,0.047316181195389106,0.056,-0.5761574614511921,0.22577048413406944,35.0,10,0.5761574614511921,False,True,missed-need
D. Wright,1626153,1626153_MIA23_MIL24,0,G,G,MIA,2023-24,MIL,2024-25,MIA 2023-24 → MIL 2024-25,Driving creator,Spot-up / off-ball,DRIVE,SPOT_UP,66,84,0.009,0.011,0.002,0.003,-0.009,-0.008,Peripheral / replaceable wiring,Peripheral / replaceable wiring,0.139,-0.139,0.279,YES,MIA,0.21341251247017,0.07010018419556463,0.139,-0.21350992679923556,0.4059416835369155,36.1,10,0.21350992679923556,False,True,missed-need
D. Russell,1626156,1626156_MIN22_LAL22,0,G,Guard,MIN,2022-23,LAL,2022-23,MIN 2022-23 → LAL 2022-23,Spot-up / off-ball,Driving creator,SPOT_UP,DRIVE,776,234,0.1,0.03,0.02,0.001,-0.005,-0.011,Peripheral / replaceable wiring,Peripheral / replaceable wiring,0.525,0.262,0.264,YES,MIN,0.21341251247017,0.15657481156627878,-0.262,0.3046114156979606,0.7591220522336619,35.5,10,-0.3046114156979606,True,False,redundant
B. Biyombo,202687,202687_MEM23_SAS24,0,C,Center,MEM,2023-24,SAS,2024-25,MEM 2023-24 → SAS 2024-25,Post hub,Post hub,POST_UP,POST_UP,122,104,0.016,0.014,0.027,0.035,0.016,0.024,Peripheral / replaceable wiring,Peripheral / replaceable wiring,0.619,0.356,0.262,YES,MEM,0.21341251247017,0.1039410873820934,-0.356,0.1834638588387562,0.5599484153289621,36.1,10,-0.1834638588387562,True,False,redundant
M. Smart,203935,203935_BOS22_MEM23,0,G,G,BOS,2022-23,MEM,2023-24,BOS 2022-23 → MEM 2023-24,Spot-up / off-ball,Spot-up / off-ball,SPOT_UP,SPOT_UP,659,249,0.085,0.033,0.001,0.003,-0.02,-0.009,Peripheral / replaceable wiring,Peripheral / replaceable wiring,0.309,0.052,0.257,YES,BOS,0.21341251247017,0.12309148825033969,-0.052,0.030195660602768692,0.3840988468811394,27.6,10,-0.030195660602768692,True,False,redundant
M. Flynn,1630201,1630201_TOR23_DET23,0,G,Guard,TOR,2023-24,DET,2023-24,TOR 2023-24 → DET 2023-24,Spot-up / off-ball,Pull-up scorer,SPOT_UP,PULL_UP,133,167,0.018,0.022,0.006,0.001,-0.005,-0.01,Peripheral / replaceable wiring,Peripheral / replaceable wiring,0.76,0.504,0.256,YES,TOR,0.5719569675456122,0.11774936545902726,-0.504,0.3827152208608758,0.7540690318064645,28.8,10,-0.3827152208608758,True,False,redundant
E. Omoruyi,1630647,1630647_OKC22_DET22,0,F,Forward,OKC,2022-23,DET,2022-23,OKC 2022-23 → DET 2022-23,Spot-up / off-ball,Spot-up / off-ball,SPOT_UP,SPOT_UP,89,144,0.011,0.019,0.022,0.007,0.011,-0.005,Peripheral / replaceable wiring,Peripheral / replaceable wiring,0.312,0.067,0.245,YES,OKC,0.21341251247017,0.09615747012493689,-0.067,-0.010706412804339429,0.2455944242518913,31.1,10,0.010706412804339429,False,False,irrelevant
B. Hield,1627741,1627741_IND23_PHI23,0,G,Guard,IND,2023-24,PHI,2023-24,IND 2023-24 → PHI 2023-24,Spot-up / off-ball,Spot-up / off-ball,SPOT_UP,SPOT_UP,500,324,0.064,0.043,0.007,0.004,-0.009,-0.009,Peripheral / replaceable wiring,Peripheral / replaceable wiring,0.724,0.487,0.237,YES,IND,0.7391513992176676,0.17234058518089557,-0.487,0.27116350582713444,0.6094362605446617,33.8,10,-0.27116350582713444,True,False,redundant
T. Horton-Tucker,1629659,1629659_UTA23_CHI24,0,G,G,UTA,2023-24,CHI,2024-25,UTA 2023-24 → CHI 2024-25,Driving creator,Driving creator,DRIVE,DRIVE,479,314,0.062,0.041,0.019,0.005,0.004,-0.008,Peripheral / replaceable wiring,Peripheral / replaceable wiring,0.296,0.062,0.234,YES,UTA,0.9213372130623605,0.2182287903263351,-0.062,0.030938259072528958,0.5780422387116563,33.1,10,-0.030938259072528958,True,False,redundant
C. Martin,1628997,1628997_PHI24_DAL24,0,F,Forward,PHI,2024-25,DAL,2024-25,PHI 2024-25 → DAL 2024-25,PnR ball-handler / hub,PnR ball-handler / hub,PNR,PNR,256,81,0.035,0.011,0.002,0.006,-0.01,-0.005,Peripheral / replaceable wiring,Peripheral / replaceable wiring,-0.019,-0.248,0.229,YES,PHI,0.21341251247017,0.08998575331176795,0.248,-0.025453396191930995,0.6799031726750362,36.1,10,0.025453396191930995,False,True,missed-need
M. Conley,201144,201144_UTA22_MIN22,0,G,Guard,UTA,2022-23,MIN,2022-23,UTA 2022-23 → MIN 2022-23,Driving creator,Driving creator,DRIVE,DRIVE,410,255,0.053,0.033,0.003,0.033,-0.011,0.021,Peripheral / replaceable wiring,Peripheral / replaceable wiring,0.075,-0.153,0.228,YES,UTA,0.21341251247017,0.10397563926726199,0.153,-0.05521183518945693,0.26707328492215654,36.0,10,0.05521183518945693,True,True,additive
C. Metu,1629002,1629002_SAC22_PHX23,0,F/C,F-C,SAC,2022-23,PHX,2023-24,SAC 2022-23 → PHX 2023-24,Cutter / connector,PnR ball-handler / hub,CUT,PNR,224,150,0.028,0.02,0.054,0.004,0.043,-0.008,Standard role occupant,Peripheral / replaceable wiring,0.442,0.218,0.224,YES,SAC,0.21341251247017,0.14750478959716085,-0.218,0.19637091244021387,0.7506121107208004,37.2,10,-0.19637091244021387,True,False,redundant
K. Kuzma,1628398,1628398_WAS24_MIL24,0,F,Forward,WAS,2024-25,MIL,2024-25,WAS 2024-25 → MIL 2024-25,PnR ball-handler / hub,PnR ball-handler / hub,PNR,PNR,485,440,0.066,0.059,0.024,0.003,0.007,-0.012,Peripheral / replaceable wiring,Peripheral / replaceable wiring,-0.103,-0.326,0.223,YES,WAS,-0.08833022567037381,0.104527482003428,0.326,0.2418650719049683,0.7494432036325811,36.1,10,-0.2418650719049683,True,True,additive
G. Williams,1629684,1629684_BOS22_DAL23,0,F/Wing,F,BOS,2022-23,DAL,2023-24,BOS 2022-23 → DAL 2023-24,Spot-up / off-ball,Spot-up / off-ball,SPOT_UP,SPOT_UP,493,299,0.063,0.04,0.002,0.005,-0.014,-0.007,Peripheral / replaceable wiring,Peripheral / replaceable wiring,0.111,-0.111,0.223,YES,BOS,0.21341251247017,0.10982245422709777,0.111,-0.0675467691014035,0.5768911396633277,30.4,10,0.0675467691014035,True,True,additive
D. Theis,1628464,1628464_LAC23_NOP24,0,F/C,F-C,LAC,2023-24,NOP,2024-25,LAC 2023-24 → NOP 2024-25,Cutter / connector,PnR ball-handler / hub,CUT,PNR,249,128,0.034,0.017,0.005,0.001,-0.007,-0.01,Peripheral / replaceable wiring,Peripheral / replaceable wiring,0.434,0.213,0.222,YES,LAC,0.21341251247017,0.0911861102646751,-0.213,0.2162118607682445,0.44516088756527294,35.0,10,-0.2162118607682445,False,False,irrelevant
J. Green,1630182,1630182_DAL23_CHA24,0,G,G,DAL,2023-24,CHA,2024-25,DAL 2023-24 → CHA 2024-25,Spot-up / off-ball,Spot-up / off-ball,SPOT_UP,SPOT_UP,410,428,0.055,0.06,0.006,0.006,-0.008,-0.009,Peripheral / replaceable wiring,Peripheral / replaceable wiring,0.597,0.378,0.218,YES,DAL,0.8214584960961642,0.17502827680001237,-0.378,0.5129330996080567,0.8352942497391875,34.2,10,-0.5129330996080567,True,False,redundant
J. Richardson,1626196,1626196_NOP22_MIA23,0,G,G,NOP,2022-23,MIA,2023-24,NOP 2022-23 → MIA 2023-24,Spot-up / off-ball,Spot-up / off-ball,SPOT_UP,SPOT_UP,143,350,0.019,0.047,0.005,0.004,-0.006,-0.009,Peripheral / replaceable wiring,Peripheral / replaceable wiring,-0.186,-0.402,0.216,YES,NOP,0.21341251247017,0.08334377304787904,0.402,-0.43666249734321494,0.5195995778859489,33.4,10,0.43666249734321494,False,True,missed-need
N. Marshall,1630230,1630230_NOP23_DAL24,0,F/Wing,F,NOP,2023-24,DAL,2024-25,NOP 2023-24 → DAL 2024-25,Spot-up / off-ball,PnR ball-handler / hub,SPOT_UP,PNR,397,734,0.052,0.101,0.002,0.005,-0.012,-0.021,Peripheral / replaceable wiring,Peripheral / replaceable wiring,0.091,-0.121,0.213,YES,NOP,0.21341251247017,0.10188757290099211,0.121,-0.0518940160020695,0.07567442791258511,36.1,10,0.0518940160020695,False,True,missed-need
S. Fontecchio,1631323,1631323_UTA23_DET23,0,F,Forward,UTA,2023-24,DET,2023-24,UTA 2023-24 → DET 2023-24,Spot-up / off-ball,Spot-up / off-ball,SPOT_UP,SPOT_UP,357,193,0.047,0.025,0.003,0.001,-0.01,-0.01,Peripheral / replaceable wiring,Peripheral / replaceable wiring,0.741,0.531,0.21,YES,UTA,-0.02278364457389645,0.06474842321551888,-0.531,0.004509851199925523,0.518910900665145,30.9,10,-0.004509851199925523,False,False,irrelevant
H. Barnes,203084,203084_SAC23_SAS24,0,F/Wing,F,SAC,2023-24,SAS,2024-25,SAC 2023-24 → SAS 2024-25,Spot-up / off-ball,Spot-up / off-ball,SPOT_UP,SPOT_UP,773,682,0.101,0.093,0.006,0.003,-0.02,-0.02,Peripheral / replaceable wiring,Peripheral / replaceable wiring,0.265,0.058,0.208,YES,SAC,0.08332291867553906,0.12436859515611742,-0.058,0.22974733914933748,0.5343784084336267,36.1,10,-0.22974733914933748,True,False,redundant
K. Olynyk,203482,203482_UTA23_TOR23,0,F/C,Forward-Center,UTA,2023-24,TOR,2023-24,UTA 2023-24 → TOR 2023-24,Driving creator,PnR ball-handler / hub,DRIVE,PNR,292,266,0.038,0.035,0.003,0.004,-0.01,-0.008,Peripheral / replaceable wiring,Peripheral / replaceable wiring,0.269,0.088,0.18,YES,UTA,-0.3825343331299652,0.01103135705685998,-0.088,0.10997691814593043,0.5396578117957205,34.9,10,-0.10997691814593043,False,False,irrelevant
D. Ayton,1629028,1629028_PHX22_POR23,0,C,C,PHX,2022-23,POR,2023-24,PHX 2022-23 → POR 2023-24,Post hub,Post hub,POST_UP,POST_UP,872,656,0.114,0.09,0.036,0.327,0.006,0.305,Peripheral / replaceable wiring,Hidden structural hub,0.344,0.164,0.18,YES,PHX,0.21341251247017,0.18861545732939952,-0.164,0.05319943904610589,0.483365573273958,34.4,10,-0.05319943904610589,True,False,redundant
D. DiVincenzo,1628978,1628978_GSW22_NYK23,0,G,G,GSW,2022-23,NYK,2023-24,GSW 2022-23 → NYK 2023-24,Spot-up / off-ball,Spot-up / off-ball,SPOT_UP,SPOT_UP,547,959,0.071,0.131,0.011,0.026,-0.006,-0.011,Peripheral / replaceable wiring,Peripheral / replaceable wiring,0.298,0.119,0.179,YES,GSW,0.21341251247017,0.12647891667487998,-0.119,0.15189759362129476,0.5231828818251684,35.4,10,-0.15189759362129476,True,False,redundant
K. Oubre Jr.,1626162,1626162_CHA22_PHI23,0,F/Wing,F-G,CHA,2022-23,PHI,2023-24,CHA 2022-23 → PHI 2023-24,Spot-up / off-ball,PnR ball-handler / hub,SPOT_UP,PNR,895,923,0.115,0.123,0.003,0.011,-0.028,-0.023,Peripheral / replaceable wiring,Peripheral / replaceable wiring,0.239,0.061,0.178,YES,CHA,0.21341251247017,0.14749918188515382,-0.061,0.08930956441571238,0.2987125571669438,37.5,10,-0.08930956441571238,True,False,redundant
L. Walker IV,1629022,1629022_LAL22_BKN23,0,F/Wing,G-F,LAL,2022-23,BKN,2023-24,LAL 2022-23 → BKN 2023-24,Spot-up / off-ball,Spot-up / off-ball,SPOT_UP,SPOT_UP,567,494,0.072,0.065,0.003,0.002,-0.015,-0.015,Peripheral / replaceable wiring,Peripheral / replaceable wiring,0.479,0.303,0.176,YES,LAL,0.21341251247017,0.1157065870534088,-0.303,0.3513976852316314,0.6232895746580621,34.8,10,-0.3513976852316314,True,False,redundant
E. Gordon,201569,201569_HOU22_LAC22,0,G,Guard,HOU,2022-23,LAC,2022-23,HOU 2022-23 → LAC 2022-23,Driving creator,Spot-up / off-ball,DRIVE,SPOT_UP,552,198,0.072,0.026,0.01,0.001,-0.008,-0.011,Peripheral / replaceable wiring,Peripheral / replaceable wiring,0.33,0.156,0.174,YES,HOU,0.21341251247017,0.12573302934529357,-0.156,0.13822729453007657,0.6474692032171914,34.6,10,-0.13822729453007657,True,False,redundant
P. Siakam,1627783,1627783_TOR23_IND23,0,F,Forward,TOR,2023-24,IND,2023-24,TOR 2023-24 → IND 2023-24,PnR ball-handler / hub,PnR ball-handler / hub,PNR,PNR,688,642,0.091,0.082,0.019,0.019,-0.003,-0.001,Peripheral / replaceable wiring,Peripheral / replaceable wiring,0.261,0.088,0.173,YES,TOR,0.05182687873940156,0.13031351738772332,-0.088,0.11984262025537214,0.3285356363413151,32.2,10,-0.11984262025537214,True,False,redundant
C. Paul,101108,101108_PHX22_GSW23,0,G,G,PHX,2022-23,GSW,2023-24,PHX 2022-23 → GSW 2023-24,Pull-up scorer,Pull-up scorer,PULL_UP,PULL_UP,697,426,0.091,0.056,0.036,0.03,0.013,0.016,Peripheral / replaceable wiring,Peripheral / replaceable wiring,0.204,0.034,0.17,YES,PHX,0.21341251247017,0.17378119106944384,-0.034,-0.03968822590077031,0.5084599522328406,32.7,10,0.03968822590077031,True,True,additive
D. Jones Jr.,1627884,1627884_CHI22_DAL23,0,F/Wing,F,CHI,2022-23,DAL,2023-24,CHI 2022-23 → DAL 2023-24,Spot-up / off-ball,Spot-up / off-ball,SPOT_UP,SPOT_UP,231,504,0.03,0.067,0.025,0.014,0.013,-0.002,Peripheral / replaceable wiring,Peripheral / replaceable wiring,0.213,0.045,0.167,YES,CHI,0.21341251247017,0.11503234813252734,-0.045,0.015474010384739405,0.6428908766703989,30.4,10,-0.015474010384739405,True,True,additive
B. Hyland,1630538,1630538_DEN22_LAC22,0,G,Guard,DEN,2022-23,LAC,2022-23,DEN 2022-23 → LAC 2022-23,Pull-up scorer,Spot-up / off-ball,PULL_UP,SPOT_UP,442,129,0.059,0.017,0.029,0.002,0.014,-0.009,Peripheral / replaceable wiring,Peripheral / replaceable wiring,0.14,-0.025,0.165,YES,DEN,0.21341251247017,0.14178293765332933,0.025,-0.04691868764580821,0.15582260708942888,34.6,10,0.04691868764580821,True,True,additive
K. Lowry,200768,200768_MIA23_PHI23,0,G,Guard,MIA,2023-24,PHI,2023-24,MIA 2023-24 → PHI 2023-24,Spot-up / off-ball,Spot-up / off-ball,SPOT_UP,SPOT_UP,256,152,0.034,0.02,0.004,0.001,-0.008,-0.01,Peripheral / replaceable wiring,Peripheral / replaceable wiring,0.479,0.315,0.163,YES,MIA,0.895428034438528,0.16681856709953974,-0.315,0.45169772137524006,0.6658737063737361,33.8,10,-0.45169772137524006,True,False,redundant
D. Schröder,203471,203471_GSW24_DET24,0,G,Guard,GSW,2024-25,DET,2024-25,GSW 2024-25 → DET 2024-25,Driving creator,Driving creator,DRIVE,DRIVE,249,264,0.034,0.036,0.005,0.007,-0.007,-0.005,Peripheral / replaceable wiring,Peripheral / replaceable wiring,0.14,-0.022,0.162,YES,GSW,0.21341251247017,0.09244632705400388,0.022,-0.0028428343389012758,0.33334310136664874,35.0,10,0.0028428343389012758,False,True,missed-need
Q. Grimes,1629656,1629656_NYK23_DAL24,0,G,Guard,NYK,2023-24,DAL,2024-25,NYK 2023-24 → DAL 2024-25,Spot-up / off-ball,Spot-up / off-ball,SPOT_UP,SPOT_UP,264,364,0.036,0.05,0.006,0.006,-0.006,-0.008,Peripheral / replaceable wiring,Peripheral / replaceable wiring,0.319,0.157,0.162,YES,NYK,0.5199473025631276,0.13226296659734119,-0.157,0.2008835011869954,0.6907198906772538,32.2,10,-0.2008835011869954,True,False,redundant
P. Mills,201988,201988_MIA23_UTA24,0,G,G,MIA,2023-24,UTA,2024-25,MIA 2023-24 → UTA 2024-25,Spot-up / off-ball,Spot-up / off-ball,SPOT_UP,SPOT_UP,83,73,0.011,0.01,0.001,0.009,-0.01,-0.002,Peripheral / replaceable wiring,Peripheral / replaceable wiring,0.454,0.293,0.161,YES,MIA,0.21341251247017,0.06794103383249045,-0.293,0.26480276722962975,0.4474793667067276,31.5,10,-0.26480276722962975,False,False,irrelevant
D. McDermott,203926,203926_SAS23_IND23,0,F,Forward,SAS,2023-24,IND,2023-24,SAS 2023-24 → IND 2023-24,Spot-up / off-ball,Spot-up / off-ball,SPOT_UP,SPOT_UP,204,64,0.026,0.008,0.003,0.002,-0.008,-0.009,Peripheral / replaceable wiring,Peripheral / replaceable wiring,0.015,-0.138,0.153,YES,SAS,-0.049576214529051595,0.05123710501061146,0.138,-0.005532449298474514,0.29886382381053606,27.7,10,0.005532449298474514,False,True,missed-need
T. Prince,1627752,1627752_LAL23_MIL24,0,F/Wing,F,LAL,2023-24,MIL,2024-25,LAL 2023-24 → MIL 2024-25,Spot-up / off-ball,Spot-up / off-ball,SPOT_UP,SPOT_UP,619,531,0.079,0.071,0.005,0.007,-0.014,-0.011,Peripheral / replaceable wiring,Peripheral / replaceable wiring,0.619,0.469,0.149,YES,LAL,0.21341251247017,0.12231694502301849,-0.469,0.3409133825820764,0.6652693224088151,36.1,10,-0.3409133825820764,True,False,redundant
T. Ross,203082,203082_ORL22_PHX22,0,F,Guard-Forward,ORL,2022-23,PHX,2022-23,ORL 2022-23 → PHX 2022-23,Spot-up / off-ball,Spot-up / off-ball,SPOT_UP,SPOT_UP,312,162,0.041,0.021,0.024,0.004,0.011,-0.007,Peripheral / replaceable wiring,Peripheral / replaceable wiring,0.152,0.01,0.142,YES,ORL,0.21341251247017,0.1221269264699431,-0.01,0.022479966370319543,0.16957397349976036,24.7,10,-0.022479966370319543,True,True,additive
D. Fox,1628368,1628368_SAC24_SAS24,0,G,Guard,SAC,2024-25,SAS,2024-25,SAC 2024-25 → SAS 2024-25,Driving creator,Driving creator,DRIVE,DRIVE,927,295,0.126,0.04,0.02,0.008,-0.015,-0.004,Peripheral / replaceable wiring,Peripheral / replaceable wiring,0.519,0.381,0.138,YES,SAC,0.46373281389221227,0.20497282557744734,-0.381,0.2434820549840999,0.4967880431037809,33.2,10,-0.2434820549840999,True,False,redundant
N. Little,1629642,1629642_POR22_PHX23,0,F/Wing,F-G,POR,2022-23,PHX,2023-24,POR 2022-23 → PHX 2023-24,Spot-up / off-ball,Spot-up / off-ball,SPOT_UP,SPOT_UP,301,140,0.04,0.019,0.001,0.003,-0.012,-0.009,Peripheral / replaceable wiring,Peripheral / replaceable wiring,-0.195,-0.333,0.137,YES,POR,0.21341251247017,0.09307619835088643,0.333,-0.18217689369123302,0.14521368412726213,37.2,10,0.18217689369123302,False,True,missed-need
T. Hardaway Jr.,203501,203501_DAL23_DET24,0,F/Wing,G-F,DAL,2023-24,DET,2024-25,DAL 2023-24 → DET 2024-25,Spot-up / off-ball,Spot-up / off-ball,SPOT_UP,SPOT_UP,980,691,0.131,0.094,0.015,0.021,-0.021,-0.002,Peripheral / replaceable wiring,Peripheral / replaceable wiring,0.105,-0.031,0.136,YES,DAL,0.6494218596588853,0.23454399270284992,0.031,-0.27928016906433434,0.02553733407916178,31.6,10,0.27928016906433434,True,True,additive
D. Bertans,202722,202722_DAL22_CHA23,0,F/Wing,F,DAL,2022-23,CHA,2023-24,DAL 2022-23 → CHA 2023-24,Spot-up / off-ball,Spot-up / off-ball,SPOT_UP,SPOT_UP,155,194,0.021,0.026,0.004,0.014,-0.007,0.003,Peripheral / replaceable wiring,Peripheral / replaceable wiring,0.467,0.333,0.134,YES,DAL,0.21341251247017,0.07973496820851794,-0.333,0.3402122227541929,0.47994029056768694,32.2,10,-0.3402122227541929,False,False,irrelevant
V. Micić,203995,203995_OKC23_CHA23,0,?,?,OKC,2023-24,CHA,2023-24,OKC 2023-24 → CHA 2023-24,Driving creator,Driving creator,DRIVE,DRIVE,103,317,0.014,0.043,0.001,0.005,-0.01,-0.008,Peripheral / replaceable wiring,Peripheral / replaceable wiring,-0.104,-0.236,0.133,YES,OKC,0.21341251247017,0.07419272098815329,0.236,-0.20711380359378065,-0.03163847991971352,37.4,10,0.20711380359378065,False,True,missed-need
S. Milton,1629003,1629003_MIN23_BKN24,0,F,Forward,MIN,2023-24,BKN,2024-25,MIN 2023-24 → BKN 2024-25,PnR ball-handler / hub,Driving creator,PNR,DRIVE,182,162,0.025,0.023,0.006,0.001,-0.005,-0.01,Peripheral / replaceable wiring,Peripheral / replaceable wiring,0.588,0.46,0.128,YES,MIN,0.21341251247017,0.08486251688702362,-0.46,0.4083272413328515,0.7336794566004613,31.6,10,-0.4083272413328515,False,False,irrelevant
J. Green,201145,201145_DEN22_HOU23,0,F/Wing,F,DEN,2022-23,HOU,2023-24,DEN 2022-23 → HOU 2023-24,Spot-up / off-ball,PnR ball-handler / hub,SPOT_UP,PNR,355,415,0.047,0.053,0.006,0.008,-0.007,-0.006,Peripheral / replaceable wiring,Peripheral / replaceable wiring,0.132,0.009,0.124,YES,DEN,0.21341251247017,0.10327067094584633,-0.009,-0.0027697643576060195,0.1756063186336901,32.5,10,0.0027697643576060195,True,True,additive
L. Kennard,1628379,1628379_LAC22_MEM22,0,G,Guard,LAC,2022-23,MEM,2022-23,LAC 2022-23 → MEM 2022-23,Spot-up / off-ball,Spot-up / off-ball,SPOT_UP,SPOT_UP,229,179,0.03,0.023,0.001,0.007,-0.01,-0.004,Peripheral / replaceable wiring,Peripheral / replaceable wiring,-0.23,-0.354,0.124,YES,LAC,0.21341251247017,0.0861283099948936,0.354,-0.16696248495707902,0.5891351858114289,31.7,10,0.16696248495707902,False,True,missed-need
G. Williams,1629684,1629684_DAL23_CHA23,0,F,Forward,DAL,2023-24,CHA,2023-24,DAL 2023-24 → CHA 2023-24,Spot-up / off-ball,Spot-up / off-ball,SPOT_UP,SPOT_UP,299,301,0.04,0.041,0.005,0.003,-0.007,-0.009,Peripheral / replaceable wiring,Peripheral / replaceable wiring,0.582,0.457,0.124,YES,DAL,0.21341251247017,0.09508993432458301,-0.457,0.4506437014871177,0.612019622949852,32.2,10,-0.4506437014871177,False,False,irrelevant
G. Niang,1627777,1627777_CLE24_ATL24,0,F,Forward,CLE,2024-25,ATL,2024-25,CLE 2024-25 → ATL 2024-25,Spot-up / off-ball,Spot-up / off-ball,SPOT_UP,SPOT_UP,350,278,0.047,0.036,0.004,0.007,-0.009,-0.005,Peripheral / replaceable wiring,Peripheral / replaceable wiring,0.356,0.234,0.122,YES,CLE,0.19678455974454254,0.09769436645386426,-0.234,0.18968758168740332,0.49081939203142044,24.9,10,-0.18968758168740332,False,False,irrelevant
P. George,202331,202331_LAC23_PHI24,0,F/Wing,F,LAC,2023-24,PHI,2024-25,LAC 2023-24 → PHI 2024-25,Pull-up scorer,PnR ball-handler / hub,PULL_UP,PNR,1261,591,0.174,0.081,0.015,0.013,-0.045,-0.007,"High-usage, low structural influence",Peripheral / replaceable wiring,-0.151,-0.268,0.118,YES,LAC,0.67960867488855,0.286212951608817,0.268,-0.5072325081485046,0.033663006024250944,37.7,10,0.5072325081485046,True,True,additive
I. Quickley,1630193,1630193_NYK23_TOR23,0,G,Guard,NYK,2023-24,TOR,2023-24,NYK 2023-24 → TOR 2023-24,Driving creator,Driving creator,DRIVE,DRIVE,367,606,0.05,0.08,0.004,0.008,-0.01,-0.012,Peripheral / replaceable wiring,Peripheral / replaceable wiring,0.082,-0.036,0.117,YES,NYK,0.0015103501301927625,0.07608090420902491,0.036,-0.07138488713313927,0.19113528545658712,31.7,10,0.07138488713313927,False,True,missed-need
D. Schröder,203471,203471_BKN24_GSW24,0,G,Guard,BKN,2024-25,GSW,2024-25,BKN 2024-25 → GSW 2024-25,Driving creator,Driving creator,DRIVE,DRIVE,345,249,0.048,0.034,0.01,0.005,-0.003,-0.007,Peripheral / replaceable wiring,Peripheral / replaceable wiring,-0.153,-0.266,0.113,YES,BKN,0.5405743703465801,0.15382412669185777,0.266,-0.027773755650411035,0.20402715017947334,32.2,10,0.027773755650411035,True,True,additive
Z. Collins,1628380,1628380_SAS24_CHI24,0,F/C,Forward-Center,SAS,2024-25,CHI,2024-25,SAS 2024-25 → CHI 2024-25,Spot-up / off-ball,Spot-up / off-ball,SPOT_UP,SPOT_UP,138,164,0.019,0.022,0.006,0.009,-0.005,-0.002,Peripheral / replaceable wiring,Peripheral / replaceable wiring,0.03,-0.076,0.106,YES,SAS,0.28838701048389614,0.09296305337916057,0.076,0.03828190328800916,0.5475572906861359,33.1,10,-0.03828190328800916,False,True,missed-need
R. Hampton,1630181,1630181_ORL22_DET22,0,G,Guard,ORL,2022-23,DET,2022-23,ORL 2022-23 → DET 2022-23,Driving creator,Spot-up / off-ball,DRIVE,SPOT_UP,117,141,0.015,0.018,0.015,0.004,0.004,-0.007,Peripheral / replaceable wiring,Peripheral / replaceable wiring,-0.077,-0.182,0.105,YES,ORL,0.21341251247017,0.09288888156620835,0.182,-0.14491809496866292,0.1953198517994249,33.3,10,0.14491809496866292,False,True,missed-need
C. Payne,1626166,1626166_MIL23_PHI23,0,G,Guard,MIL,2023-24,PHI,2023-24,MIL 2023-24 → PHI 2023-24,Spot-up / off-ball,Driving creator,SPOT_UP,DRIVE,254,273,0.033,0.036,0.003,0.002,-0.008,-0.01,Peripheral / replaceable wiring,Peripheral / replaceable wiring,0.074,-0.03,0.104,YES,MIL,0.21341251247017,0.08941091733313411,0.03,0.00020769685057227036,0.0918667397251661,37.5,10,-0.00020769685057227036,False,True,missed-need
D. Avdija,1630166,1630166_WAS23_POR24,0,F/Wing,F,WAS,2023-24,POR,2024-25,WAS 2023-24 → POR 2024-25,Driving creator,Driving creator,DRIVE,DRIVE,925,985,0.117,0.133,0.09,0.006,0.059,-0.032,Standard role occupant,Peripheral / replaceable wiring,0.162,0.059,0.103,YES,WAS,-0.03455294051227542,0.23442456470867268,-0.059,-0.1173633044394899,0.23048101579093366,32.7,10,0.1173633044394899,True,False,redundant
J. Nwora,1629670,1629670_IND23_TOR23,0,F,Forward,IND,2023-24,TOR,2023-24,IND 2023-24 → TOR 2023-24,Transition initiator,PnR ball-handler / hub,TRANSITION,PNR,77,228,0.01,0.03,0.001,0.003,-0.01,-0.008,Peripheral / replaceable wiring,Peripheral / replaceable wiring,0.241,0.149,0.092,YES,IND,0.44405078411455207,0.09752249640258051,-0.149,0.0259727474163867,0.17470891796428792,29.2,10,-0.0259727474163867,False,False,irrelevant
D. DiVincenzo,1628978,1628978_NYK23_MIN24,0,G,G,NYK,2023-24,MIN,2024-25,NYK 2023-24 → MIN 2024-25,Spot-up / off-ball,Spot-up / off-ball,SPOT_UP,SPOT_UP,959,582,0.131,0.08,0.026,0.003,-0.011,-0.017,Peripheral / replaceable wiring,Peripheral / replaceable wiring,0.541,0.452,0.088,YES,NYK,0.21341251247017,0.18355687874620918,-0.452,0.39515628004665637,0.676469512747133,32.3,10,-0.39515628004665637,True,False,redundant
K. Nunn,1629134,1629134_LAL22_WAS22,0,G,Guard,LAL,2022-23,WAS,2022-23,LAL 2022-23 → WAS 2022-23,Spot-up / off-ball,Driving creator,SPOT_UP,DRIVE,254,202,0.032,0.026,0.004,0.001,-0.008,-0.01,Peripheral / replaceable wiring,Peripheral / replaceable wiring,0.526,0.44,0.086,YES,LAL,0.21341251247017,0.08794323235548174,-0.44,0.4753652002644764,0.6302623507968855,35.0,10,-0.4753652002644764,False,False,irrelevant
N. Batum,201587,201587_LAC22_PHI23,0,F/Wing,G-F,LAC,2022-23,PHI,2023-24,LAC 2022-23 → PHI 2023-24,Spot-up / off-ball,Spot-up / off-ball,SPOT_UP,SPOT_UP,347,213,0.046,0.028,0.01,0.013,-0.003,0.002,Peripheral / replaceable wiring,Peripheral / replaceable wiring,0.454,0.371,0.083,YES,LAC,0.7553903299784581,0.1702932155477626,-0.371,0.3828917106241126,0.524153234379816,28.2,10,-0.3828917106241126,True,False,redundant
G. Allen,1628960,1628960_MIL22_PHX23,0,G,G,MIL,2022-23,PHX,2023-24,MIL 2022-23 → PHX 2023-24,Spot-up / off-ball,Spot-up / off-ball,SPOT_UP,SPOT_UP,615,682,0.078,0.091,0.026,0.019,0.007,-0.003,Peripheral / replaceable wiring,Peripheral / replaceable wiring,0.196,0.114,0.082,YES,MIL,0.21341251247017,0.15145032135798814,-0.114,0.1675007232237919,0.4445380190646496,33.3,10,-0.1675007232237919,True,False,redundant
P. Beverley,201976,201976_CHI22_PHI23,0,G,G,CHI,2022-23,PHI,2023-24,CHI 2022-23 → PHI 2023-24,Spot-up / off-ball,Driving creator,SPOT_UP,DRIVE,134,252,0.018,0.034,0.004,0.002,-0.007,-0.01,Peripheral / replaceable wiring,Peripheral / replaceable wiring,0.088,0.007,0.081,YES,CHI,0.21341251247017,0.07969385603620532,-0.007,0.05904405084632522,0.5609163653201531,28.2,10,-0.05904405084632522,False,True,missed-need
S. Milton,1629003,1629003_PHI22_MIN23,0,F/Wing,G-F,PHI,2022-23,MIN,2023-24,PHI 2022-23 → MIN 2023-24,Driving creator,PnR ball-handler / hub,DRIVE,PNR,576,182,0.079,0.025,0.006,0.006,-0.013,-0.005,Peripheral / replaceable wiring,Peripheral / replaceable wiring,0.244,0.162,0.081,YES,PHI,0.21341251247017,0.12590629268775,-0.162,0.13437180681343291,0.26741525491055074,35.1,10,-0.13437180681343291,True,False,redundant
K. Thompson,202691,202691_GSW23_DAL24,0,G,G,GSW,2023-24,DAL,2024-25,GSW 2023-24 → DAL 2024-25,Spot-up / off-ball,Spot-up / off-ball,SPOT_UP,SPOT_UP,1149,847,0.151,0.117,0.011,0.029,-0.035,-0.002,"High-usage, low structural influence",Peripheral / replaceable wiring,0.153,0.073,0.08,YES,GSW,0.4649960529230654,0.21910756549204063,-0.073,0.09950873670621782,0.26014894462793525,33.4,10,-0.09950873670621782,True,False,redundant
D. Graham,1628984,1628984_NOP22_SAS22,0,G,Guard,NOP,2022-23,SAS,2022-23,NOP 2022-23 → SAS 2022-23,Spot-up / off-ball,PnR ball-handler / hub,SPOT_UP,PNR,254,212,0.033,0.027,0.002,0.007,-0.009,-0.004,Peripheral / replaceable wiring,Peripheral / replaceable wiring,0.459,0.383,0.077,YES,NOP,0.21341251247017,0.0863505029679753,-0.383,0.3417654338014893,0.5284622582075862,32.8,10,-0.3417654338014893,False,False,irrelevant
C. Paul,101108,101108_GSW23_SAS24,0,G,G,GSW,2023-24,SAS,2024-25,GSW 2023-24 → SAS 2024-25,Pull-up scorer,PnR ball-handler / hub,PULL_UP,PNR,426,520,0.056,0.071,0.03,0.049,0.016,0.032,Peripheral / replaceable wiring,Standard role occupant,0.204,0.129,0.076,YES,GSW,0.21341251247017,0.14059431285432955,-0.129,0.1264460985973059,0.5007795571217658,36.1,10,-0.1264460985973059,True,False,redundant
J. Holiday,201950,201950_MIL22_BOS23,0,G,G,MIL,2022-23,BOS,2023-24,MIL 2022-23 → BOS 2023-24,Driving creator,Pull-up scorer,DRIVE,PULL_UP,1029,664,0.13,0.088,0.048,0.002,0.011,-0.02,Standard role occupant,Peripheral / replaceable wiring,-0.008,-0.075,0.067,YES,MIL,0.21341251247017,0.2226111029213919,0.075,-0.09583720883312516,0.23385974928856512,35.7,10,0.09583720883312516,True,True,additive
P. Achiuwa,1630173,1630173_TOR23_NYK23,0,F,Forward,TOR,2023-24,NYK,2023-24,TOR 2023-24 → NYK 2023-24,PnR ball-handler / hub,PnR ball-handler / hub,PNR,PNR,163,245,0.022,0.034,0.002,0.002,-0.009,-0.01,Peripheral / replaceable wiring,Peripheral / replaceable wiring,-0.146,-0.211,0.065,YES,TOR,0.2723906646820352,0.08898162893198597,0.211,-0.35981093676330883,-0.040702209013881906,35.4,10,0.35981093676330883,False,True,missed-need
D. Barlow,1631230,1631230_SAS23_ATL24,0,F/Wing,F,SAS,2023-24,ATL,2024-25,SAS 2023-24 → ATL 2024-25,Pull-up scorer,Cutter / connector,PULL_UP,CUT,95,108,0.012,0.014,0.004,0.003,-0.007,-0.008,Peripheral / replaceable wiring,Peripheral / replaceable wiring,0.238,0.175,0.062,YES,SAS,0.24926664922776304,0.07876694206749471,-0.175,0.056497887631993385,0.40454257592075527,36.0,10,-0.056497887631993385,False,False,irrelevant
S. Dinwiddie,203915,203915_LAL23_DAL24,0,G,G,LAL,2023-24,DAL,2024-25,LAL 2023-24 → DAL 2024-25,Spot-up / off-ball,Driving creator,SPOT_UP,DRIVE,143,700,0.018,0.096,0.001,0.005,-0.01,-0.019,Peripheral / replaceable wiring,Peripheral / replaceable wiring,-0.336,-0.398,0.062,YES,LAL,0.21341251247017,0.07846577426255413,0.398,-0.39183434116324173,-0.19118923378127378,36.1,10,0.39183434116324173,False,True,missed-need
M. Brogdon,1627763,1627763_POR23_WAS24,0,G,G,POR,2023-24,WAS,2024-25,POR 2023-24 → WAS 2024-25,Driving creator,Driving creator,DRIVE,DRIVE,508,271,0.07,0.037,0.013,0.046,-0.004,0.033,Peripheral / replaceable wiring,Standard role occupant,0.339,0.281,0.059,YES,POR,0.21341251247017,0.12819630246998842,-0.281,0.27442962648522684,0.5186992981975167,33.0,10,-0.27442962648522684,True,False,redundant
C. Martin,1628997,1628997_MIA23_PHI24,0,F/Wing,F,MIA,2023-24,PHI,2024-25,MIA 2023-24 → PHI 2024-25,Spot-up / off-ball,PnR ball-handler / hub,SPOT_UP,PNR,535,256,0.072,0.035,0.006,0.002,-0.012,-0.01,Peripheral / replaceable wiring,Peripheral / replaceable wiring,-0.156,-0.214,0.058,YES,MIA,0.2477592824621858,0.1272895820898721,0.214,0.28985696605253164,0.5329107021402276,34.6,10,-0.28985696605253164,True,True,additive
B. Brown,1628971,1628971_IND23_TOR23,0,F,Forward,IND,2023-24,TOR,2023-24,IND 2023-24 → TOR 2023-24,PnR ball-handler / hub,PnR ball-handler / hub,PNR,PNR,352,304,0.045,0.04,0.004,0.001,-0.009,-0.012,Peripheral / replaceable wiring,Peripheral / replaceable wiring,0.43,0.375,0.056,YES,IND,0.21341251247017,0.09805957324425318,-0.375,0.28847655796576055,0.48832250911241565,31.7,10,-0.28847655796576055,False,False,irrelevant
Y. Watanabe,1629139,1629139_BKN22_PHX23,0,F/Wing,G-F,BKN,2022-23,PHX,2023-24,BKN 2022-23 → PHX 2023-24,Spot-up / off-ball,Spot-up / off-ball,SPOT_UP,SPOT_UP,236,86,0.032,0.011,0.005,0.003,-0.007,-0.008,Peripheral / replaceable wiring,Peripheral / replaceable wiring,0.638,0.582,0.056,YES,BKN,0.21341251247017,0.08877038024908623,-0.582,0.5376584276992737,0.7482304633914162,33.5,10,-0.5376584276992737,False,False,irrelevant
R. Jackson,202704,202704_DEN23_PHI24,0,G,G,DEN,2023-24,PHI,2024-25,DEN 2023-24 → PHI 2024-25,Driving creator,Spot-up / off-ball,DRIVE,SPOT_UP,796,134,0.106,0.018,0.028,0.004,0.001,-0.007,Peripheral / replaceable wiring,Peripheral / replaceable wiring,-0.065,-0.119,0.054,YES,DEN,-0.07110328813467896,0.1424548304999321,0.119,0.08981741938061427,0.17798881572261213,37.7,10,-0.08981741938061427,True,True,additive
R. O'Neale,1626220,1626220_BKN23_PHX23,0,F,Forward,BKN,2023-24,PHX,2023-24,BKN 2023-24 → PHX 2023-24,Spot-up / off-ball,Spot-up / off-ball,SPOT_UP,SPOT_UP,326,212,0.043,0.028,0.002,0.002,-0.011,-0.009,Peripheral / replaceable wiring,Peripheral / replaceable wiring,0.535,0.482,0.054,YES,BKN,0.5952783121852973,0.1381929662691424,-0.482,0.6211503466893262,0.8894738414174177,33.5,10,-0.6211503466893262,True,False,redundant
J. Holiday,203200,203200_DAL22_DEN23,0,F/Wing,F-G,DAL,2022-23,DEN,2023-24,DAL 2022-23 → DEN 2023-24,Spot-up / off-ball,Spot-up / off-ball,SPOT_UP,SPOT_UP,80,180,0.011,0.024,0.004,0.017,-0.007,0.006,Peripheral / replaceable wiring,Peripheral / replaceable wiring,0.015,-0.038,0.053,YES,DAL,0.21341251247017,0.07509684094055813,0.038,0.003132135274958815,0.24843835932021174,34.6,10,-0.003132135274958815,False,True,missed-need
K. Edwards,1630556,1630556_SAC23_DAL24,0,F/Wing,F,SAC,2023-24,DAL,2024-25,SAC 2023-24 → DAL 2024-25,Spot-up / off-ball,Spot-up / off-ball,SPOT_UP,SPOT_UP,69,125,0.009,0.017,0.003,0.002,-0.008,-0.009,Peripheral / replaceable wiring,Peripheral / replaceable wiring,0.114,0.062,0.052,YES,SAC,0.10756873909418209,0.05807784670938178,-0.062,-0.3107322371722029,0.1407360084096468,32.2,10,0.3107322371722029,False,False,irrelevant
P. Mills,201988,201988_ATL23_MIA23,0,G,Guard,ATL,2023-24,MIA,2023-24,ATL 2023-24 → MIA 2023-24,Spot-up / off-ball,Spot-up / off-ball,SPOT_UP,SPOT_UP,52,83,0.007,0.011,0.003,0.001,-0.008,-0.01,Peripheral / replaceable wiring,Peripheral / replaceable wiring,-0.117,-0.165,0.047,YES,ATL,0.21341251247017,0.07198501079158055,0.165,-0.17829878823792833,0.25598185088323455,33.4,10,0.17829878823792833,False,True,missed-need
J. Vanderbilt,1629020,1629020_UTA22_LAL22,0,F,Forward,UTA,2022-23,LAL,2022-23,UTA 2022-23 → LAL 2022-23,Cutter / connector,Cutter / connector,CUT,CUT,312,138,0.04,0.018,0.005,0.002,-0.007,-0.009,Peripheral / replaceable wiring,Peripheral / replaceable wiring,-0.664,-0.703,0.038,YES,UTA,0.21341251247017,0.10000901981967059,0.703,-0.5399534913400897,-0.24622023030685042,35.5,10,0.5399534913400897,False,True,missed-need
K. Towns,1626157,1626157_MIN23_NYK24,0,F/C,C-F,MIN,2023-24,NYK,2024-25,MIN 2023-24 → NYK 2024-25,Driving creator,PnR ball-handler / hub,DRIVE,PNR,1105,1224,0.149,0.17,0.008,0.009,-0.037,-0.048,Peripheral / replaceable wiring,"High-usage, low structural influence",0.018,-0.017,0.035,YES,MIN,0.5832747567045434,0.23367442198336769,0.017,-0.09360825318523895,0.07065370574701196,37.6,9,0.09360825318523895,True,True,additive
K. Martin,1630231,1630231_PHI24_UTA24,0,F,Forward,PHI,2024-25,UTA,2024-25,PHI 2024-25 → UTA 2024-25,Transition initiator,Spot-up / off-ball,TRANSITION,SPOT_UP,105,107,0.014,0.015,0.004,0.013,-0.007,0.002,Peripheral / replaceable wiring,Peripheral / replaceable wiring,-0.6,-0.633,0.033,YES,PHI,-0.2171063097113712,0.03236449880171732,0.633,0.06769393355619006,0.25230979449360663,31.5,10,-0.06769393355619006,False,True,missed-need
D. Mitchell,1630558,1630558_TOR24_MIA24,0,G,Guard,TOR,2024-25,MIA,2024-25,TOR 2024-25 → MIA 2024-25,Driving creator,Driving creator,DRIVE,DRIVE,274,250,0.037,0.034,0.008,0.006,-0.004,-0.006,Peripheral / replaceable wiring,Peripheral / replaceable wiring,-0.072,-0.102,0.029,YES,TOR,0.21341251247017,0.09937209746498711,0.102,-0.08279702603404786,0.266178277757654,35.4,10,0.08279702603404786,False,True,missed-need
D. Banton,1630625,1630625_BOS23_POR23,0,F,Forward,BOS,2023-24,POR,2023-24,BOS 2023-24 → POR 2023-24,Driving creator,Driving creator,DRIVE,DRIVE,50,446,0.007,0.061,0.001,0.013,-0.01,-0.003,Peripheral / replaceable wiring,Peripheral / replaceable wiring,-0.279,-0.306,0.026,YES,BOS,0.21341251247017,0.07073074478755487,0.306,-0.2863930854461161,-0.14088923245190677,34.4,10,0.2863930854461161,False,True,missed-need
M. Beasley,1627736,1627736_LAL22_MIL23,0,G,G,LAL,2022-23,MIL,2023-24,LAL 2022-23 → MIL 2023-24,Spot-up / off-ball,Spot-up / off-ball,SPOT_UP,SPOT_UP,270,692,0.034,0.089,0.005,0.013,-0.007,-0.008,Peripheral / replaceable wiring,Peripheral / replaceable wiring,0.654,0.628,0.026,YES,LAL,0.21341251247017,0.09024309089851057,-0.628,0.4889139301118595,0.685508790277909,30.5,10,-0.4889139301118595,False,False,irrelevant
C. Payne,1626166,1626166_PHX22_MIL23,0,G,G,PHX,2022-23,MIL,2023-24,PHX 2022-23 → MIL 2023-24,Driving creator,Spot-up / off-ball,DRIVE,SPOT_UP,456,254,0.06,0.033,0.013,0.003,-0.003,-0.008,Peripheral / replaceable wiring,Peripheral / replaceable wiring,-0.203,-0.228,0.025,YES,PHX,0.21341251247017,0.12302953689207519,0.228,-0.1867763199395264,0.13750197263670264,35.3,10,0.1867763199395264,True,True,additive
J. Valančiūnas,202685,202685_WAS24_SAC24,0,C,Center,WAS,2024-25,SAC,2024-25,WAS 2024-25 → SAC 2024-25,Post hub,Post hub,POST_UP,POST_UP,380,173,0.052,0.024,0.131,0.005,0.117,-0.007,Hidden structural hub,Peripheral / replaceable wiring,0.134,0.11,0.024,YES,WAS,0.21341251247017,0.2783471662474575,-0.11,0.04126421165240849,0.6451402916846477,35.9,10,-0.04126421165240849,True,False,redundant
K. Bates-Diop,1628966,1628966_SAS22_PHX23,0,F/Wing,F,SAS,2022-23,PHX,2023-24,SAS 2022-23 → PHX 2023-24,Driving creator,Spot-up / off-ball,DRIVE,SPOT_UP,483,146,0.061,0.019,0.004,0.004,-0.012,-0.007,Peripheral / replaceable wiring,Peripheral / replaceable wiring,-0.626,-0.645,0.019,YES,SAS,0.21341251247017,0.11409840394294302,0.645,-0.5348613369054083,0.03405527454555459,33.5,10,0.5348613369054083,True,True,additive
D. Finney-Smith,1627827,1627827_DAL22_BKN22,0,F,Forward,DAL,2022-23,BKN,2022-23,DAL 2022-23 → BKN 2022-23,Spot-up / off-ball,Spot-up / off-ball,SPOT_UP,SPOT_UP,294,180,0.04,0.024,0.01,0.005,-0.002,-0.007,Peripheral / replaceable wiring,Peripheral / replaceable wiring,0.709,0.69,0.019,YES,DAL,0.21341251247017,0.10120550206959211,-0.69,0.604887208240417,0.8107391606450314,35.7,10,-0.604887208240417,False,False,irrelevant
T. Warren,203933,203933_BKN22_PHX22,0,F,Forward,BKN,2022-23,PHX,2022-23,BKN 2022-23 → PHX 2022-23,PnR ball-handler / hub,Spot-up / off-ball,PNR,SPOT_UP,206,54,0.028,0.007,0.004,0.008,-0.007,-0.003,Peripheral / replaceable wiring,Peripheral / replaceable wiring,-0.113,-0.131,0.018,YES,BKN,0.21341251247017,0.08797540616438669,0.131,-0.28757783080608,0.8583694861869801,35.6,10,0.28757783080608,False,True,missed-need
A. Wiggins,203952,203952_GSW24_MIA24,0,G,Guard,GSW,2024-25,MIA,2024-25,GSW 2024-25 → MIA 2024-25,Driving creator,Driving creator,DRIVE,DRIVE,607,260,0.083,0.036,0.008,0.005,-0.012,-0.007,Peripheral / replaceable wiring,Peripheral / replaceable wiring,0.114,0.102,0.011,YES,GSW,-0.23694988618441373,0.07418496584023831,-0.102,0.25202850464083404,0.7050802694267208,35.4,10,-0.25202850464083404,False,False,irrelevant
K. Dunn,1627739,1627739_UTA23_LAC24,0,G,G,UTA,2023-24,LAC,2024-25,UTA 2023-24 → LAC 2024-25,Driving creator,Spot-up / off-ball,DRIVE,SPOT_UP,327,441,0.043,0.062,0.005,0.015,-0.007,-0.0,Peripheral / replaceable wiring,Peripheral / replaceable wiring,-0.328,-0.339,0.011,YES,UTA,0.07828959166789008,0.0840293480017032,0.339,-0.17859592484483122,0.5272713802020118,35.3,10,0.17859592484483122,False,True,missed-need
D. Eubanks,1629234,1629234_PHX23_UTA24,0,F/C,F-C,PHX,2023-24,UTA,2024-25,PHX 2023-24 → UTA 2024-25,Cutter / connector,Cutter / connector,CUT,CUT,269,156,0.036,0.021,0.072,0.033,0.06,0.021,Standard role occupant,Peripheral / replaceable wiring,0.681,0.671,0.01,YES,PHX,0.21341251247017,0.16963307567733055,-0.671,0.6177499770447004,0.856881398983556,31.5,10,-0.6177499770447004,True,False,redundant
K. Love,201567,201567_CLE22_MIA22,0,F/C,Forward-Center,CLE,2022-23,MIA,2022-23,CLE 2022-23 → MIA 2022-23,Spot-up / off-ball,Spot-up / off-ball,SPOT_UP,SPOT_UP,282,137,0.038,0.018,0.004,0.001,-0.008,-0.01,Peripheral / replaceable wiring,Peripheral / replaceable wiring,0.088,0.079,0.008,YES,CLE,0.21341251247017,0.09428785724288478,-0.079,0.056047505286468735,0.19919120881459448,31.2,10,-0.056047505286468735,False,False,irrelevant
J. Goodwin,1630692,1630692_PHX23_MEM23,0,G,Guard,PHX,2023-24,MEM,2023-24,PHX 2023-24 → MEM 2023-24,Driving creator,Driving creator,DRIVE,DRIVE,165,162,0.022,0.022,0.002,0.005,-0.009,-0.007,Peripheral / replaceable wiring,Peripheral / replaceable wiring,0.251,0.246,0.005,YES,PHX,0.21341251247017,0.07909586911246402,-0.246,0.23680400945169783,0.7614316403952416,35.3,10,-0.23680400945169783,False,False,irrelevant
M. Beasley,1627736,1627736_UTA22_LAL22,0,G,Guard,UTA,2022-23,LAL,2022-23,UTA 2022-23 → LAL 2022-23,Spot-up / off-ball,Spot-up / off-ball,SPOT_UP,SPOT_UP,661,270,0.085,0.034,0.013,0.005,-0.008,-0.007,Peripheral / replaceable wiring,Peripheral / replaceable wiring,0.732,0.727,0.005,YES,UTA,0.21341251247017,0.136249403557278,-0.727,0.5170506810034328,0.8659658298697531,35.5,10,-0.5170506810034328,True,False,redundant
R. Covington,203496,203496_LAC22_PHI23,0,F/Wing,F,LAC,2022-23,PHI,2023-24,LAC 2022-23 → PHI 2023-24,Spot-up / off-ball,Spot-up / off-ball,SPOT_UP,SPOT_UP,239,86,0.032,0.011,0.003,0.005,-0.009,-0.006,Peripheral / replaceable wiring,Peripheral / replaceable wiring,0.128,0.125,0.003,YES,LAC,0.21341251247017,0.08843576679675383,-0.125,0.11680283947021605,0.2190814076085653,30.2,10,-0.11680283947021605,False,False,irrelevant
M. Muscala,203488,203488_BOS22_WAS23,0,F/C,F-C,BOS,2022-23,WAS,2023-24,BOS 2022-23 → WAS 2023-24,Spot-up / off-ball,Spot-up / off-ball,SPOT_UP,SPOT_UP,87,79,0.011,0.01,0.001,0.008,-0.01,-0.003,Peripheral / replaceable wiring,Peripheral / replaceable wiring,-0.367,-0.369,0.002,YES,BOS,0.21341251247017,0.07404629874646296,0.369,-0.26275718595577113,0.6100900126027787,27.2,10,0.26275718595577113,False,True,missed-need
L. Stevens,1630205,1630205_CLE22_MEM23,0,F/Wing,F,CLE,2022-23,MEM,2023-24,CLE 2022-23 → MEM 2023-24,Spot-up / off-ball,Post hub,SPOT_UP,POST_UP,301,190,0.04,0.025,0.002,0.004,-0.01,-0.007,Peripheral / replaceable wiring,Peripheral / replaceable wiring,0.087,0.086,0.001,YES,CLE,0.21341251247017,0.09315812362907075,-0.086,0.030418612025256076,0.24176196062052063,30.2,10,-0.030418612025256076,False,False,irrelevant
T. Brown Jr.,1628972,1628972_MIN23_DET23,0,F,Guard-Forward,MIN,2023-24,DET,2023-24,MIN 2023-24 → DET 2023-24,Spot-up / off-ball,Spot-up / off-ball,SPOT_UP,SPOT_UP,130,116,0.018,0.015,0.002,0.002,-0.009,-0.009,Peripheral / replaceable wiring,Peripheral / replaceable wiring,0.572,0.574,-0.002,NO,MIN,0.21341251247017,0.07408311128916967,-0.574,0.5084014113443296,0.8529643305212681,30.9,10,-0.5084014113443296,False,False,irrelevant
D. McDermott,203926,203926_IND23_SAC24,0,F/Wing,F,IND,2023-24,SAC,2024-25,IND 2023-24 → SAC 2024-25,Spot-up / off-ball,Spot-up / off-ball,SPOT_UP,SPOT_UP,64,108,0.008,0.015,0.002,0.003,-0.009,-0.008,Peripheral / replaceable wiring,Peripheral / replaceable wiring,0.008,0.014,-0.006,NO,IND,0.21341251247017,0.0703952556860652,-0.014,-0.18034474805354642,0.11408990194722053,35.2,10,0.18034474805354642,False,True,missed-need
J. Nurkić,203994,203994_PHX24_CHA24,0,C,Center,PHX,2024-25,CHA,2024-25,PHX 2024-25 → CHA 2024-25,PnR ball-handler / hub,PnR ball-handler / hub,PNR,PNR,187,199,0.026,0.028,0.007,0.005,-0.005,-0.006,Peripheral / replaceable wiring,Peripheral / replaceable wiring,0.353,0.364,-0.011,NO,PHX,-0.46693387915317536,-0.008173459288854434,-0.364,-0.17864554815075417,0.3804679214639666,34.2,10,0.17864554815075417,False,False,irrelevant
K. Martin,1630231,1630231_HOU22_PHI23,0,F/Wing,F,HOU,2022-23,PHI,2023-24,HOU 2022-23 → PHI 2023-24,Cutter / connector,Transition initiator,CUT,TRANSITION,751,141,0.099,0.019,0.034,0.048,0.01,0.037,Peripheral / replaceable wiring,Standard role occupant,0.131,0.148,-0.018,NO,HOU,0.21341251247017,0.17771892979309384,-0.148,0.11655752526213414,0.4889569918218396,33.8,10,-0.11655752526213414,True,False,redundant
J. Carter,1628975,1628975_MIL22_CHI23,0,G,G,MIL,2022-23,CHI,2023-24,MIL 2022-23 → CHI 2023-24,Pull-up scorer,Spot-up / off-ball,PULL_UP,SPOT_UP,545,359,0.069,0.049,0.04,0.009,0.023,-0.004,Peripheral / replaceable wiring,Peripheral / replaceable wiring,0.034,0.053,-0.019,NO,MIL,0.21341251247017,0.164128168285246,-0.053,0.11004584050353439,0.4207877207573078,36.5,10,-0.11004584050353439,True,False,redundant
K. Anderson,203937,203937_GSW24_MIA24,0,G,Guard,GSW,2024-25,MIA,2024-25,GSW 2024-25 → MIA 2024-25,Driving creator,Driving creator,DRIVE,DRIVE,161,129,0.022,0.018,0.006,0.001,-0.005,-0.01,Peripheral / replaceable wiring,Peripheral / replaceable wiring,-0.079,-0.057,-0.022,NO,GSW,0.21341251247017,0.08612547724306631,0.057,-0.07506971801972818,0.08035029526541373,35.4,10,0.07506971801972818,False,True,missed-need
J. Rhoden,1631197,1631197_DET23_TOR24,0,G,G,DET,2023-24,TOR,2024-25,DET 2023-24 → TOR 2024-25,Spot-up / off-ball,Transition initiator,SPOT_UP,TRANSITION,69,81,0.009,0.011,0.0,0.009,-0.011,-0.002,Peripheral / replaceable wiring,Peripheral / replaceable wiring,-0.03,-0.007,-0.023,NO,DET,0.21341251247017,0.06882066467103447,0.007,0.04387240264862242,0.21090857842112248,29.4,10,-0.04387240264862242,False,True,missed-need
E. Gordon,201569,201569_LAC22_PHX23,0,G,G,LAC,2022-23,PHX,2023-24,LAC 2022-23 → PHX 2023-24,Spot-up / off-ball,Spot-up / off-ball,SPOT_UP,SPOT_UP,198,631,0.026,0.084,0.001,0.015,-0.011,-0.006,Peripheral / replaceable wiring,Peripheral / replaceable wiring,0.684,0.715,-0.03,NO,LAC,0.21341251247017,0.07848962607794585,-0.715,0.5757255100747235,0.7937339445511428,33.5,10,-0.5757255100747235,False,False,irrelevant
C. Johnson,1629661,1629661_PHX22_BKN22,0,F,Forward,PHX,2022-23,BKN,2022-23,PHX 2022-23 → BKN 2022-23,Spot-up / off-ball,Spot-up / off-ball,SPOT_UP,SPOT_UP,175,335,0.023,0.045,0.011,0.005,0.0,-0.008,Peripheral / replaceable wiring,Peripheral / replaceable wiring,0.44,0.473,-0.033,NO,PHX,0.21341251247017,0.09057970109175978,-0.473,0.41279686455994435,0.6126444028074222,35.7,10,-0.41279686455994435,False,False,irrelevant
J. Nowell,1629669,1629669_MEM23_NOP24,0,G,Guard,MEM,2023-24,NOP,2024-25,MEM 2023-24 → NOP 2024-25,Spot-up / off-ball,Post hub,SPOT_UP,POST_UP,54,63,0.007,0.009,0.002,0.004,-0.009,-0.008,Peripheral / replaceable wiring,Peripheral / replaceable wiring,0.135,0.172,-0.036,NO,MEM,0.21341251247017,0.06864224787125836,-0.172,0.24127668101501662,0.570268736759639,35.0,10,-0.24127668101501662,False,False,irrelevant
D. Schröder,203471,203471_TOR23_BKN23,0,G,Guard,TOR,2023-24,BKN,2023-24,TOR 2023-24 → BKN 2023-24,Driving creator,Driving creator,DRIVE,DRIVE,575,397,0.076,0.053,0.004,0.001,-0.015,-0.013,Peripheral / replaceable wiring,Peripheral / replaceable wiring,0.483,0.525,-0.042,NO,TOR,0.21341251247017,0.11976399915942443,-0.525,0.2956861443063195,0.6789998018854444,34.8,10,-0.2956861443063195,True,False,redundant
J. Goodwin,1630692,1630692_WAS22_PHX23,0,G,G,WAS,2022-23,PHX,2023-24,WAS 2022-23 → PHX 2023-24,Driving creator,Driving creator,DRIVE,DRIVE,338,165,0.044,0.022,0.003,0.002,-0.01,-0.009,Peripheral / replaceable wiring,Peripheral / replaceable wiring,0.108,0.153,-0.045,NO,WAS,0.21341251247017,0.09728410667104712,-0.153,0.05468392555777892,0.35568131807900466,37.2,10,-0.05468392555777892,False,False,irrelevant
S. Mykhailiuk,1629004,1629004_BOS23_UTA24,0,F/Wing,G-F,BOS,2023-24,UTA,2024-25,BOS 2023-24 → UTA 2024-25,Spot-up / off-ball,PnR ball-handler / hub,SPOT_UP,PNR,134,286,0.018,0.039,0.002,0.003,-0.009,-0.009,Peripheral / replaceable wiring,Peripheral / replaceable wiring,-0.117,-0.07,-0.046,NO,BOS,0.21341251247017,0.07837110220667938,0.07,0.061831113498707256,0.4518435014875433,31.5,10,-0.061831113498707256,False,True,missed-need
D. Šarić,203967,203967_PHX22_OKC22,0,F/C,Forward-Center,PHX,2022-23,OKC,2022-23,PHX 2022-23 → OKC 2022-23,Spot-up / off-ball,Spot-up / off-ball,SPOT_UP,SPOT_UP,189,110,0.025,0.014,0.001,0.042,-0.01,0.031,Peripheral / replaceable wiring,Standard role occupant,-0.001,0.046,-0.047,NO,PHX,0.21341251247017,0.08139602779403789,-0.046,0.034723261554718436,0.10943217752424418,30.7,10,-0.034723261554718436,False,True,missed-need
A. Burks,202692,202692_DET23_NYK23,0,G,Guard,DET,2023-24,NYK,2023-24,DET 2023-24 → NYK 2023-24,Spot-up / off-ball,Pull-up scorer,SPOT_UP,PULL_UP,423,159,0.056,0.022,0.005,0.002,-0.009,-0.01,Peripheral / replaceable wiring,Peripheral / replaceable wiring,-0.012,0.035,-0.047,NO,DET,0.3098374142116571,0.12143124489611899,-0.035,0.04563544973504397,0.416053861128116,35.4,10,-0.04563544973504397,True,True,additive
D. Melton,1629001,1629001_PHI23_GSW24,0,G,G,PHI,2023-24,GSW,2024-25,PHI 2023-24 → GSW 2024-25,Spot-up / off-ball,Spot-up / off-ball,SPOT_UP,SPOT_UP,363,53,0.048,0.007,0.008,0.003,-0.005,-0.008,Peripheral / replaceable wiring,Peripheral / replaceable wiring,0.023,0.074,-0.051,NO,PHI,0.7340950608271879,0.1758072716333078,-0.074,-0.0303421689518109,0.11836441121967953,32.2,10,0.0303421689518109,True,False,redundant
M. Bridges,1628969,1628969_PHX22_BKN22,0,F,Guard-Forward,PHX,2022-23,BKN,2022-23,PHX 2022-23 → BKN 2022-23,Spot-up / off-ball,PnR ball-handler / hub,SPOT_UP,PNR,820,590,0.107,0.079,0.013,0.01,-0.014,-0.009,Peripheral / replaceable wiring,Peripheral / replaceable wiring,-0.781,-0.729,-0.052,NO,PHX,0.21341251247017,0.1665400340414629,0.729,-0.8323541022833499,-0.3293180367259953,30.4,10,0.8323541022833499,True,True,additive
M. Ryan,1630346,1630346_MIN22_NOP23,0,F/Wing,F,MIN,2022-23,NOP,2023-24,MIN 2022-23 → NOP 2023-24,Spot-up / off-ball,Spot-up / off-ball,SPOT_UP,SPOT_UP,59,110,0.008,0.014,0.016,0.003,0.005,-0.008,Peripheral / replaceable wiring,Peripheral / replaceable wiring,-0.184,-0.13,-0.054,NO,MIN,0.21341251247017,0.09018100312130145,0.13,-0.17360105098963236,0.16869379872143137,32.7,10,0.17360105098963236,False,True,missed-need
G. Hayward,202330,202330_CHA23_OKC23,0,F,Forward,CHA,2023-24,OKC,2023-24,CHA 2023-24 → OKC 2023-24,PnR ball-handler / hub,PnR ball-handler / hub,PNR,PNR,328,119,0.044,0.016,0.004,0.002,-0.009,-0.009,Peripheral / replaceable wiring,Peripheral / replaceable wiring,-0.065,-0.01,-0.054,NO,CHA,-0.302277411002403,0.03524290987102807,0.01,0.062462477739898936,0.39344691568043594,34.0,10,-0.062462477739898936,False,True,missed-need
P. Beverley,201976,201976_PHI23_MIL23,0,G,Guard,PHI,2023-24,MIL,2023-24,PHI 2023-24 → MIL 2023-24,Driving creator,Spot-up / off-ball,DRIVE,SPOT_UP,252,152,0.034,0.02,0.002,0.001,-0.01,-0.01,Peripheral / replaceable wiring,Peripheral / replaceable wiring,0.043,0.101,-0.058,NO,PHI,0.21341251247017,0.08898368579103996,-0.101,0.00931618906621206,0.177887272754309,35.3,10,-0.00931618906621206,False,False,irrelevant
O. Toppin,1630167,1630167_NYK22_IND23,0,F/Wing,F,NYK,2022-23,IND,2023-24,NYK 2022-23 → IND 2023-24,Spot-up / off-ball,Spot-up / off-ball,SPOT_UP,SPOT_UP,415,587,0.055,0.075,0.005,0.023,-0.009,0.005,Peripheral / replaceable wiring,Peripheral / replaceable wiring,0.266,0.324,-0.059,NO,NYK,0.21341251247017,0.1072800467706225,-0.324,0.1492887666283444,0.413925316851024,27.7,10,-0.1492887666283444,True,False,redundant
T. Bryant,1628418,1628418_LAL22_DEN22,0,F/C,Center-Forward,LAL,2022-23,DEN,2022-23,LAL 2022-23 → DEN 2022-23,PnR ball-handler / hub,PnR ball-handler / hub,PNR,PNR,296,67,0.038,0.009,0.003,0.004,-0.009,-0.007,Peripheral / replaceable wiring,Peripheral / replaceable wiring,-0.256,-0.194,-0.062,NO,LAL,0.21341251247017,0.0944350517611709,0.194,-0.07899260635891128,0.30773209990791245,33.7,10,0.07899260635891128,False,True,missed-need
J. Giddey,1630581,1630581_OKC23_CHI24,0,G,G,OKC,2023-24,CHI,2024-25,OKC 2023-24 → CHI 2024-25,Driving creator,Driving creator,DRIVE,DRIVE,904,887,0.119,0.117,0.005,0.011,-0.027,-0.021,Peripheral / replaceable wiring,Peripheral / replaceable wiring,0.169,0.231,-0.062,NO,OKC,0.05333504888424221,0.13339227085016434,-0.231,-0.015335727217671874,0.33203429190307565,33.1,10,0.015335727217671874,True,False,redundant
C. Reddish,1629629,1629629_POR22_LAL23,0,F/Wing,F-G,POR,2022-23,LAL,2023-24,POR 2022-23 → LAL 2023-24,Driving creator,Spot-up / off-ball,DRIVE,SPOT_UP,203,250,0.027,0.032,0.003,0.001,-0.008,-0.01,Peripheral / replaceable wiring,Peripheral / replaceable wiring,-0.234,-0.171,-0.063,NO,POR,0.21341251247017,0.08659096291971871,0.171,-0.18578113822717085,0.34900136634748125,35.5,10,0.18578113822717085,False,True,missed-need
L. Waters III,1630322,1630322_OKC23_GSW24,0,F/Wing,F,OKC,2023-24,GSW,2024-25,OKC 2023-24 → GSW 2024-25,Spot-up / off-ball,Spot-up / off-ball,SPOT_UP,SPOT_UP,99,188,0.013,0.026,0.001,0.002,-0.01,-0.01,Peripheral / replaceable wiring,Peripheral / replaceable wiring,0.031,0.099,-0.068,NO,OKC,0.04526225518795694,0.051090227709066724,-0.099,0.48457723334745545,0.759372507456147,29.2,10,-0.48457723334745545,False,False,irrelevant
J. Ingles,204060,204060_MIL22_ORL23,0,F/Wing,F-G,MIL,2022-23,ORL,2023-24,MIL 2022-23 → ORL 2023-24,Spot-up / off-ball,Spot-up / off-ball,SPOT_UP,SPOT_UP,266,222,0.034,0.03,0.013,0.005,0.001,-0.007,Peripheral / replaceable wiring,Peripheral / replaceable wiring,-0.249,-0.181,-0.068,NO,MIL,0.21341251247017,0.1044197450225382,0.181,-0.23640727522043387,0.33139997711859326,35.0,10,0.23640727522043387,True,True,additive
I. Smith,202397,202397_DEN22_CHA23,0,G,G,DEN,2022-23,CHA,2023-24,DEN 2022-23 → CHA 2023-24,Pull-up scorer,Pull-up scorer,PULL_UP,PULL_UP,131,172,0.017,0.023,0.026,0.004,0.014,-0.007,Peripheral / replaceable wiring,Peripheral / replaceable wiring,-0.17,-0.101,-0.07,NO,DEN,0.21341251247017,0.10950802170623727,0.101,-0.14078425042687706,-0.01844043116436169,37.4,10,0.14078425042687706,True,True,additive
M. Morris Sr.,202694,202694_PHI23_CLE23,0,F,Forward,PHI,2023-24,CLE,2023-24,PHI 2023-24 → CLE 2023-24,Spot-up / off-ball,Spot-up / off-ball,SPOT_UP,SPOT_UP,208,63,0.028,0.009,0.002,0.003,-0.009,-0.008,Peripheral / replaceable wiring,Peripheral / replaceable wiring,-0.026,0.045,-0.071,NO,PHI,0.21341251247017,0.08497452652539099,-0.045,0.06951283157014324,0.351046966477476,35.3,10,-0.06951283157014324,False,True,missed-need
M. Morris,1628420,1628420_MIN23_PHX24,0,G,G,MIN,2023-24,PHX,2024-25,MIN 2023-24 → PHX 2024-25,Spot-up / off-ball,Driving creator,SPOT_UP,DRIVE,118,187,0.016,0.026,0.001,0.01,-0.01,-0.001,Peripheral / replaceable wiring,Peripheral / replaceable wiring,-0.2,-0.127,-0.073,NO,MIN,0.21341251247017,0.0762307980372533,0.127,-0.10959748435438083,0.25191745257258324,37.3,10,0.10959748435438083,False,True,missed-need
T. Bryant,1628418,1628418_DEN22_MIA23,0,F/C,C-F,DEN,2022-23,MIA,2023-24,DEN 2022-23 → MIA 2023-24,PnR ball-handler / hub,PnR ball-handler / hub,PNR,PNR,67,144,0.009,0.019,0.004,0.004,-0.007,-0.007,Peripheral / replaceable wiring,Peripheral / replaceable wiring,-0.058,0.023,-0.081,NO,DEN,0.21341251247017,0.07421498139983307,-0.023,-0.07445619891492894,0.34834311472387613,34.0,10,0.07445619891492894,False,True,missed-need
W. Matthews,202083,202083_MIL22_ATL23,0,G,G,MIL,2022-23,ATL,2023-24,MIL 2022-23 → ATL 2023-24,Spot-up / off-ball,Spot-up / off-ball,SPOT_UP,SPOT_UP,162,97,0.021,0.012,0.009,0.003,-0.002,-0.009,Peripheral / replaceable wiring,Peripheral / replaceable wiring,-0.342,-0.252,-0.09,NO,MIL,0.21341251247017,0.09075638826151727,0.252,-0.2370632385230508,0.15248172380955008,35.7,10,0.2370632385230508,False,True,missed-need
M. Brown,1629650,1629650_LAC22_POR23,0,C,C,LAC,2022-23,POR,2023-24,LAC 2022-23 → POR 2023-24,PnR ball-handler / hub,PnR ball-handler / hub,PNR,PNR,56,50,0.007,0.007,0.01,0.002,-0.001,-0.009,Peripheral / replaceable wiring,Peripheral / replaceable wiring,-0.103,-0.013,-0.091,NO,LAC,0.21341251247017,0.08096666059742098,0.013,-0.08869443900895042,0.45939056182517607,33.9,10,0.08869443900895042,False,True,missed-need
A. Burks,202692,202692_NYK23_MIA24,0,G,G,NYK,2023-24,MIA,2024-25,NYK 2023-24 → MIA 2024-25,Pull-up scorer,Spot-up / off-ball,PULL_UP,SPOT_UP,159,267,0.022,0.037,0.002,0.005,-0.01,-0.007,Peripheral / replaceable wiring,Peripheral / replaceable wiring,-0.249,-0.156,-0.094,NO,NYK,0.21341251247017,0.08193448818118715,0.156,-0.24040665334850228,0.13664362816139558,35.4,10,0.24040665334850228,False,True,missed-need
T. Jones,1630200,1630200_SAS24_CHI24,0,F,Forward,SAS,2024-25,CHI,2024-25,SAS 2024-25 → CHI 2024-25,Driving creator,Driving creator,DRIVE,DRIVE,88,142,0.012,0.019,0.003,0.007,-0.008,-0.004,Peripheral / replaceable wiring,Peripheral / replaceable wiring,-0.029,0.066,-0.095,NO,SAS,0.1843658477864679,0.07111511490517496,-0.066,0.08190490645473841,0.3998633429944245,33.1,10,-0.08190490645473841,False,False,irrelevant
J. LaRavia,1631222,1631222_MEM24_SAC24,0,F,Forward,MEM,2024-25,SAC,2024-25,MEM 2024-25 → SAC 2024-25,PnR ball-handler / hub,Spot-up / off-ball,PNR,SPOT_UP,253,98,0.033,0.013,0.007,0.001,-0.005,-0.01,Peripheral / replaceable wiring,Peripheral / replaceable wiring,-0.324,-0.228,-0.096,NO,MEM,-0.1707668950465087,0.05051263057894734,0.228,-0.08093326415429303,0.3785503533148536,35.2,10,0.08093326415429303,False,True,missed-need
R. Bullock Jr.,203493,203493_DAL22_HOU23,0,F/Wing,G-F,DAL,2022-23,HOU,2023-24,DAL 2022-23 → HOU 2023-24,Spot-up / off-ball,Spot-up / off-ball,SPOT_UP,SPOT_UP,468,80,0.063,0.01,0.005,0.002,-0.011,-0.009,Peripheral / replaceable wiring,Peripheral / replaceable wiring,-0.166,-0.063,-0.103,NO,DAL,0.21341251247017,0.11490070476978861,0.063,-0.019907011090151,0.31363098742517403,36.8,10,0.019907011090151,True,True,additive
T. Mann,1629611,1629611_LAC24_ATL24,0,F,Guard-Forward,LAC,2024-25,ATL,2024-25,LAC 2024-25 → ATL 2024-25,Spot-up / off-ball,Transition initiator,SPOT_UP,TRANSITION,182,184,0.026,0.024,0.004,0.006,-0.007,-0.006,Peripheral / replaceable wiring,Peripheral / replaceable wiring,-0.136,-0.032,-0.104,NO,LAC,0.11778261557996585,0.07453900059419485,0.032,0.1550642814650666,0.43668562967498564,35.7,10,-0.1550642814650666,False,True,missed-need
J. Randle,203944,203944_NYK23_MIN24,0,F/C,F-C,NYK,2023-24,MIN,2024-25,NYK 2023-24 → MIN 2024-25,Driving creator,PnR ball-handler / hub,DRIVE,PNR,875,993,0.12,0.136,0.008,0.01,-0.024,-0.029,Peripheral / replaceable wiring,Peripheral / replaceable wiring,-0.128,-0.023,-0.105,NO,NYK,0.2206893513450186,0.16446346196349715,0.023,-0.1696318161227259,0.02051665750540486,36.3,10,0.1696318161227259,True,True,additive
K. Caldwell-Pope,203484,203484_DEN23_ORL24,0,G,G,DEN,2023-24,ORL,2024-25,DEN 2023-24 → ORL 2024-25,PnR ball-handler / hub,PnR ball-handler / hub,PNR,PNR,677,578,0.09,0.08,0.078,0.021,0.056,0.001,Standard role occupant,Peripheral / replaceable wiring,-0.082,0.025,-0.107,NO,DEN,0.8729464969267496,0.32724917004165477,-0.025,0.03777482802660429,0.10236227611229115,34.4,10,-0.03777482802660429,True,True,additive
T. Evbuomwan,1641787,1641787_DET23_BKN24,0,F/Wing,F,DET,2023-24,BKN,2024-25,DET 2023-24 → BKN 2024-25,Spot-up / off-ball,Driving creator,SPOT_UP,DRIVE,64,238,0.008,0.033,0.001,0.008,-0.011,-0.004,Peripheral / replaceable wiring,Peripheral / replaceable wiring,0.181,0.288,-0.107,NO,DET,0.21341251247017,0.06771399013611276,-0.288,0.27073371920493366,0.505779471652709,31.6,10,-0.27073371920493366,False,False,irrelevant
B. Brown,1628971,1628971_DEN22_IND23,0,F/Wing,G-F,DEN,2022-23,IND,2023-24,DEN 2022-23 → IND 2023-24,Spot-up / off-ball,PnR ball-handler / hub,SPOT_UP,PNR,785,352,0.105,0.045,0.032,0.004,0.006,-0.009,Peripheral / replaceable wiring,Peripheral / replaceable wiring,-0.097,0.023,-0.119,NO,DEN,0.21341251247017,0.18206321654453114,-0.023,0.061961963383822094,0.1653685368304943,33.2,10,-0.061961963383822094,True,True,additive
T. Jones,1626145,1626145_WAS23_PHX24,0,G,G,WAS,2023-24,PHX,2024-25,WAS 2023-24 → PHX 2024-25,Driving creator,Spot-up / off-ball,DRIVE,SPOT_UP,681,645,0.086,0.091,0.117,0.003,0.096,-0.019,Standard role occupant,Peripheral / replaceable wiring,-0.281,-0.161,-0.119,NO,WAS,0.21341251247017,0.30591952690188695,0.161,-0.13264129076235906,0.09400706004458914,37.3,10,0.13264129076235906,True,True,additive
N. Alexander-Walker,1629638,1629638_UTA22_MIN22,0,G,Guard,UTA,2022-23,MIN,2022-23,UTA 2022-23 → MIN 2022-23,Spot-up / off-ball,Spot-up / off-ball,SPOT_UP,SPOT_UP,198,131,0.025,0.017,0.001,0.004,-0.011,-0.008,Peripheral / replaceable wiring,Peripheral / replaceable wiring,0.076,0.203,-0.128,NO,UTA,0.21341251247017,0.08097997987621272,-0.203,0.08532694242494347,0.6768446422350182,33.0,10,-0.08532694242494347,False,False,irrelevant
O. Agbaji,1630534,1630534_UTA23_TOR23,0,G,Guard,UTA,2023-24,TOR,2023-24,UTA 2023-24 → TOR 2023-24,Spot-up / off-ball,Spot-up / off-ball,SPOT_UP,SPOT_UP,245,186,0.032,0.025,0.001,0.008,-0.011,-0.003,Peripheral / replaceable wiring,Peripheral / replaceable wiring,-0.001,0.143,-0.144,NO,UTA,-0.6842667512528888,-0.02918321299072231,-0.143,0.3350244052247819,0.5118448474686464,28.1,10,-0.3350244052247819,False,False,irrelevant
Q. Grimes,1629656,1629656_DAL24_PHI24,0,G,Guard,DAL,2024-25,PHI,2024-25,DAL 2024-25 → PHI 2024-25,Spot-up / off-ball,PnR ball-handler / hub,SPOT_UP,PNR,364,459,0.05,0.063,0.006,0.005,-0.008,-0.011,Peripheral / replaceable wiring,Peripheral / replaceable wiring,0.353,0.498,-0.145,NO,DAL,0.21341251247017,0.10463895584535388,-0.498,0.4056893254697388,0.6742222850448656,34.6,10,-0.4056893254697388,True,False,redundant
T. Brown Jr.,1628972,1628972_LAL22_MIN23,0,F/Wing,G-F,LAL,2022-23,MIN,2023-24,LAL 2022-23 → MIN 2023-24,Spot-up / off-ball,Spot-up / off-ball,SPOT_UP,SPOT_UP,464,130,0.059,0.018,0.009,0.002,-0.006,-0.009,Peripheral / replaceable wiring,Peripheral / replaceable wiring,0.182,0.33,-0.148,NO,LAL,0.21341251247017,0.11571258497875846,-0.33,0.3415515985600836,0.807569919679759,35.1,10,-0.3415515985600836,True,False,redundant
B. Bol,1629626,1629626_ORL22_PHX23,0,F/C,C-F,ORL,2022-23,PHX,2023-24,ORL 2022-23 → PHX 2023-24,PnR ball-handler / hub,Spot-up / off-ball,PNR,SPOT_UP,482,139,0.064,0.019,0.01,0.001,-0.006,-0.01,Peripheral / replaceable wiring,Peripheral / replaceable wiring,-0.147,0.004,-0.151,NO,ORL,0.21341251247017,0.12194505376902129,-0.004,-0.1240061731883267,0.24310845868504652,37.2,10,0.1240061731883267,True,True,additive
J. Nowell,1629669,1629669_MIN22_MEM23,0,G,G,MIN,2022-23,MEM,2023-24,MIN 2022-23 → MEM 2023-24,Driving creator,Spot-up / off-ball,DRIVE,SPOT_UP,643,54,0.082,0.007,0.023,0.002,0.003,-0.009,Peripheral / replaceable wiring,Peripheral / replaceable wiring,-0.175,-0.021,-0.154,NO,MIN,0.21341251247017,0.1526261948624585,0.021,0.08178822910591578,0.27040345506223357,34.4,10,-0.08178822910591578,True,True,additive
A. Holiday,1628988,1628988_ATL22_HOU23,0,G,G,ATL,2022-23,HOU,2023-24,ATL 2022-23 → HOU 2023-24,Driving creator,Driving creator,DRIVE,DRIVE,222,390,0.028,0.05,0.001,0.005,-0.011,-0.009,Peripheral / replaceable wiring,Peripheral / replaceable wiring,-0.082,0.074,-0.156,NO,ATL,0.21341251247017,0.08397213595599524,-0.074,0.008348812419069335,0.46500550641711424,36.8,10,-0.008348812419069335,False,False,irrelevant
C. Gillespie,1631221,1631221_DEN23_PHX24,0,G,G,DEN,2023-24,PHX,2024-25,DEN 2023-24 → PHX 2024-25,Spot-up / off-ball,Spot-up / off-ball,SPOT_UP,SPOT_UP,74,135,0.01,0.019,0.009,0.012,-0.003,0.001,Peripheral / replaceable wiring,Peripheral / replaceable wiring,-0.645,-0.485,-0.16,NO,DEN,0.21341251247017,0.08574784572037053,0.485,-0.5014775429982821,0.016544341130595795,32.1,10,0.5014775429982821,False,True,missed-need
D. Šarić,203967,203967_OKC22_GSW23,0,F/C,F-C,OKC,2022-23,GSW,2023-24,OKC 2022-23 → GSW 2023-24,Spot-up / off-ball,Spot-up / off-ball,SPOT_UP,SPOT_UP,110,405,0.014,0.053,0.042,0.003,0.031,-0.012,Standard role occupant,Peripheral / replaceable wiring,-0.25,-0.09,-0.16,NO,OKC,0.21341251247017,0.13044044070241484,0.09,-0.18132992263009165,0.2510787364213337,32.7,10,0.18132992263009165,True,True,additive
P. Beverley,201976,201976_LAL22_CHI22,0,G,Guard,LAL,2022-23,CHI,2022-23,LAL 2022-23 → CHI 2022-23,Spot-up / off-ball,Spot-up / off-ball,SPOT_UP,SPOT_UP,268,134,0.034,0.018,0.003,0.004,-0.009,-0.007,Peripheral / replaceable wiring,Peripheral / replaceable wiring,0.035,0.197,-0.162,NO,LAL,0.21341251247017,0.09031166708580753,-0.197,0.16756157220339005,0.5762812738808413,35.9,10,-0.16756157220339005,False,False,irrelevant
E. Fournier,203095,203095_NYK22_DET23,0,F/Wing,G-F,NYK,2022-23,DET,2023-24,NYK 2022-23 → DET 2023-24,Spot-up / off-ball,Spot-up / off-ball,SPOT_UP,SPOT_UP,168,211,0.022,0.028,0.012,0.002,0.001,-0.01,Peripheral / replaceable wiring,Peripheral / replaceable wiring,-0.531,-0.369,-0.162,NO,NYK,0.21341251247017,0.09635386713501481,0.369,-0.33758996443933087,0.09362300662473272,25.1,10,0.33758996443933087,False,True,missed-need
M. Christie,1631108,1631108_LAL24_DAL24,0,G,Guard,LAL,2024-25,DAL,2024-25,LAL 2024-25 → DAL 2024-25,Spot-up / off-ball,Spot-up / off-ball,SPOT_UP,SPOT_UP,329,312,0.046,0.043,0.002,0.002,-0.011,-0.011,Peripheral / replaceable wiring,Peripheral / replaceable wiring,-0.186,-0.023,-0.163,NO,LAL,0.1705985961360498,0.09320630212281728,0.023,0.41413766190978846,0.6861055641780464,36.1,10,-0.41413766190978846,False,True,missed-need
K. Knox II,1628995,1628995_POR22_DET23,0,F/Wing,F,POR,2022-23,DET,2023-24,POR 2022-23 → DET 2023-24,Spot-up / off-ball,Spot-up / off-ball,SPOT_UP,SPOT_UP,154,190,0.02,0.025,0.002,0.001,-0.009,-0.01,Peripheral / replaceable wiring,Peripheral / replaceable wiring,-0.211,-0.044,-0.167,NO,POR,0.21341251247017,0.08033494479811928,0.044,-0.10775423466080196,0.11029366851780643,30.9,10,0.10775423466080196,False,True,missed-need
D. Rose,201565,201565_NYK22_MEM23,0,G,G,NYK,2022-23,MEM,2023-24,NYK 2022-23 → MEM 2023-24,Driving creator,Driving creator,DRIVE,DRIVE,167,184,0.022,0.024,0.005,0.003,-0.006,-0.008,Peripheral / replaceable wiring,Peripheral / replaceable wiring,-0.581,-0.412,-0.169,NO,NYK,0.21341251247017,0.08759387351727621,0.412,-0.44292556884067286,0.3839736049468374,35.3,10,0.44292556884067286,False,True,missed-need
B. Beal,203078,203078_WAS22_PHX23,0,G,G,WAS,2022-23,PHX,2023-24,WAS 2022-23 → PHX 2023-24,Driving creator,Driving creator,DRIVE,DRIVE,990,783,0.129,0.104,0.012,0.007,-0.024,-0.02,Peripheral / replaceable wiring,Peripheral / replaceable wiring,-0.201,-0.031,-0.17,NO,WAS,0.21341251247017,0.17765382552013637,0.031,0.0333205832572559,0.25876503212999175,37.2,10,-0.0333205832572559,True,True,additive
M. Morris,1628420,1628420_WAS22_MIN23,0,G,G,WAS,2022-23,MIN,2023-24,WAS 2022-23 → MIN 2023-24,Driving creator,Spot-up / off-ball,DRIVE,SPOT_UP,533,118,0.07,0.016,0.009,0.001,-0.008,-0.01,Peripheral / replaceable wiring,Peripheral / replaceable wiring,0.155,0.326,-0.171,NO,WAS,0.21341251247017,0.12380315272618339,-0.326,0.4315184629472703,0.6513879688478644,35.1,10,-0.4315184629472703,True,False,redundant
A. Drummond,203083,203083_CHI23_PHI24,0,C,C,CHI,2023-24,PHI,2024-25,CHI 2023-24 → PHI 2024-25,PnR ball-handler / hub,PnR ball-handler / hub,PNR,PNR,331,193,0.045,0.026,0.128,0.01,0.115,-0.002,Hidden structural hub,Peripheral / replaceable wiring,-0.357,-0.186,-0.172,NO,CHI,0.8841676813887145,0.4070293630870703,0.186,-0.37231145744384186,0.8912670018544528,34.6,10,0.37231145744384186,True,True,additive
A. Pokusevski,1630197,1630197_OKC22_CHA23,0,F/Wing,F,OKC,2022-23,CHA,2023-24,OKC 2022-23 → CHA 2023-24,Spot-up / off-ball,Spot-up / off-ball,SPOT_UP,SPOT_UP,237,121,0.03,0.016,0.007,0.008,-0.004,-0.003,Peripheral / replaceable wiring,Peripheral / replaceable wiring,0.153,0.329,-0.176,NO,OKC,0.21341251247017,0.09205313843906758,-0.329,0.3294522162004837,0.6820239567070585,37.4,10,-0.3294522162004837,False,False,irrelevant
O. Anunoby,1628384,1628384_TOR23_NYK23,0,F,Forward-Guard,TOR,2023-24,NYK,2023-24,TOR 2023-24 → NYK 2023-24,Spot-up / off-ball,Spot-up / off-ball,SPOT_UP,SPOT_UP,341,265,0.045,0.036,0.006,0.001,-0.008,-0.011,Peripheral / replaceable wiring,Peripheral / replaceable wiring,0.198,0.384,-0.186,NO,TOR,0.5509883708078015,0.14410464022883895,-0.384,-0.007113246609600272,0.6080759762921991,35.4,10,0.007113246609600272,True,False,redundant
R. Jackson,202704,202704_LAC22_DEN22,0,G,Guard,LAC,2022-23,DEN,2022-23,LAC 2022-23 → DEN 2022-23,Driving creator,Spot-up / off-ball,DRIVE,SPOT_UP,545,126,0.072,0.017,0.002,0.005,-0.016,-0.007,Peripheral / replaceable wiring,Peripheral / replaceable wiring,-0.123,0.077,-0.2,NO,LAC,0.21341251247017,0.1176823047345191,-0.077,-0.01964408473543832,0.32717271021332056,32.8,10,0.01964408473543832,True,False,redundant
C. Duarte,1630537,1630537_IND22_SAC23,0,G,G,IND,2022-23,SAC,2023-24,IND 2022-23 → SAC 2023-24,Spot-up / off-ball,Spot-up / off-ball,SPOT_UP,SPOT_UP,340,192,0.043,0.025,0.007,0.004,-0.006,-0.007,Peripheral / replaceable wiring,Peripheral / replaceable wiring,-0.479,-0.271,-0.208,NO,IND,0.21341251247017,0.10392259489926181,0.271,-0.13616418817848602,0.2753382343735798,35.9,10,0.13616418817848602,True,True,additive
M. Bamba,1628964,1628964_ORL22_PHI23,0,C,Center,ORL,2022-23,PHI,2023-24,ORL 2022-23 → PHI 2023-24,Spot-up / off-ball,Spot-up / off-ball,SPOT_UP,SPOT_UP,202,163,0.027,0.022,0.007,0.005,-0.005,-0.006,Peripheral / replaceable wiring,Peripheral / replaceable wiring,-0.209,-0.001,-0.208,NO,ORL,0.21341251247017,0.09159179676299142,0.001,-0.01637522002349017,0.11100752878920973,30.2,10,0.01637522002349017,False,True,missed-need
M. Brogdon,1627763,1627763_BOS22_POR23,0,G,G,BOS,2022-23,POR,2023-24,BOS 2022-23 → POR 2023-24,Driving creator,Driving creator,DRIVE,DRIVE,797,508,0.103,0.07,0.011,0.013,-0.015,-0.004,Peripheral / replaceable wiring,Peripheral / replaceable wiring,0.129,0.34,-0.211,NO,BOS,0.21341251247017,0.15070336593153544,-0.34,0.29924176695812393,0.42848188277901744,34.4,10,-0.29924176695812393,True,False,redundant
L. Quinones,1631311,1631311_GSW23_NOP24,0,G,G,GSW,2023-24,NOP,2024-25,GSW 2023-24 → NOP 2024-25,Spot-up / off-ball,Driving creator,SPOT_UP,DRIVE,130,60,0.017,0.008,0.002,0.005,-0.009,-0.006,Peripheral / replaceable wiring,Peripheral / replaceable wiring,-0.37,-0.157,-0.213,NO,GSW,0.21341251247017,0.07928176662809089,0.157,-0.200253161064526,0.26254119264324716,35.0,10,0.200253161064526,False,True,missed-need
T. Rozier,1626179,1626179_CHA23_MIA23,0,G,Guard,CHA,2023-24,MIA,2023-24,CHA 2023-24 → MIA 2023-24,Driving creator,Driving creator,DRIVE,DRIVE,567,450,0.077,0.06,0.004,0.005,-0.015,-0.011,Peripheral / replaceable wiring,Peripheral / replaceable wiring,-0.067,0.146,-0.214,NO,CHA,0.22244299419008295,0.12483834986871942,-0.146,0.08624229657726104,0.3328925547012464,34.0,10,-0.08624229657726104,True,False,redundant
M. Plumlee,203486,203486_LAC23_PHX24,0,F/C,F-C,LAC,2023-24,PHX,2024-25,LAC 2023-24 → PHX 2024-25,Cutter / connector,Cutter / connector,CUT,CUT,174,194,0.024,0.027,0.014,0.033,0.003,0.022,Peripheral / replaceable wiring,Peripheral / replaceable wiring,0.096,0.316,-0.219,NO,LAC,0.8015935021563115,0.17372775849415534,-0.316,0.31254724230712483,0.8892934900695295,37.3,10,-0.31254724230712483,True,False,redundant
J. McDaniels,1629667,1629667_PHI22_TOR23,0,F/C,F-C,PHI,2022-23,TOR,2023-24,PHI 2022-23 → TOR 2023-24,Spot-up / off-ball,Driving creator,SPOT_UP,DRIVE,119,191,0.016,0.025,0.005,0.001,-0.006,-0.01,Peripheral / replaceable wiring,Peripheral / replaceable wiring,-0.363,-0.142,-0.221,NO,PHI,0.21341251247017,0.08240277305142663,0.142,-0.20623075571385133,0.28436288568394913,34.9,10,0.20623075571385133,False,True,missed-need
C. Osman,1626224,1626224_CLE22_SAS23,0,F/Wing,F,CLE,2022-23,SAS,2023-24,CLE 2022-23 → SAS 2023-24,Spot-up / off-ball,Spot-up / off-ball,SPOT_UP,SPOT_UP,551,399,0.074,0.051,0.008,0.005,-0.01,-0.009,Peripheral / replaceable wiring,Peripheral / replaceable wiring,-0.107,0.12,-0.228,NO,CLE,0.21341251247017,0.12673748076746005,-0.12,0.04263171363246304,0.3517365089366256,33.1,10,-0.04263171363246304,True,False,redundant
W. Barton,203115,203115_WAS22_TOR22,0,G,Guard,WAS,2022-23,TOR,2022-23,WAS 2022-23 → TOR 2022-23,Spot-up / off-ball,Spot-up / off-ball,SPOT_UP,SPOT_UP,300,74,0.039,0.01,0.002,0.003,-0.01,-0.008,Peripheral / replaceable wiring,Peripheral / replaceable wiring,0.084,0.329,-0.244,NO,WAS,0.21341251247017,0.09244212036608496,-0.329,0.17558511495788443,0.4534513745091172,37.4,10,-0.17558511495788443,False,False,irrelevant
G. Niang,1627777,1627777_PHI22_CLE23,0,F/Wing,F,PHI,2022-23,CLE,2023-24,PHI 2022-23 → CLE 2023-24,Spot-up / off-ball,Spot-up / off-ball,SPOT_UP,SPOT_UP,531,643,0.072,0.089,0.015,0.007,-0.003,-0.015,Peripheral / replaceable wiring,Peripheral / replaceable wiring,0.146,0.393,-0.247,NO,PHI,0.21341251247017,0.13308308257376472,-0.393,0.17794494555005827,0.8660448563317575,35.3,10,-0.17794494555005827,True,False,redundant
M. Bagley III,1628963,1628963_DET23_WAS23,0,F,Forward,DET,2023-24,WAS,2023-24,DET 2023-24 → WAS 2023-24,PnR ball-handler / hub,Driving creator,PNR,DRIVE,169,196,0.022,0.025,0.003,0.002,-0.009,-0.009,Peripheral / replaceable wiring,Peripheral / replaceable wiring,-0.251,0.007,-0.258,NO,DET,-0.4428888015379144,0.005753953861719341,-0.007,-0.03701516941612594,0.4482316702937893,32.6,10,0.03701516941612594,False,True,missed-need
C. Jones,1641732,1641732_SAC23_WAS24,0,G,G,SAC,2023-24,WAS,2024-25,SAC 2023-24 → WAS 2024-25,Driving creator,Driving creator,DRIVE,DRIVE,69,82,0.009,0.011,0.003,0.025,-0.008,0.014,Peripheral / replaceable wiring,Peripheral / replaceable wiring,0.101,0.359,-0.259,NO,SAC,0.21341251247017,0.07169676530558046,-0.359,0.36802554156938916,0.4872828852964154,33.0,10,-0.36802554156938916,False,False,irrelevant
K. Middleton,203114,203114_MIL24_WAS24,0,F,Forward,MIL,2024-25,WAS,2024-25,MIL 2024-25 → WAS 2024-25,PnR ball-handler / hub,Post hub,PNR,POST_UP,227,140,0.03,0.019,0.005,0.033,-0.007,0.021,Peripheral / replaceable wiring,Peripheral / replaceable wiring,-0.416,-0.156,-0.26,NO,MIL,0.15711423065316618,0.084922821227088,0.156,0.17429734549738113,0.334075116553317,30.0,10,-0.17429734549738113,False,True,missed-need
P. Mills,201988,201988_BKN22_ATL23,0,G,G,BKN,2022-23,ATL,2023-24,BKN 2022-23 → ATL 2023-24,Spot-up / off-ball,Spot-up / off-ball,SPOT_UP,SPOT_UP,222,52,0.03,0.007,0.003,0.003,-0.008,-0.008,Peripheral / replaceable wiring,Peripheral / replaceable wiring,0.17,0.433,-0.263,NO,BKN,0.21341251247017,0.08677133980181376,-0.433,0.47268895136601485,0.8326229863516103,35.7,10,-0.47268895136601485,False,False,irrelevant
D. Brooks,1628415,1628415_MEM22_HOU23,0,F/Wing,G-F,MEM,2022-23,HOU,2023-24,MEM 2022-23 → HOU 2023-24,Spot-up / off-ball,Spot-up / off-ball,SPOT_UP,SPOT_UP,1020,813,0.13,0.104,0.012,0.014,-0.025,-0.012,Peripheral / replaceable wiring,Peripheral / replaceable wiring,-0.286,-0.017,-0.269,NO,MEM,0.21341251247017,0.1801800660979006,0.017,0.10399631644748454,0.5325394241699537,36.8,10,-0.10399631644748454,True,True,additive
J. Goodwin,1630692,1630692_MEM23_LAL24,0,G,G,MEM,2023-24,LAL,2024-25,MEM 2023-24 → LAL 2024-25,Driving creator,Spot-up / off-ball,DRIVE,SPOT_UP,162,119,0.022,0.017,0.005,0.001,-0.007,-0.01,Peripheral / replaceable wiring,Peripheral / replaceable wiring,-0.11,0.162,-0.272,NO,MEM,0.21341251247017,0.08500470010499396,-0.162,0.027510501827102737,0.3699460222208072,35.4,10,-0.027510501827102737,False,False,irrelevant
O. Brissett,1629052,1629052_IND22_BOS23,0,F/Wing,F-G,IND,2022-23,BOS,2023-24,IND 2022-23 → BOS 2023-24,Spot-up / off-ball,Driving creator,SPOT_UP,DRIVE,362,157,0.046,0.021,0.007,0.004,-0.006,-0.008,Peripheral / replaceable wiring,Peripheral / replaceable wiring,-0.406,-0.131,-0.275,NO,IND,0.21341251247017,0.10580308082142176,0.131,-0.28776014212795026,0.45462706747752657,35.7,10,0.28776014212795026,True,True,additive
B. Brown,1628971,1628971_TOR24_NOP24,0,F,Forward,TOR,2024-25,NOP,2024-25,TOR 2024-25 → NOP 2024-25,Driving creator,Driving creator,DRIVE,DRIVE,135,195,0.018,0.026,0.004,0.009,-0.008,-0.003,Peripheral / replaceable wiring,Peripheral / replaceable wiring,0.424,0.702,-0.277,NO,TOR,-0.3487236042912264,-0.0012910939546003641,-0.702,-0.13153227512329424,0.21357388556162127,35.0,10,0.13153227512329424,False,False,irrelevant
Z. LaVine,203897,203897_CHI24_SAC24,0,G,Guard,CHI,2024-25,SAC,2024-25,CHI 2024-25 → SAC 2024-25,Pull-up scorer,Driving creator,PULL_UP,DRIVE,761,488,0.1,0.067,0.124,0.003,0.099,-0.013,Hidden structural hub,Peripheral / replaceable wiring,-0.418,-0.14,-0.278,NO,CHI,0.017247769116558603,0.31937229143113216,0.14,0.1904387405868856,0.6924977183551287,35.9,10,-0.1904387405868856,True,True,additive
S. Curry,203552,203552_DAL23_CHA23,0,G,Guard,DAL,2023-24,CHA,2023-24,DAL 2023-24 → CHA 2023-24,Spot-up / off-ball,Spot-up / off-ball,SPOT_UP,SPOT_UP,136,61,0.018,0.008,0.004,0.006,-0.007,-0.005,Peripheral / replaceable wiring,Peripheral / replaceable wiring,0.471,0.75,-0.279,NO,DAL,0.21341251247017,0.07735584006086083,-0.75,0.7148046817309677,0.8371551902198948,32.2,10,-0.7148046817309677,False,False,irrelevant
B. Biyombo,202687,202687_PHX22_MEM23,0,C,C,PHX,2022-23,MEM,2023-24,PHX 2022-23 → MEM 2023-24,Post hub,Post hub,POST_UP,POST_UP,215,122,0.028,0.016,0.048,0.027,0.036,0.016,Standard role occupant,Peripheral / replaceable wiring,-0.546,-0.265,-0.281,NO,PHX,0.21341251247017,0.15173336152014372,0.265,-0.5529699366973152,0.733914172765528,32.2,10,0.5529699366973152,True,True,additive
J. Holiday,203200,203200_ATL22_DAL22,0,G,Guard,ATL,2022-23,DAL,2022-23,ATL 2022-23 → DAL 2022-23,Spot-up / off-ball,Spot-up / off-ball,SPOT_UP,SPOT_UP,119,80,0.015,0.011,0.004,0.004,-0.007,-0.007,Peripheral / replaceable wiring,Peripheral / replaceable wiring,-0.348,-0.063,-0.285,NO,ATL,0.21341251247017,0.08036449710334537,0.063,0.05574430326979953,0.6869878829099323,30.3,10,-0.05574430326979953,False,True,missed-need
M. Thybulle,1629680,1629680_PHI22_POR22,0,F,Guard-Forward,PHI,2022-23,POR,2022-23,PHI 2022-23 → POR 2022-23,Spot-up / off-ball,Spot-up / off-ball,SPOT_UP,SPOT_UP,111,137,0.015,0.018,0.007,0.002,-0.004,-0.009,Peripheral / replaceable wiring,Peripheral / replaceable wiring,-0.632,-0.347,-0.286,NO,PHI,0.21341251247017,0.08606272964667128,0.347,-0.27398230720293815,0.33379724305844194,35.6,10,0.27398230720293815,False,True,missed-need
B. Bogdanović,203992,203992_ATL24_LAC24,0,G,Guard,ATL,2024-25,LAC,2024-25,ATL 2024-25 → LAC 2024-25,Spot-up / off-ball,Spot-up / off-ball,SPOT_UP,SPOT_UP,225,248,0.029,0.035,0.009,0.002,-0.003,-0.01,Peripheral / replaceable wiring,Peripheral / replaceable wiring,-0.203,0.088,-0.29,NO,ATL,-0.007239520269618919,0.06812279480135769,-0.088,0.05964432936141406,0.4065913008184493,32.6,10,-0.05964432936141406,False,False,irrelevant
R. Barrett,1629628,1629628_NYK23_TOR23,0,F,Forward-Guard,NYK,2023-24,TOR,2023-24,NYK 2023-24 → TOR 2023-24,Driving creator,Driving creator,DRIVE,DRIVE,446,559,0.061,0.074,0.002,0.003,-0.013,-0.016,Peripheral / replaceable wiring,Peripheral / replaceable wiring,-0.113,0.196,-0.31,NO,NYK,0.4723964042827716,0.14338202804115685,-0.196,0.017848555987297964,0.34871445103305326,34.9,10,-0.017848555987297964,True,False,redundant
M. Fultz,1628365,1628365_ORL23_SAC24,0,G,G,ORL,2023-24,SAC,2024-25,ORL 2023-24 → SAC 2024-25,Driving creator,PnR ball-handler / hub,DRIVE,PNR,336,68,0.045,0.009,0.004,0.001,-0.009,-0.01,Peripheral / replaceable wiring,Peripheral / replaceable wiring,-0.122,0.188,-0.31,NO,ORL,0.3420262368443935,0.11685070880819326,-0.188,0.011824530538443978,0.22986932418126338,35.9,10,-0.011824530538443978,True,False,redundant
D. Banton,1630625,1630625_TOR22_BOS23,0,F/Wing,F,TOR,2022-23,BOS,2023-24,TOR 2022-23 → BOS 2023-24,Transition initiator,Driving creator,TRANSITION,DRIVE,129,50,0.017,0.007,0.001,0.001,-0.01,-0.01,Peripheral / replaceable wiring,Peripheral / replaceable wiring,-0.316,0.005,-0.322,NO,TOR,0.21341251247017,0.07766712468566594,-0.005,0.0010855373124646166,0.21998146027846857,33.5,10,-0.0010855373124646166,False,True,missed-need
M. Muscala,203488,203488_OKC22_BOS22,0,F/C,Forward-Center,OKC,2022-23,BOS,2022-23,OKC 2022-23 → BOS 2022-23,Spot-up / off-ball,Spot-up / off-ball,SPOT_UP,SPOT_UP,195,87,0.025,0.011,0.015,0.001,0.004,-0.01,Peripheral / replaceable wiring,Peripheral / replaceable wiring,-0.454,-0.132,-0.322,NO,OKC,0.21341251247017,0.10185406632621968,0.132,-0.37266430331675404,0.7196323955585306,36.9,10,0.37266430331675404,False,True,missed-need
D. Smith Jr.,1628372,1628372_CHA22_BKN23,0,G,G,CHA,2022-23,BKN,2023-24,CHA 2022-23 → BKN 2023-24,Driving creator,Driving creator,DRIVE,DRIVE,507,345,0.065,0.046,0.004,0.002,-0.012,-0.011,Peripheral / replaceable wiring,Peripheral / replaceable wiring,-0.116,0.21,-0.326,NO,CHA,0.21341251247017,0.11490793285498323,-0.21,0.10308096527337816,0.6881946781523856,34.8,10,-0.10308096527337816,True,False,redundant
J. Butler III,202710,202710_MIA24_GSW24,0,F,Forward,MIA,2024-25,GSW,2024-25,MIA 2024-25 → GSW 2024-25,Driving creator,Driving creator,DRIVE,DRIVE,317,403,0.043,0.055,0.01,0.004,-0.003,-0.01,Peripheral / replaceable wiring,Peripheral / replaceable wiring,-0.483,-0.156,-0.327,NO,MIA,0.1294840036851014,0.09730930535602567,0.156,0.09985428225529355,0.8192448611266464,32.2,10,-0.09985428225529355,False,True,missed-need
S. Dinwiddie,203915,203915_BKN23_LAL23,0,G,Guard,BKN,2023-24,LAL,2023-24,BKN 2023-24 → LAL 2023-24,Driving creator,Spot-up / off-ball,DRIVE,SPOT_UP,514,143,0.068,0.018,0.002,0.001,-0.015,-0.01,Peripheral / replaceable wiring,Peripheral / replaceable wiring,-0.372,-0.04,-0.332,NO,BKN,0.49666026229852295,0.15443292276943765,0.04,0.33280915854646276,0.7689508638011168,35.5,10,-0.33280915854646276,True,True,additive
L. Shamet,1629013,1629013_WAS23_NYK24,0,G,G,WAS,2023-24,NYK,2024-25,WAS 2023-24 → NYK 2024-25,Spot-up / off-ball,Spot-up / off-ball,SPOT_UP,SPOT_UP,297,224,0.037,0.031,0.05,0.003,0.037,-0.009,Standard role occupant,Peripheral / replaceable wiring,-0.28,0.068,-0.348,NO,WAS,0.21341251247017,0.15766801786115853,-0.068,0.015074722138646472,0.12220389781206023,37.6,9,-0.015074722138646472,True,False,redundant
X. Tillman,1630214,1630214_MEM23_BOS23,0,F,Forward,MEM,2023-24,BOS,2023-24,MEM 2023-24 → BOS 2023-24,Driving creator,Spot-up / off-ball,DRIVE,SPOT_UP,219,64,0.029,0.008,0.007,0.003,-0.005,-0.008,Peripheral / replaceable wiring,Peripheral / replaceable wiring,-0.599,-0.248,-0.351,NO,MEM,-0.12816367053380426,0.05543460756816654,0.248,0.1939225532874453,0.6560075363283048,35.7,10,-0.1939225532874453,False,True,missed-need
L. Walker IV,1629022,1629022_BKN23_PHI24,0,F/Wing,G-F,BKN,2023-24,PHI,2024-25,BKN 2023-24 → PHI 2024-25,Spot-up / off-ball,Spot-up / off-ball,SPOT_UP,SPOT_UP,494,191,0.065,0.026,0.002,0.006,-0.015,-0.006,Peripheral / replaceable wiring,Peripheral / replaceable wiring,-0.328,0.024,-0.353,NO,BKN,0.21341251247017,0.11338813960533661,-0.024,0.02819088912702921,0.39072464198439316,34.6,10,-0.02819088912702921,True,True,additive
T. Prince,1627752,1627752_MIN22_LAL23,0,F/Wing,F,MIN,2022-23,LAL,2023-24,MIN 2022-23 → LAL 2023-24,Spot-up / off-ball,Spot-up / off-ball,SPOT_UP,SPOT_UP,427,619,0.055,0.079,0.008,0.005,-0.006,-0.014,Peripheral / replaceable wiring,Peripheral / replaceable wiring,0.098,0.464,-0.365,NO,MIN,0.21341251247017,0.11181557285254311,-0.464,0.34750938664648484,0.7484274091574372,35.5,10,-0.34750938664648484,True,False,redundant
D. Hunter,1629631,1629631_ATL24_CLE24,0,F,Forward-Guard,ATL,2024-25,CLE,2024-25,ATL 2024-25 → CLE 2024-25,PnR ball-handler / hub,Spot-up / off-ball,PNR,SPOT_UP,534,276,0.07,0.037,0.002,0.005,-0.015,-0.007,Peripheral / replaceable wiring,Peripheral / replaceable wiring,-0.171,0.2,-0.371,NO,ATL,0.0896348813957804,0.1009696653174624,-0.2,-0.33966484517137513,0.5314598683499002,31.4,10,0.33966484517137513,False,False,irrelevant
M. Morris Sr.,202694,202694_LAC22_PHI23,0,F/Wing,F,LAC,2022-23,PHI,2023-24,LAC 2022-23 → PHI 2023-24,Spot-up / off-ball,Spot-up / off-ball,SPOT_UP,SPOT_UP,668,208,0.089,0.028,0.004,0.002,-0.018,-0.009,Peripheral / replaceable wiring,Peripheral / replaceable wiring,-0.259,0.114,-0.373,NO,LAC,0.21341251247017,0.13439450865479075,-0.114,0.1383433411429404,0.30531458771775327,33.8,10,-0.1383433411429404,True,False,redundant
J. Landale,1629111,1629111_PHX22_HOU23,0,C,C,PHX,2022-23,HOU,2023-24,PHX 2022-23 → HOU 2023-24,PnR ball-handler / hub,PnR ball-handler / hub,PNR,PNR,344,188,0.045,0.024,0.021,0.003,0.008,-0.008,Peripheral / replaceable wiring,Peripheral / replaceable wiring,-0.469,-0.071,-0.397,NO,PHX,0.21341251247017,0.12353926812613769,0.071,-0.07945186535045867,0.31388600607659584,32.5,10,0.07945186535045867,True,True,additive
S. Milton,1629003,1629003_BKN24_LAL24,0,F,Forward,BKN,2024-25,LAL,2024-25,BKN 2024-25 → LAL 2024-25,Driving creator,PnR ball-handler / hub,DRIVE,PNR,162,95,0.023,0.013,0.001,0.001,-0.01,-0.01,Peripheral / replaceable wiring,Peripheral / replaceable wiring,-0.489,-0.075,-0.414,NO,BKN,0.21341251247017,0.08270431232015818,0.075,0.05084547519945593,0.45437748968204983,34.9,10,-0.05084547519945593,False,True,missed-need
D. Šarić,203967,203967_GSW23_DEN24,0,F/C,F-C,GSW,2023-24,DEN,2024-25,GSW 2023-24 → DEN 2024-25,Spot-up / off-ball,Spot-up / off-ball,SPOT_UP,SPOT_UP,405,54,0.053,0.007,0.003,0.003,-0.012,-0.008,Peripheral / replaceable wiring,Peripheral / replaceable wiring,-0.185,0.234,-0.418,NO,GSW,0.21341251247017,0.10501989729548683,-0.234,0.26735930966210664,0.5409163439005321,36.7,10,-0.26735930966210664,True,False,redundant
P. Reed,1630194,1630194_PHI23_DET24,0,F/Wing,F,PHI,2023-24,DET,2024-25,PHI 2023-24 → DET 2024-25,PnR ball-handler / hub,PnR ball-handler / hub,PNR,PNR,410,128,0.055,0.017,0.003,0.004,-0.011,-0.007,Peripheral / replaceable wiring,Peripheral / replaceable wiring,-0.329,0.109,-0.438,NO,PHI,-0.28447801078360974,0.049569527715483896,-0.109,-0.13236764440539317,0.6701545241687049,35.0,10,0.13236764440539317,False,False,irrelevant
K. Irving,202681,202681_BKN22_DAL22,0,G,Guard,BKN,2022-23,DAL,2022-23,BKN 2022-23 → DAL 2022-23,Pull-up scorer,Driving creator,PULL_UP,DRIVE,870,415,0.117,0.056,0.009,0.023,-0.022,0.009,Peripheral / replaceable wiring,Peripheral / replaceable wiring,-0.429,0.015,-0.444,NO,BKN,0.21341251247017,0.1667686460764513,-0.015,0.10920683135880493,0.5420227073929454,36.2,10,-0.10920683135880493,True,True,additive
B. Bogdanović,202711,202711_DET23_NYK23,0,G,Guard,DET,2023-24,NYK,2023-24,DET 2023-24 → NYK 2023-24,Spot-up / off-ball,Spot-up / off-ball,SPOT_UP,SPOT_UP,468,274,0.062,0.038,0.006,0.001,-0.01,-0.012,Peripheral / replaceable wiring,Peripheral / replaceable wiring,-0.591,-0.13,-0.461,NO,DET,-0.13884692361449666,0.07784351908560605,0.13,0.19495323727113784,0.48690585322200075,35.4,10,-0.19495323727113784,False,True,missed-need
E. Omoruyi,1630647,1630647_DET22_WAS23,0,F/Wing,F,DET,2022-23,WAS,2023-24,DET 2022-23 → WAS 2023-24,Spot-up / off-ball,Spot-up / off-ball,SPOT_UP,SPOT_UP,144,154,0.019,0.019,0.007,0.011,-0.005,-0.0,Peripheral / replaceable wiring,Peripheral / replaceable wiring,-0.393,0.071,-0.464,NO,DET,0.21341251247017,0.08713397479235457,-0.071,-0.019042946510021,0.641111373199469,32.6,10,0.019042946510021,False,False,irrelevant
K. Olynyk,203482,203482_TOR24_NOP24,0,F/C,Forward-Center,TOR,2024-25,NOP,2024-25,TOR 2024-25 → NOP 2024-25,PnR ball-handler / hub,Post hub,PNR,POST_UP,125,148,0.017,0.02,0.001,0.007,-0.01,-0.004,Peripheral / replaceable wiring,Peripheral / replaceable wiring,-0.174,0.292,-0.466,NO,TOR,-0.09059663319810685,0.03885657087510519,-0.292,0.26694840921825747,0.5105573622986592,35.0,10,-0.26694840921825747,False,False,irrelevant
M. Morris,202693,202693_BKN22_DAL23,0,F,Forward,BKN,2022-23,DAL,2023-24,BKN 2022-23 → DAL 2023-24,Spot-up / off-ball,Spot-up / off-ball,SPOT_UP,SPOT_UP,78,66,0.01,0.009,0.003,0.008,-0.008,-0.003,Peripheral / replaceable wiring,Peripheral / replaceable wiring,-0.134,0.359,-0.493,NO,BKN,0.21341251247017,0.07419662742786134,-0.359,0.3410665177506827,0.5768510754383109,30.4,10,-0.3410665177506827,False,False,irrelevant
S. Mykhailiuk,1629004,1629004_CHA22_BOS23,0,F/Wing,G-F,CHA,2022-23,BOS,2023-24,CHA 2022-23 → BOS 2023-24,Spot-up / off-ball,Spot-up / off-ball,SPOT_UP,SPOT_UP,164,134,0.021,0.018,0.003,0.002,-0.008,-0.009,Peripheral / replaceable wiring,Peripheral / replaceable wiring,-0.719,-0.217,-0.502,NO,CHA,0.21341251247017,0.08521940849031917,0.217,0.017997313903696237,0.6547694749520063,35.7,10,-0.017997313903696237,False,True,missed-need
T. Harris,202699,202699_PHI23_DET24,0,F/Wing,F,PHI,2023-24,DET,2024-25,PHI 2023-24 → DET 2024-25,PnR ball-handler / hub,Spot-up / off-ball,PNR,SPOT_UP,968,752,0.129,0.102,0.011,0.023,-0.025,-0.003,Peripheral / replaceable wiring,Peripheral / replaceable wiring,-0.329,0.195,-0.523,NO,PHI,-0.2522287990956029,0.12731932317739547,-0.195,-0.02377413036686325,0.5193105862453767,35.0,10,0.02377413036686325,True,False,redundant
S. Bey,1630180,1630180_DET22_ATL22,0,F,Guard-Forward,DET,2022-23,ATL,2022-23,DET 2022-23 → ATL 2022-23,Spot-up / off-ball,Spot-up / off-ball,SPOT_UP,SPOT_UP,658,212,0.086,0.027,0.007,0.002,-0.015,-0.01,Peripheral / replaceable wiring,Peripheral / replaceable wiring,-0.658,-0.125,-0.534,NO,DET,0.21341251247017,0.13851791027214944,0.125,-0.03847942461155241,0.46980253533701516,36.4,10,0.03847942461155241,True,True,additive
T. Jones,1626145,1626145_MEM22_WAS23,0,G,G,MEM,2022-23,WAS,2023-24,MEM 2022-23 → WAS 2023-24,Driving creator,Driving creator,DRIVE,DRIVE,775,681,0.099,0.086,0.008,0.117,-0.017,0.096,Peripheral / replaceable wiring,Standard role occupant,-0.554,-0.009,-0.545,NO,MEM,0.21341251247017,0.1504623488592235,0.009,0.11912707647903412,0.5456439871586677,32.6,10,-0.11912707647903412,True,True,additive
P. Washington,1629023,1629023_CHA23_DAL23,0,F,Forward,CHA,2023-24,DAL,2023-24,CHA 2023-24 → DAL 2023-24,Spot-up / off-ball,Spot-up / off-ball,SPOT_UP,SPOT_UP,534,302,0.072,0.04,0.004,0.005,-0.013,-0.008,Peripheral / replaceable wiring,Peripheral / replaceable wiring,-0.294,0.259,-0.553,NO,CHA,0.8607562864685072,0.2162082188202356,-0.259,0.2651983760053144,0.8760452883195484,35.0,10,-0.2651983760053144,True,False,redundant
J. Okogie,1629006,1629006_PHX24_CHA24,0,G,Guard,PHX,2024-25,CHA,2024-25,PHX 2024-25 → CHA 2024-25,Spot-up / off-ball,Driving creator,SPOT_UP,DRIVE,109,117,0.015,0.016,0.004,0.008,-0.007,-0.003,Peripheral / replaceable wiring,Peripheral / replaceable wiring,-0.096,0.529,-0.625,NO,PHX,0.11856189975166516,0.0666197902262608,-0.529,-0.3189719605393467,0.33888468167601404,34.2,10,0.3189719605393467,False,False,irrelevant
C. Joseph,202709,202709_DET22_GSW23,0,G,G,DET,2022-23,GSW,2023-24,DET 2022-23 → GSW 2023-24,Spot-up / off-ball,Spot-up / off-ball,SPOT_UP,SPOT_UP,347,59,0.045,0.008,0.002,0.004,-0.011,-0.008,Peripheral / replaceable wiring,Peripheral / replaceable wiring,-0.839,-0.138,-0.702,NO,DET,0.21341251247017,0.10057419975378301,0.138,-0.20776495169748307,0.24177885364258045,32.7,10,0.20776495169748307,False,True,missed-need
D. Wright,1626153,1626153_WAS23_MIA23,0,G,Guard,WAS,2023-24,MIA,2023-24,WAS 2023-24 → MIA 2023-24,Driving creator,Driving creator,DRIVE,DRIVE,124,66,0.016,0.009,0.03,0.002,0.019,-0.009,Peripheral / replaceable wiring,Peripheral / replaceable wiring,-0.66,0.053,-0.714,NO,WAS,-0.3248918713387366,0.06247036704824893,-0.053,0.19373560861775327,0.7229088981638695,34.0,10,-0.19373560861775327,False,False,irrelevant
K. Durant,201142,201142_BKN22_PHX22,0,F,Forward,BKN,2022-23,PHX,2022-23,BKN 2022-23 → PHX 2022-23,Post hub,Post hub,POST_UP,POST_UP,856,146,0.115,0.019,0.019,0.011,-0.011,-0.0,Peripheral / replaceable wiring,Peripheral / replaceable wiring,-0.517,0.245,-0.762,NO,BKN,0.21341251247017,0.17865255445358874,-0.245,0.24818866879311907,0.5979073206281137,34.6,10,-0.24818866879311907,True,False,redundant
L. Shamet,1629013,1629013_PHX22_WAS23,0,G,G,PHX,2022-23,WAS,2023-24,PHX 2022-23 → WAS 2023-24,Spot-up / off-ball,Spot-up / off-ball,SPOT_UP,SPOT_UP,321,297,0.042,0.037,0.009,0.05,-0.004,0.037,Peripheral / replaceable wiring,Standard role occupant,-0.189,0.582,-0.771,NO,PHX,0.21341251247017,0.1046911838598108,-0.582,0.37425537694088196,0.9248559578680938,30.1,10,-0.37425537694088196,True,False,redundant
M. Bamba,1628964,1628964_PHI23_LAC24,0,C,C,PHI,2023-24,LAC,2024-25,PHI 2023-24 → LAC 2024-25,Spot-up / off-ball,Spot-up / off-ball,SPOT_UP,SPOT_UP,163,83,0.022,0.012,0.005,0.002,-0.006,-0.009,Peripheral / replaceable wiring,Peripheral / replaceable wiring,-0.688,0.093,-0.781,NO,PHI,0.21341251247017,0.08818207214809193,-0.093,0.0006509029765976953,0.3332006855158963,32.6,10,-0.0006509029765976953,False,False,irrelevant
R. Westbrook,201566,201566_LAL22_LAC22,0,G,Guard,LAL,2022-23,LAC,2022-23,LAL 2022-23 → LAC 2022-23,Driving creator,Driving creator,DRIVE,DRIVE,770,266,0.098,0.035,0.003,0.002,-0.021,-0.01,Peripheral / replaceable wiring,Peripheral / replaceable wiring,-0.457,0.594,-1.052,NO,LAL,0.21341251247017,0.1425584878319947,-0.594,0.17000592985335566,0.8603300487605242,34.6,10,-0.17000592985335566,True,False,redundant
J. Toscano-Anderson,1629308,1629308_LAL22_UTA22,0,F,Forward,LAL,2022-23,UTA,2022-23,LAL 2022-23 → UTA 2022-23,Driving creator,Driving creator,DRIVE,DRIVE,75,81,0.01,0.01,0.001,0.002,-0.011,-0.009,Peripheral / replaceable wiring,Peripheral / replaceable wiring,-0.87,0.354,-1.224,NO,LAL,0.21341251247017,0.07722727893260894,-0.354,0.07673856020936748,0.8222449758880594,34.4,10,-0.07673856020936748,False,False,irrelevant
